Reporter,Year,Sector,Subsector,Primary NAICS Code,NAICS Definition,Parent Company,City,County,Jurisdiction,Reported Emissions (MTCO2e),Biogenic Carbon Dioxide (MTCO2e),Carbon Dioxide (MTCO2e),Methane (MTCO2e),Nitrous Oxide (MTCO2e),HFCs (MTCO2e),PFCs (MTCO2e),Sulfur Hexafluoride (MTCO2e),Fluorinated - Other (MTCO2e),Notes,Point Size,Location,Covered Emissions (MT CO2e),CCA Status,Georeferenced Location
Northwest Hardwoods Inc. - Centralia,2022,Wood Products,Lumber Mills,321113.0,Sawmills,Littlejohn & Co. LLC,Centralia,Lewis,Southwest Clean Air Agency,12065.0,7893.0,4063.0,17.0,93.0,0.0,0.0,0.0,0.0,,1.0,"46.734454, -122.991963",,,POINT (-122.991963 46.734454)
Seattle-Tacoma International Airport - Seattle,2021,Government,Other Government,488119.0,Other Airport Operations,Port of Seattle,Seattle,King,Puget Sound Clean Air Agency,14978.0,0.0,14963.0,7.0,9.0,0.0,0.0,0.0,0.0,,1.0,"47.443643, -122.302452",,,POINT (-122.302452 47.443643)
Avista Corporation - supplier,2018,Supplier,Natural Gas Supplier,,,Avista Corporation,Spokane,Spokane,,1044525.0,0.0,1043447.0,492.0,586.0,0.0,0.0,0.0,0.0,,,,,,
Avista - EPE - Spokane,2022,Power,IOU,,,Avista Corporation,Spokane,Spokane,,2259628.0,,,,,,,,,,,,,,
Public Utility District No. 1 of Grays Harbor County - Aberdeen,2022,Power,COU,2211.0,"Electric Power Generation, Transmission and Distribution",Public Utility District No. 1 of Grays Harbor County,Aberdeen,Grays Harbor,,29078.0,,,,,,,,,,,,,,
PUD No 1 of Chelan County - Wenatchee,2023,Power,COU,221118.0,Other Electric Power Generation,PUD No 1 of Chelan County,Wenatchee,Chelan,,1407.0,,,,,,,,,,,,,Reporter,
Seattle City Light - Seattle,2023,Power,COU,221122.0,Electric Power Distribution,"The City of Seattle, City Light Department",Seattle,King,,268791.0,,,,,,,,,,,,194361.0,Covered Entity,
Shell Energy North America US LP,2022,Power,Marketer,221122.0,Electric Power Distribution,"Shell USA, Inc.",San Diego,San Diego,,384753.0,,,,,,,,,,,,,,
"The Energy Authority, Inc. - Jacksonville",2023,Power,Marketer,221122.0,Electric Power Distribution,"The Energy Authority, Inc.",Jacksonville,Duval,,19058.0,,,,,,,,,,,,,Reporter,
Public Utility No. 1 of Franklin County - Pasco,2022,Power,COU,2211.0,"Electric Power Generation, Transmission and Distribution",Public Utility No. 1 of Franklin County,Pasco,Franklin,,30875.0,,,,,,,,,,,,,,
Public Utility District No.1 of Cowlitz County,2023,Power,COU,2211.0,"Electric Power Generation, Transmission and Distribution",Public Utility District No.1 of Cowlitz County,Longview,Cowlitz,,88481.0,,,,,,,,,,,,88481.0,Covered Entity,
Avangrid Renewables LLC - Portland,2023,Power,Electrical Transmission and Distribution,221118.0,Other Electric Power Generation,"Avangrid, INC",Portland,Multnomah,,108329.0,,,,,,,,,,,,105755.0,Covered Entity,
Cheyne Landfill - Zillah,2013,Waste,Landfills,562212.0,Solid Waste Landfill,Yakima County Public Services,Zillah,Yakima,Yakima Regional Clean Air Agency,31807.0,0.0,0.0,31807.0,0.0,0.0,0.0,0.0,0.0,,2.0,"46.4785, -120.2688",,,POINT (-120.2688 46.4785)
Goodrich Corporation - Spokane,2019,Manufacturing,Transportation Industry,336413.0,Other Aircraft Parts and Auxiliary Equipment Manufacturing,Raytheon Technologies Corp,Spokane,Spokane,Spokane Regional Clean Air Agency,52018.0,0.0,51957.0,26.0,35.0,0.0,0.0,0.0,0.0,,2.0,"47.583604, -117.568511",,,POINT (-117.568511 47.583604)
Puget Sound Energy - Ferndale Generating Station - Ferndale,2013,Power Plants,Natural Gas Turbine Plants,221112.0,Fossil Fuel Electric Power Generation,Puget Holdings LLC,Ferndale,Whatcom,Northwest Clean Air Agency,395314.0,0.0,394913.0,183.0,218.0,0.0,0.0,0.0,0.0,,3.0,"48.828707, -122.685533",,,POINT (-122.685533 48.828707)
Kettle Falls Generating Station - Kettle Falls,2015,Power Plants,"Other Power, Heating, or Cooling Plants",221117.0,Biomass Electric Power Generation,Avista Corp.,Kettle Falls,Stevens,Ecology: Eastern Regional Office,439432.0,424990.0,2998.0,6582.0,4862.0,0.0,0.0,0.0,0.0,,3.0,"48.620335, -118.110841",,,POINT (-118.110841 48.620335)
Matheson - Anacortes,2018,Petroleum Systems,Other Petroleum Systems,325120.0,Industrial Gas Manufacturing,Linde Gas North America LLC,Anacortes,Skagit,Northwest Clean Air Agency,61179.0,0.0,61179.0,0.0,0.0,0.0,0.0,0.0,0.0,,2.0,"48.467646, -122.554343",,,POINT (-122.554343 48.467646)
Northwest Pipeline C/S - Goldendale,2017,Natural Gas Systems,Natural Gas Transmission/Compression,486210.0,Pipeline Transportation of Natural Gas,"The Williams Companies, Inc.",Goldendale,Klickitat,Ecology: Central Regional Office,19062.0,0.0,16650.0,2403.0,9.0,0.0,0.0,0.0,0.0,,1.0,"45.771216, -120.799267",,,POINT (-120.799267 45.771216)
Sierra Pacific Industries - Burlington - Mount Vernon,2020,Wood Products,Lumber Mills,321113.0,Sawmills,Sierra Pacific Industries,Mount Vernon,Skagit,Northwest Clean Air Agency,218424.0,202899.0,12803.0,395.0,2328.0,0.0,0.0,0.0,0.0,,3.0,"48.448553, -122.434613",,,POINT (-122.434613 48.448553)
Hampton Lumber Mills Washington Inc. - Morton,2014,Wood Products,Lumber Mills,321113.0,Sawmills,Hampton Lumber Mills Washington Inc.,Morton,Lewis,Southwest Clean Air Agency,28827.0,28447.0,0.0,55.0,325.0,0.0,0.0,0.0,0.0,,2.0,"46.565997, -122.269573",,,POINT (-122.269573 46.565997)
Port Townsend Paper Corporation - Port Townsend,2020,Pulp and Paper,Kraft Mills,322121.0,Paper (except Newsprint) Mills,Port Townsend Paper Corp.,Port Townsend,Jefferson,Ecology: Industrial Section,587700.0,502134.0,80320.0,2513.0,2733.0,0.0,0.0,0.0,0.0,,3.0,"48.093793, -122.796806",,,POINT (-122.796806 48.093793)
Keyes Fibre Corporation - Wenatchee,2016,Pulp and Paper,Other Pulp and Paper,322299.0,All Other Converted Paper Product Manufacturing,Tekni-Plex Wenatchee Fiber Consumer Porducts,Wenatchee,Chelan,Ecology: Central Regional Office,18426.0,0.0,18407.0,9.0,10.0,0.0,0.0,0.0,0.0,,1.0,"47.485987, -120.316363",,,POINT (-120.316363 47.485987)
Avista Corporation - WA State DOE Reporting - statewide,2018,Natural Gas Systems,Natural Gas Local Distribution Companies,221121.0,Electric Bulk Power Transmission and Control,Avista Corp.,Spokane,Spokane,Spokane Regional Clean Air Agency,8421.0,0.0,0.0,0.0,0.0,0.0,0.0,8421.0,0.0,,1.0,"47.673486, -117.388514",,,POINT (-117.388514 47.673486)
"Rainier Veneer, Inc. - Spanaway",2020,Wood Products,Other Wood Products,321212.0,Softwood Veneer and Plywood Manufacturing,Rainier Veneer Inc.,Spanaway,Pierce,Puget Sound Clean Air Agency,15835.0,12800.0,2861.0,26.0,148.0,0.0,0.0,0.0,0.0,,1.0,"47.062059, -122.318981",,,POINT (-122.318981 47.062059)
Kiva United Energy - San Joaquin,2022,Supplier,Other Fuel Supplier,424720.0,Petroleum and Petroleum Products Merchant Wholesalers (except Bulk Stations and Terminals),Kiva United Energy,Manteca,San Joaquin,,59838.0,0.0,59598.0,71.0,169.0,0.0,0.0,0.0,0.0,,,,,,
Darigold - Lynden,2018,Food Production,Dairy Products,311514.0,"Dry, Condensed, and Evaporated Dairy Product Manufacturing",Darigold Inc.,Lynden,Whatcom,Northwest Clean Air Agency,17919.0,0.0,17901.0,9.0,10.0,0.0,0.0,0.0,0.0,,1.0,"48.947567, -122.451915",,,POINT (-122.451915 48.947567)
Hidden Valley Landfill - Puyallup,2021,Waste,Landfills,562212.0,Solid Waste Landfill,Waste Connections US Inc.,Puyallup,Pierce,Puget Sound Clean Air Agency,5080.0,0.0,0.0,5080.0,0.0,0.0,0.0,0.0,0.0,Voluntary reporter.,1.0,"47.095, -122.2878",,,POINT (-122.2878 47.095)
Northwest Pipeline Willard C/S - Cook,2017,Natural Gas Systems,Natural Gas Transmission/Compression,486210.0,Pipeline Transportation of Natural Gas,"The Williams Companies, Inc.",Cook,Skamania,Southwest Clean Air Agency,9287.0,0.0,7707.0,1575.0,4.0,0.0,0.0,0.0,0.0,,1.0,"45.778087, -121.626311",,,POINT (-121.626311 45.778087)
Darigold - Chehalis,2018,Food Production,Dairy Products,311514.0,"Dry, Condensed, and Evaporated Dairy Product Manufacturing",Darigold Inc.,Chehalis,Lewis,Southwest Clean Air Agency,12871.0,0.0,12857.0,6.0,7.0,0.0,0.0,0.0,0.0,,1.0,"46.659952, -122.970162",,,POINT (-122.970162 46.659952)
Georgia-Pacific Consumer Operations LLC - Camas,2013,Pulp and Paper,Kraft Mills,322120.0,Paper Mills,Koch Industries Inc.,Camas,Clark,Ecology: Industrial Section,675348.0,535823.0,129412.0,8093.0,2020.0,0.0,0.0,0.0,0.0,Assigned Emissions Level,3.0,"45.584271, -122.40843",,,POINT (-122.40843 45.584271)
"Interfor US, Inc. - Port Angeles",2018,Wood Products,Lumber Mills,321113.0,Sawmills,Interfor US Inc.,Port Angeles,Clallam,Olympic Region Clean Air Agency,35595.0,35126.0,0.0,68.0,402.0,0.0,0.0,0.0,0.0,,2.0,"48.103425, -123.518642",,,POINT (-123.518642 48.103425)
Lamb Weston - Warden,2022,Food Production,Potato Products,311411.0,"Frozen Fruit, Juice, and Vegetable Manufacturing","Lamb Weston, Inc.",Warden,Grant,Ecology: Eastern Regional Office,15390.0,0.0,15374.0,7.0,9.0,0.0,0.0,0.0,0.0,,1.0,"46.971504, -119.055427",,,POINT (-119.055427 46.971504)
Tree Top - Selah Campus,2021,Food Production,Fruit Products,311423.0,Dried and Dehydrated Food Manufacturing,Tree Top Inc.,Selah,Yakima,Yakima Regional Clean Air Agency,15073.0,0.0,15058.0,7.0,8.0,0.0,0.0,0.0,0.0,,1.0,"46.64992, -120.52755",,,POINT (-120.52755 46.64992)
Fairchild AFB - Spokane Co.,2019,Government,National Security,928110.0,National Security,US Government,Fairchild Air Force Base,Spokane,Spokane Regional Clean Air Agency,13366.0,0.0,13352.0,6.0,7.0,0.0,0.0,0.0,0.0,,1.0,"47.641332, -117.644832",,,POINT (-117.644832 47.641332)
McKinley Paper Co. - Washington Mill - Port Angeles,2021,Pulp and Paper,Other Pulp and Paper,322121.0,Paper (except Newsprint) Mills,McKinley Paper Co.,Port Angeles,Clallam,Olympic Region Clean Air Agency,160996.0,154551.0,525.0,4152.0,1769.0,0.0,0.0,0.0,0.0,,3.0,"48.134623, -123.467524",,,POINT (-123.467524 48.134623)
"Solvay Chemicals, Inc. - Longview",2019,Chemicals,Other Chemicals,325180.0,Other Basic Inorganic Chemical Manufacturing,Solvay Chemicals Inc.,Longview,Cowlitz,Southwest Clean Air Agency,56448.0,0.0,56448.0,0.0,0.0,0.0,0.0,0.0,0.0,,2.0,"46.137218, -122.982847",,,POINT (-122.982847 46.137218)
Lamb Weston - Pasco,2021,Food Production,Potato Products,311411.0,"Frozen Fruit, Juice, and Vegetable Manufacturing","Lamb Weston, Inc.",Pasco,Franklin,Ecology: Eastern Regional Office,40297.0,0.0,40255.0,19.0,23.0,0.0,0.0,0.0,0.0,,2.0,"46.288137, -119.115336",,,POINT (-119.115336 46.288137)
ExxonMobil Oil Corporation,2022,Supplier,Other Fuel Supplier,424710.0,Petroleum Bulk Stations and Terminals,ExxonMobil Oil Corporation,Houston,Harris,,1243182.0,61026.0,1164698.0,1434.0,16025.0,0.0,0.0,0.0,0.0,,,,,,
Wilson Oil Inc,2022,Supplier,Other Fuel Supplier,424720.0,Petroleum and Petroleum Products Merchant Wholesalers (except Bulk Stations and Terminals),Wilson Oil Inc,Longview,Cowlitz,,469691.0,20260.0,444019.0,452.0,4960.0,0.0,0.0,0.0,0.0,,,,,,
Alon Asphalt Company - Seattle,2014,Petroleum Systems,Other Petroleum Systems,424710.0,Petroleum Bulk Stations and Terminals,Delek US Holdings Inc.,Seattle,King,Puget Sound Clean Air Agency,16004.0,0.0,15976.0,19.0,9.0,0.0,0.0,0.0,0.0,,1.0,"47.781642, -122.395299",,,POINT (-122.395299 47.781642)
NW Natural - supplier,2019,Supplier,Natural Gas Supplier,221210.0,Natural Gas Distribution,,Portland,Multnomah,,499057.0,0.0,498545.0,234.0,279.0,0.0,0.0,0.0,0.0,,,,,,
NGL Energy Partners LP,2022,Supplier,Other Fuel Supplier,424720.0,Petroleum and Petroleum Products Merchant Wholesalers (except Bulk Stations and Terminals),NGL Energy Partners LP,Tulsa,Tulsa,,200597.0,0.0,199792.0,238.0,567.0,0.0,0.0,0.0,0.0,,,,,,
Puget Sound Energy - Jackson Prairie Gas Storage - Chehalis,2020,Natural Gas Systems,Natural Gas Storage,486210.0,Pipeline Transportation of Natural Gas,Puget Holdings LLC,Chehalis,Lewis,Southwest Clean Air Agency,12311.0,0.0,9744.0,2562.0,5.0,0.0,0.0,0.0,0.0,,1.0,"46.53461, -122.838569",,,POINT (-122.838569 46.53461)
Xpress Natural Gas: SATSOP,2023,Supplier,Natural Gas Supplier,221210.0,Natural Gas Distribution,Xpress Natural Gas,Elma,Grays Harbor,,45474.0,0.0,45427.0,22.0,26.0,0.0,0.0,0.0,0.0,,,,,Reporter,
Inland Empire Paper Company - Spokane,2021,Pulp and Paper,Other Pulp and Paper,322122.0,Newsprint Mills,Cowles Publishing Co.,Spokane,Spokane,Spokane Regional Clean Air Agency,34507.0,17701.0,16553.0,42.0,212.0,0.0,0.0,0.0,0.0,,2.0,"47.688295, -117.279323",,,POINT (-117.279323 47.688295)
Sierra Pacific Industries - Aberdeen,2017,Wood Products,Lumber Mills,321113.0,Sawmills,Sierra Pacific Industries,Aberdeen,Grays Harbor,Olympic Region Clean Air Agency,246387.0,242554.0,593.0,466.0,2774.0,0.0,0.0,0.0,0.0,,3.0,"46.971875, -123.775526",,,POINT (-123.775526 46.971875)
Naval Base Kitsap Bangor - Silverdale,2014,Government,National Security,928110.0,National Security,US Government,Silverdale,Kitsap,Puget Sound Clean Air Agency,20940.0,0.0,20915.0,10.0,14.0,0.0,0.0,0.0,0.0,,1.0,"47.699284, -122.696926",,,POINT (-122.696926 47.699284)
University of Washington Seattle Campus - Seattle,2019,Government,Education,611310.0,"Colleges, Universities, and Professional Schools",State of Washington,Seattle,King,Puget Sound Clean Air Agency,92272.0,0.0,92177.0,44.0,52.0,0.0,0.0,0.0,0.0,,2.0,"47.653614, -122.303608",,,POINT (-122.303608 47.653614)
"Emerald City Renewables, LLC- Graham",2021,Power Plants,"Other Power, Heating, or Cooling Plants",221117.0,Biomass Electric Power Generation,Emerald City Renewables LLC,Graham,Pierce,Puget Sound Clean Air Agency,15900.0,15819.0,0.0,24.0,57.0,0.0,0.0,0.0,0.0,,1.0,"46.975533, -122.290871",,,POINT (-122.290871 46.975533)
Weyerhaeuser Raymond Lumber - Raymond,2014,Wood Products,Lumber Mills,321113.0,Sawmills,Weyerhaeuser Co.,Raymond,Pacific,Olympic Region Clean Air Agency,41976.0,41423.0,0.0,80.0,474.0,0.0,0.0,0.0,0.0,,2.0,"46.688088, -123.737495",,,POINT (-123.737495 46.688088)
Puget Sound Energy - Goldendale Generating Station - Goldendale,2021,Power Plants,Natural Gas Turbine Plants,221112.0,Fossil Fuel Electric Power Generation,Puget Holdings LLC,Goldendale,Klickitat,Ecology: Central Regional Office,745016.0,0.0,744259.0,345.0,411.0,0.0,0.0,0.0,0.0,,3.0,"45.8114, -120.833",,,POINT (-120.833 45.8114)
SDS Lumber Company - Bingen,2012,Wood Products,Lumber Mills,321113.0,Sawmills,SDS Lumber Company,Bingen,Klickitat,Ecology: Central Regional Office,89927.0,87886.0,119.0,750.0,1173.0,0.0,0.0,0.0,0.0,,2.0,"45.713913, -121.468688",,,POINT (-121.468688 45.713913)
Northwest Pipeline C/S - Snohomish,2017,Natural Gas Systems,Natural Gas Transmission/Compression,486210.0,Pipeline Transportation of Natural Gas,"The Williams Companies, Inc.",Snohomish,Snohomish,Puget Sound Clean Air Agency,51798.0,0.0,51068.0,701.0,29.0,0.0,0.0,0.0,0.0,,2.0,"47.78825, -122.05859",,,POINT (-122.05859 47.78825)
Hidden Valley Landfill - Puyallup,2020,Waste,Landfills,562212.0,Solid Waste Landfill,Waste Connections US Inc.,Puyallup,Pierce,Puget Sound Clean Air Agency,4956.0,0.0,0.0,4956.0,0.0,0.0,0.0,0.0,0.0,Voluntary reporter.,1.0,"47.095, -122.2878",,,POINT (-122.2878 47.095)
Northwest Pipeline C/S - Goldendale,2012,Natural Gas Systems,Natural Gas Transmission/Compression,486210.0,Pipeline Transportation of Natural Gas,"The Williams Companies, Inc.",Goldendale,Klickitat,Ecology: Central Regional Office,26752.0,0.0,21905.0,4835.0,12.0,0.0,0.0,0.0,0.0,,2.0,"45.771216, -120.799267",,,POINT (-120.799267 45.771216)
WestRock LLC - Longview,2018,Pulp and Paper,Kraft Mills,322130.0,Paperboard Mills,Westrock Corp.,Longview,Cowlitz,Ecology: Industrial Section,1551719.0,1393499.0,151529.0,1301.0,5391.0,0.0,0.0,0.0,0.0,,4.0,"46.10361, -122.92167",,,POINT (-122.92167 46.10361)
Western Washington University - Bellingham,2016,Government,Education,611310.0,"Colleges, Universities, and Professional Schools",Western Washington University,Bellingham,Whatcom,Northwest Clean Air Agency,9918.0,0.0,9908.0,5.0,6.0,0.0,0.0,0.0,0.0,,1.0,"48.736499, -122.484714",,,POINT (-122.484714 48.736499)
Goodrich Corporation - Spokane,2020,Manufacturing,Transportation Industry,336413.0,Other Aircraft Parts and Auxiliary Equipment Manufacturing,Raytheon Technologies Corp,Spokane,Spokane,Spokane Regional Clean Air Agency,26209.0,0.0,26178.0,13.0,18.0,0.0,0.0,0.0,0.0,,2.0,"47.583604, -117.568511",,,POINT (-117.568511 47.583604)
Tree Top - Wenatchee,2016,Food Production,Fruit Products,311423.0,Dried and Dehydrated Food Manufacturing,Tree Top Inc.,Wenatchee,Chelan,Ecology: Central Regional Office,8449.0,0.0,8440.0,4.0,5.0,0.0,0.0,0.0,0.0,,1.0,"47.48938, -120.31426",,,POINT (-120.31426 47.48938)
Frito Lay - Vancouver,2020,Food Production,Other Food Products,311919.0,Other Snack Food Manufacturing,PepsiCo Inc,Vancouver,Clark,Southwest Clean Air Agency,13787.0,0.0,13773.0,7.0,8.0,0.0,0.0,0.0,0.0,,1.0,"45.657037, -122.692",,,POINT (-122.692 45.657037)
Cardinal FG Company - Winlock,2012,Minerals,Glass Production,327211.0,Flat Glass Manufacturing,Cardinal Glass Industries Inc.,Winlock,Lewis,Southwest Clean Air Agency,92356.0,0.0,92289.0,31.0,36.0,0.0,0.0,0.0,0.0,,2.0,"46.544937, -122.926313",,,POINT (-122.926313 46.544937)
Steelscape - Kalama,2014,Metals,Other Metals,331221.0,Rolled Steel Shape Manufacturing,NS BlueScope USA LLC,Kalama,Cowlitz,Southwest Clean Air Agency,22435.0,0.0,22412.0,11.0,13.0,0.0,0.0,0.0,0.0,,1.0,"46.04326, -122.871703",,,POINT (-122.871703 46.04326)
Cowlitz County Headquarters Landfill - Castle Rock,2023,Waste,Landfills,562212.0,Solid Waste Landfill,Cowlitz County,Castle Rock,Cowlitz,Southwest Clean Air Agency,332807.0,15159.0,0.0,317594.0,55.0,0.0,0.0,0.0,0.0,Emissions under review.,3.0,"46.246902, -122.772284",,Reporter,POINT (-122.772284 46.246902)
Grant County Landfill 1 - Ephrata,2017,Waste,Landfills,562212.0,Solid Waste Landfill,Grant County Washington,Ephrata,Grant,Ecology: Eastern Regional Office,44881.0,0.0,0.0,44881.0,0.0,0.0,0.0,0.0,0.0,,2.0,"47.270759, -119.573764",,,POINT (-119.573764 47.270759)
Eastern Washington University,2022,Government,Education,611310.0,"Colleges, Universities, and Professional Schools",State of Washington,Cheney,Spokane,Spokane Regional Clean Air Agency,13884.0,0.0,13870.0,7.0,8.0,0.0,0.0,0.0,0.0,,1.0,"47.490091, -117.579702",,,POINT (-117.579702 47.490091)
King County Solid Waste Cedar Hills Landfill - Maple Valley,2022,Waste,Landfills,562212.0,Solid Waste Landfill,King County Solid Waste Division,Maple Valley,King,Puget Sound Clean Air Agency,246269.0,12935.0,248.0,233039.0,47.0,0.0,0.0,0.0,0.0,Emissions under review.,3.0,"47.462625, -122.046025",,,POINT (-122.046025 47.462625)
U.S. Oil & Refining Co. - Tacoma,2015,Petroleum Systems,Petroleum Refineries,324110.0,Petroleum Refineries,Par Pacific Holdings Inc.,Tacoma,Pierce,Puget Sound Clean Air Agency,139259.0,0.0,137379.0,1425.0,455.0,0.0,0.0,0.0,0.0,,3.0,"47.256813, -122.394952",,,POINT (-122.394952 47.256813)
REC Solar Grade Silicon - Moses Lake,2020,Metals,Other Metals,331410.0,Primary Smelting and Refining of Nonferrous Metal (except Copper and Aluminum),REC Silicon,Moses Lake,Grant,Ecology: Eastern Regional Office,0.0,0.0,0.0,0.0,0.0,0.0,0.0,0.0,0.0,Curtailed in mid 2019. No emissions in 2020.,1.0,"47.138359, -119.200383",,,POINT (-119.200383 47.138359)
DH Feeders - Eltopia,2023,Livestock,Cattle Feedlots,112112.0,Cattle Feedlots,Easterday Ranches,Eltopia,Franklin,Ecology: Eastern Regional Office,15999.0,0.0,1333.0,1150.0,13516.0,0.0,0.0,0.0,0.0,Voluntary reporter.  Manure management reporting repealed by Legislature.,1.0,"46.50919, -118.881203",,Reporter,POINT (-118.881203 46.50919)
Ponderay Industries - Usk,2020,Pulp and Paper,Other Pulp and Paper,322122.0,Newsprint Mills,Ponderay Industries,Usk,Pend Oreille,Ecology: Eastern Regional Office,27486.0,24043.0,3109.0,50.0,284.0,0.0,0.0,0.0,0.0,Facility closed June 2020.,2.0,"48.289771, -117.271359",,,POINT (-117.271359 48.289771)
Cowlitz County Tennant Way Landfill - Longview,2012,Waste,Landfills,562212.0,Solid Waste Landfill,Cowlitz County Washington,Longview,Cowlitz,Southwest Clean Air Agency,18322.0,0.0,0.0,18322.0,0.0,0.0,0.0,0.0,0.0,,1.0,"46.107229, -122.905601",,,POINT (-122.905601 46.107229)
Puget Sound Energy - Frederickson Generating Station - Tacoma,2013,Power Plants,Natural Gas Turbine Plants,221112.0,Fossil Fuel Electric Power Generation,Puget Holdings LLC,Tacoma,Pierce,Puget Sound Clean Air Agency,34538.0,0.0,34504.0,16.0,18.0,0.0,0.0,0.0,0.0,,2.0,"47.079716, -122.364711",,,POINT (-122.364711 47.079716)
Georgia-Pacific Gypsum LLC - Tacoma,2022,Manufacturing,Building Products,327420.0,Gypsum Product Manufacturing,Koch Industries Inc.,Tacoma,Pierce,Puget Sound Clean Air Agency,49915.0,0.0,49864.0,24.0,28.0,0.0,0.0,0.0,0.0,,2.0,"47.269558, -122.394869",,,POINT (-122.394869 47.269558)
Tree Top - Selah Campus,2016,Food Production,Fruit Products,311423.0,Dried and Dehydrated Food Manufacturing,Tree Top Inc.,Selah,Yakima,Yakima Regional Clean Air Agency,18185.0,0.0,18166.0,9.0,10.0,0.0,0.0,0.0,0.0,,1.0,"46.64992, -120.52755",,,POINT (-120.52755 46.64992)
Imerys Minerals Quincy Plant - Quincy,2012,Minerals,Other Minerals,212399.0,All Other Nonmetallic Mineral Mining,Imerys Filtration Minerals Inc.,Quincy,Grant,Ecology: Eastern Regional Office,22288.0,0.0,22265.0,11.0,13.0,0.0,0.0,0.0,0.0,,1.0,"47.239948, -119.838831",,,POINT (-119.838831 47.239948)
Milne Fruit Products - Prosser,2017,Food Production,Fruit Products,311411.0,"Frozen Fruit, Juice, and Vegetable Manufacturing",Milne Fruit Products,Prosser,Benton,Benton Clean Air Agency,12335.0,0.0,12322.0,6.0,7.0,0.0,0.0,0.0,0.0,First year reporting.,1.0,"46.202562, -119.775527",,,POINT (-119.775527 46.202562)
Pasco Processing LLC - Pasco,2018,Food Production,Other Food Products,311991.0,Perishable Prepared Food Manufacturing,Oregon Potato Co.,Pasco,Franklin,Ecology: Eastern Regional Office,11501.0,0.0,11489.0,6.0,7.0,0.0,0.0,0.0,0.0,,1.0,"46.28274, -119.097528",,,POINT (-119.097528 46.28274)
Lamb Weston - Connell,2020,Food Production,Potato Products,311411.0,"Frozen Fruit, Juice, and Vegetable Manufacturing","Lamb Weston, Inc.",Connell,Franklin,Ecology: Eastern Regional Office,28419.0,0.0,28390.0,14.0,16.0,0.0,0.0,0.0,0.0,,2.0,"46.651389, -118.871944",,,POINT (-118.871944 46.651389)
Northwest Hardwoods Inc. - Mount Vernon,2014,Wood Products,Lumber Mills,321113.0,Sawmills,Littlejohn & Co. LLC,Mount Vernon,Skagit,Northwest Clean Air Agency,12739.0,8800.0,3818.0,19.0,103.0,0.0,0.0,0.0,0.0,,1.0,"48.451642, -122.443028",,,POINT (-122.443028 48.451642)
Sierra Pacific Industries - Aberdeen,2012,Wood Products,Lumber Mills,321113.0,Sawmills,Sierra Pacific Industries,Aberdeen,Grays Harbor,Olympic Region Clean Air Agency,241205.0,234002.0,2083.0,1997.0,3124.0,0.0,0.0,0.0,0.0,,3.0,"46.971875, -123.775526",,,POINT (-123.775526 46.971875)
Naval Base Kitsap Bangor - Silverdale,2019,Government,National Security,928110.0,National Security,US Government,Silverdale,Kitsap,Puget Sound Clean Air Agency,19707.0,0.0,19685.0,10.0,13.0,0.0,0.0,0.0,0.0,,1.0,"47.699284, -122.696926",,,POINT (-122.696926 47.699284)
Great Western Malt - Vancouver,2015,Food Production,Other Food Products,311213.0,Malt Manufacturing,Great Western Malt,Vancouver,Clark,Southwest Clean Air Agency,18273.0,0.0,18255.0,9.0,10.0,0.0,0.0,0.0,0.0,,1.0,"45.631069, -122.690043",,,POINT (-122.690043 45.631069)
Inland Empire Paper Company - Spokane,2023,Pulp and Paper,Other Pulp and Paper,322122.0,Newsprint Mills,Cowles Publishing Co.,Spokane,Spokane,Spokane Regional Clean Air Agency,32249.0,15753.0,16269.0,38.0,190.0,0.0,0.0,0.0,0.0,,2.0,"47.688295, -117.279323",,Reporter,POINT (-117.279323 47.688295)
Ash Grove Cement Company - Seattle,2012,Minerals,Cement Production,327310.0,Cement Manufacturing,Ash Grove Cement Co.,Seattle,King,Puget Sound Clean Air Agency,305595.0,0.0,305011.0,227.0,357.0,0.0,0.0,0.0,0.0,,3.0,"47.56799, -122.34255",,,POINT (-122.34255 47.56799)
Steelscape - Kalama,2019,Metals,Other Metals,331221.0,Rolled Steel Shape Manufacturing,NS BlueScope USA LLC,Kalama,Cowlitz,Southwest Clean Air Agency,22577.0,0.0,22553.0,11.0,13.0,0.0,0.0,0.0,0.0,,1.0,"46.04326, -122.871703",,,POINT (-122.871703 46.04326)
"El Oro Cattle Feeders, LLC - Moses Lake",2017,Livestock,Cattle Feedlots,112112.0,Cattle Feedlots,Agri Beef Co.,Moses Lake,Grant,Ecology: Eastern Regional Office,26281.0,0.0,0.0,2038.0,24243.0,0.0,0.0,0.0,0.0,,2.0,"47.052176, -119.093815",,,POINT (-119.093815 47.052176)
Jackson Food Stores - Meridian,2023,Supplier,Other Fuel Supplier,457110.0,Gasoline Stations with Convenience Stores,Jacksons Food Stores Inc,Meridian,Ada,,23136.0,1501.0,21254.0,31.0,349.0,0.0,0.0,0.0,0.0,,,,21634.0,Covered Entity,
Starbucks Kent Flexible Plant - Kent,2021,Food Production,Other Food Products,311920.0,Coffee and Tea Manufacturing,Starbucks Corp.,Kent,King,Puget Sound Clean Air Agency,12492.0,0.0,12479.0,6.0,7.0,0.0,0.0,0.0,0.0,,1.0,"47.436276, -122.237648",,,POINT (-122.237648 47.436276)
J.R. Simplot Company - Moses Lake,2012,Food Production,Potato Products,311411.0,"Frozen Fruit, Juice, and Vegetable Manufacturing",J.R. Simplot Company,Moses Lake,Grant,Ecology: Eastern Regional Office,45202.0,4514.0,30358.0,10296.0,33.0,0.0,0.0,0.0,0.0,,2.0,"47.131732, -119.18926",,,POINT (-119.18926 47.131732)
Northwest Pipeline C/S - Mount Vernon,2018,Natural Gas Systems,Natural Gas Transmission/Compression,486210.0,Pipeline Transportation of Natural Gas,"The Williams Companies, Inc.",Mount Vernon,Skagit,Northwest Clean Air Agency,56715.0,0.0,54226.0,2459.0,30.0,0.0,0.0,0.0,0.0,,2.0,"48.421967, -122.21547",,,POINT (-122.21547 48.421967)
The Boeing Company - Auburn Site - Auburn,2023,Manufacturing,Transportation Industry,336413.0,Other Aircraft Parts and Auxiliary Equipment Manufacturing,The Boeing Company,Auburn,King,Puget Sound Clean Air Agency,33303.0,0.0,33269.0,16.0,19.0,0.0,0.0,0.0,0.0,,2.0,"47.285551, -122.242298",33130.0,Covered Entity,POINT (-122.242298 47.285551)
U.S. Department of Energy Hanford Site - Richland,2018,Government,Other Government,924110.0,Administration of Air and Water Resource and Solid Waste Management Programs,US Government,Richland,Benton,Ecology: NWP,13525.0,0.0,4171.0,9333.0,6.0,0.0,0.0,16.0,0.0,,1.0,"46.55069, -119.489007",,,POINT (-119.489007 46.55069)
Cardinal FG Company - Winlock,2017,Minerals,Glass Production,327211.0,Flat Glass Manufacturing,Cardinal Glass Industries Inc.,Winlock,Lewis,Southwest Clean Air Agency,107559.0,0.0,107482.0,35.0,42.0,0.0,0.0,0.0,0.0,,3.0,"46.544937, -122.926313",,,POINT (-122.926313 46.544937)
"Vaagen Bros. Lumber, Inc. - Colville",2023,Wood Products,Lumber Mills,321999.0,All Other Miscellaneous Wood Product Manufacturing,Vaagen Bros. Lumber Inc.,Colville,Stevens,Ecology: Eastern Regional Office,33518.0,33076.0,0.0,64.0,378.0,0.0,0.0,0.0,0.0,,2.0,"48.548525, -117.915469",,Reporter,POINT (-117.915469 48.548525)
Nutrien US LLC. - Kennewick,2016,Chemicals,Fertilizer Production,325311.0,Nitrogenous Fertilizer Manufacturing,Agrium US Inc.,Kennewick,Benton,Benton Clean Air Agency,151151.0,0.0,9491.0,1.0,141660.0,0.0,0.0,0.0,0.0,,3.0,"46.165957, -119.017218",,,POINT (-119.017218 46.165957)
"Solvay Chemicals, Inc. - Longview",2021,Chemicals,Other Chemicals,325180.0,Other Basic Inorganic Chemical Manufacturing,Solvay Chemicals Inc.,Longview,Cowlitz,Southwest Clean Air Agency,58272.0,0.0,58272.0,0.0,0.0,0.0,0.0,0.0,0.0,,2.0,"46.137218, -122.982847",,,POINT (-122.982847 46.137218)
Cascade Hardwood LLC - Chehalis,2022,Wood Products,Lumber Mills,321113.0,Sawmills,Cascade Hardwood LLC,Chehalis,Lewis,Southwest Clean Air Agency,8998.0,8872.0,7.0,17.0,102.0,0.0,0.0,0.0,0.0,,1.0,"46.635062, -122.930338",,,POINT (-122.930338 46.635062)
Northwest Pipeline C/S - Chehalis,2022,Natural Gas Systems,Natural Gas Transmission/Compression,486210.0,Pipeline Transportation of Natural Gas,"The Williams Companies, Inc.",Chehalis,Lewis,Southwest Clean Air Agency,19805.0,0.0,17908.0,1887.0,10.0,0.0,0.0,0.0,0.0,,1.0,"46.533325, -122.87373",,,POINT (-122.87373 46.533325)
"NorthStar Energy, LLC - Seattle",2022,Supplier,Other Fuel Supplier,424710.0,Petroleum Bulk Stations and Terminals,"Saltchuk Holdings, Inc.",Seattle,King,,44818.0,685.0,43893.0,27.0,213.0,0.0,0.0,0.0,0.0,,,,,,
H.W. Hill Landfill Gas Power Plant - Roosevelt,2018,Power Plants,"Other Power, Heating, or Cooling Plants",221119.0,Other Electric Power Generation,Public Utility District No. 1 of Klickitat County,Roosevelt,Klickitat,Ecology: Central Regional Office,42846.0,42400.0,229.0,65.0,153.0,0.0,0.0,0.0,0.0,,2.0,"45.807765, -120.166354",,,POINT (-120.166354 45.807765)
Darigold - Lynden,2013,Food Production,Dairy Products,311514.0,"Dry, Condensed, and Evaporated Dairy Product Manufacturing",Darigold Inc.,Lynden,Whatcom,Northwest Clean Air Agency,18509.0,0.0,18490.0,9.0,10.0,0.0,0.0,0.0,0.0,,1.0,"48.947567, -122.451915",,,POINT (-122.451915 48.947567)
Lamb Weston - Quincy,2023,Food Production,Potato Products,311411.0,"Frozen Fruit, Juice, and Vegetable Manufacturing","Lamb Weston, Inc.",Quincy,Grant,Ecology: Eastern Regional Office,29971.0,0.0,29941.0,14.0,17.0,0.0,0.0,0.0,0.0,,2.0,"47.234413, -119.869914",29971.0,Covered Entity,POINT (-119.869914 47.234413)
BB Energy USA LLC,2022,Supplier,Other Fuel Supplier,424720.0,Petroleum and Petroleum Products Merchant Wholesalers (except Bulk Stations and Terminals),BB ENERGY USA LLC,Houston,Harris,,19048.0,1224.0,17484.0,27.0,312.0,0.0,0.0,0.0,0.0,,,,,,
"Gas Transmission Northwest Compressor Station 6, LLC - Rosalia",2015,Natural Gas Systems,Natural Gas Transmission/Compression,486210.0,Pipeline Transportation of Natural Gas,TransCanada Northern Border Inc.,Rosalia,Whitman,Spokane Regional Clean Air Agency,84805.0,0.0,82433.0,2326.0,46.0,0.0,0.0,0.0,0.0,,2.0,"47.277256, -117.406737",,,POINT (-117.406737 47.277256)
City of Tacoma Solid Waste Facility - Tacoma,2014,Waste,Landfills,562212.0,Solid Waste Landfill,City of Tacoma,Tacoma,Pierce,Puget Sound Clean Air Agency,20396.0,0.0,0.0,20396.0,0.0,0.0,0.0,0.0,0.0,,1.0,"47.223413, -122.499775",,,POINT (-122.499775 47.223413)
Naval Air Station Whidbey Island - Oak Harbor,2019,Government,National Security,928110.0,National Security,US Government,Oak Harbor,Island,Northwest Clean Air Agency,13092.0,0.0,13078.0,7.0,8.0,0.0,0.0,0.0,0.0,,1.0,"48.345281, -122.669741",,,POINT (-122.669741 48.345281)
Keyes Fibre Corporation - Wenatchee,2019,Pulp and Paper,Other Pulp and Paper,322299.0,All Other Converted Paper Product Manufacturing,Tekni-Plex Wenatchee Fiber Consumer Porducts,Wenatchee,Chelan,Ecology: Central Regional Office,14671.0,0.0,14656.0,7.0,8.0,0.0,0.0,0.0,0.0,,1.0,"47.485987, -120.316363",,,POINT (-120.316363 47.485987)
"Nucor Steel Seattle, Inc, - Seattle",2022,Metals,Iron and Steel Production,331110.0,Iron and Steel Mills and Ferroalloy Manufacturing,Nucor Corporation,Seattle,King,Puget Sound Clean Air Agency,84680.0,0.0,84637.0,20.0,24.0,0.0,0.0,0.0,0.0,,2.0,"47.569331, -122.367332",,,POINT (-122.367332 47.569331)
Phillips 66 Ferndale Refinery - Ferndale,2021,Petroleum Systems,Petroleum Refineries,324110.0,Petroleum Refineries,Phillips 66 Company,Ferndale,Whatcom,Northwest Clean Air Agency,832384.0,0.0,828325.0,1983.0,2076.0,0.0,0.0,0.0,0.0,,3.0,"48.830142, -122.692114",,,POINT (-122.692114 48.830142)
WaferTech LLC - Camas,2020,Manufacturing,Electronics Industry,334413.0,Semiconductor and Related Device Manufacturing,WaferTech LLC,Camas,Clark,Southwest Clean Air Agency,104942.0,0.0,14148.0,7.0,6812.0,10531.0,33555.0,11758.0,28131.0,,3.0,"45.619569, -122.454955",,,POINT (-122.454955 45.619569)
Hampton Lumber Mills Washington Inc. - Randle,2023,Wood Products,Lumber Mills,321113.0,Sawmills,Hampton Lumber Mills Washington Inc.,Randle,Lewis,Southwest Clean Air Agency,57434.0,56677.0,0.0,109.0,648.0,0.0,0.0,0.0,0.0,,2.0,"46.533743, -121.917906",,Reporter,POINT (-121.917906 46.533743)
Phillips 66 Company - Houston,2022,Supplier,Other Fuel Supplier,424710.0,Petroleum Bulk Stations and Terminals,Phillips 66 Company,Houston,Harris,,8264661.0,329260.0,7841838.0,8340.0,85224.0,0.0,0.0,0.0,0.0,,,,,,
"Boise Cascade Wood Products, LLC.  Kettle Falls Plywood - Kettle Falls",2015,Wood Products,Other Wood Products,321219.0,Reconstituted Wood Product Manufacturing,Boise Cascade Company,Kettle Falls,Stevens,Ecology: Eastern Regional Office,71151.0,68501.0,1734.0,132.0,784.0,0.0,0.0,0.0,0.0,,2.0,"48.613175, -118.116106",,,POINT (-118.116106 48.613175)
James Hardie Building Products - Tacoma,2018,Manufacturing,Building Products,327390.0,Other Concrete Product Manufacturing,James Hardie Building Products Inc.,Tacoma,Pierce,Puget Sound Clean Air Agency,11699.0,0.0,11687.0,6.0,7.0,0.0,0.0,0.0,0.0,First year reporting.,1.0,"47.092145, -122.364656",,,POINT (-122.364656 47.092145)
Riverside Feeders SFL - Kennewick,2013,Livestock,Cattle Feedlots,112112.0,Cattle Feedlots,Easterday Ranches,Kennewick,Benton,Benton Clean Air Agency,19972.0,0.0,1118.0,1440.0,17414.0,0.0,0.0,0.0,0.0,,1.0,"45.991872, -119.136497",,,POINT (-119.136497 45.991872)
Northwest Pipeline C/S - Sumner,2023,Natural Gas Systems,Natural Gas Transmission/Compression,486210.0,Pipeline Transportation of Natural Gas,"The Williams Companies, Inc.",Sumner,Pierce,Puget Sound Clean Air Agency,51136.0,0.0,50579.0,529.0,28.0,0.0,0.0,0.0,0.0,,2.0,"47.228986, -122.209551",51136.0,Covered Entity,POINT (-122.209551 47.228986)
Northwest Hardwoods Inc. - Centralia,2020,Wood Products,Lumber Mills,321113.0,Sawmills,Littlejohn & Co. LLC,Centralia,Lewis,Southwest Clean Air Agency,8347.0,4892.0,3387.0,11.0,58.0,0.0,0.0,0.0,0.0,,1.0,"46.734454, -122.991963",,,POINT (-122.991963 46.734454)
REG Grays Harbor LLC - Hoquiam,2018,Petroleum Systems,Other Petroleum Systems,325199.0,All Other Basic Organic Chemical Manufacturing,Chevron Corporation,Hoquiam,Grays Harbor,Olympic Region Clean Air Agency,19370.0,0.0,19351.0,9.0,11.0,0.0,0.0,0.0,0.0,,1.0,"46.968196, -123.853622",,,POINT (-123.853622 46.968196)
McCain Foods - Othello,2016,Food Production,Potato Products,311411.0,"Frozen Fruit, Juice, and Vegetable Manufacturing",McCain USA Inc.,Othello,Adams,Ecology: Eastern Regional Office,67668.0,0.0,36830.0,30818.0,21.0,0.0,0.0,0.0,0.0,,2.0,"46.840102, -119.172705",,,POINT (-119.172705 46.840102)
Sierra Pacific Industries - Centralia,2015,Wood Products,Lumber Mills,321113.0,Sawmills,Sierra Pacific Industries,Centralia,Lewis,Southwest Clean Air Agency,40254.0,39724.0,0.0,76.0,454.0,0.0,0.0,0.0,0.0,,2.0,"46.756413, -122.995433",,,POINT (-122.995433 46.756413)
"Greif, Tacoma Mill - Tacoma",2019,Pulp and Paper,Other Pulp and Paper,322130.0,Paperboard Mills,Paperboard Parent Inc.,Tacoma,Pierce,Puget Sound Clean Air Agency,14351.0,0.0,14336.0,7.0,8.0,0.0,0.0,0.0,0.0,,1.0,"47.239235, -122.421909",,,POINT (-122.421909 47.239235)
Nippon Dynawave - Longview,2013,Pulp and Paper,Kraft Mills,322121.0,Paper (except Newsprint) Mills,Nippon Paper Industries Co Ltd,Longview,Cowlitz,Ecology: Industrial Section,1509835.0,1193366.0,306848.0,3563.0,6056.0,0.0,0.0,0.0,0.0,Assigned emissions level.  Formerly included North Pacific Paper before 2016.  Ecology split emissions for consistency with cooperation from facility.,4.0,"46.130495, -122.983637",,,POINT (-122.983637 46.130495)
Cowlitz County Headquarters Landfill - Castle Rock,2013,Waste,Landfills,562212.0,Solid Waste Landfill,Cowlitz County,Castle Rock,Cowlitz,Southwest Clean Air Agency,129060.0,556.0,0.0,128502.0,2.0,0.0,0.0,0.0,0.0,,3.0,"46.246902, -122.772284",,,POINT (-122.772284 46.246902)
Northwest Hardwoods Inc. - Longview,2021,Wood Products,Lumber Mills,321113.0,Sawmills,Littlejohn & Co. LLC,Longview,Cowlitz,Southwest Clean Air Agency,14016.0,8547.0,5349.0,19.0,101.0,0.0,0.0,0.0,0.0,,1.0,"46.114537, -122.916806",,,POINT (-122.916806 46.114537)
City of Enumclaw Gas Utility - supplier,2015,Supplier,Natural Gas Supplier,221210.0,Natural Gas Distribution,City of Enumclaw,Enumclaw,King,,20444.0,0.0,20423.0,10.0,11.0,0.0,0.0,0.0,0.0,,,,,,
"El Oro Cattle Feeders, LLC - Moses Lake",2021,Livestock,Cattle Feedlots,112112.0,Cattle Feedlots,Agri Beef Co.,Moses Lake,Grant,Ecology: Eastern Regional Office,27314.0,0.0,0.0,2117.0,25198.0,0.0,0.0,0.0,0.0,Voluntary reporter.  Manure management reporting repealed by Legislature.,2.0,"47.052176, -119.093815",,,POINT (-119.093815 47.052176)
"Emerald City Renewables, LLC- Graham",2020,Power Plants,"Other Power, Heating, or Cooling Plants",221117.0,Biomass Electric Power Generation,Emerald City Renewables LLC,Graham,Pierce,Puget Sound Clean Air Agency,18098.0,18006.0,0.0,28.0,65.0,0.0,0.0,0.0,0.0,,1.0,"46.975533, -122.290871",,,POINT (-122.290871 46.975533)
US Army Joint Base Lewis-McChord - Pierce Co.,2012,Government,National Security,928110.0,National Security,US Government,Joint Base Lewis-McChord,Pierce,Puget Sound Clean Air Agency,86478.0,0.0,62395.0,24037.0,46.0,0.0,0.0,0.0,0.0,,2.0,"47.1142, -122.5365",,,POINT (-122.5365 47.1142)
U.S. Department of Energy Hanford Site - Richland,2012,Government,Other Government,924110.0,Administration of Air and Water Resource and Solid Waste Management Programs,US Government,Richland,Benton,Ecology: NWP,14865.0,0.0,4334.0,10523.0,7.0,0.0,0.0,0.0,0.0,,1.0,"46.55069, -119.489007",,,POINT (-119.489007 46.55069)
Alcoa Intalco Works - Ferndale,2017,Metals,Aluminum Production,331312.0,Primary Aluminum Production,Alcoa Corp.,Ferndale,Whatcom,Ecology: Industrial Section,1092946.0,0.0,354712.0,9675.0,32.0,0.0,728526.0,0.0,0.0,PFC emissions based on old source test information.,4.0,"48.8455, -122.7055",,,POINT (-122.7055 48.8455)
Lamb Weston - Richland,2016,Food Production,Potato Products,311411.0,"Frozen Fruit, Juice, and Vegetable Manufacturing","Lamb Weston, Inc.",Richland,Benton,Benton Clean Air Agency,35966.0,0.0,35929.0,17.0,20.0,0.0,0.0,0.0,0.0,,2.0,"46.309314, -119.297267",,,POINT (-119.297267 46.309314)
AmeriGas Propane - King of Prussia,2023,Supplier,Other Fuel Supplier,457210.0,Fuel Dealers,UGI Corp,King of Prussia,Montgomery,,9873.0,0.0,9834.0,12.0,28.0,0.0,0.0,0.0,0.0,,,,1095.0,Covered Entity,
WestRock LLC - Longview,2016,Pulp and Paper,Kraft Mills,322130.0,Paperboard Mills,Westrock Corp.,Longview,Cowlitz,Ecology: Industrial Section,1661899.0,1499059.0,156168.0,1333.0,5339.0,0.0,0.0,0.0,0.0,,4.0,"46.10361, -122.92167",,,POINT (-122.92167 46.10361)
H.W. Hill Landfill Gas Power Plant - Roosevelt,2013,Power Plants,"Other Power, Heating, or Cooling Plants",221119.0,Other Electric Power Generation,Public Utility District No. 1 of Klickitat County,Roosevelt,Klickitat,Ecology: Central Regional Office,89278.0,88822.0,0.0,136.0,320.0,0.0,0.0,0.0,0.0,,2.0,"45.807765, -120.166354",,,POINT (-120.166354 45.807765)
EPIC Aviation LLC,2023,Supplier,Other Fuel Supplier,424710.0,Petroleum Bulk Stations and Terminals,Signature Aviation,Salem,Marion,,16107.0,4706.0,11358.0,12.0,31.0,0.0,0.0,0.0,0.0,,,,,Reporter,
Darling Ingredients Inc - Tacoma,2019,Food Production,Meat Products,311613.0,Rendering and Meat Byproduct Processing,Darling Ingredients Inc.,Tacoma,Pierce,Puget Sound Clean Air Agency,9187.0,0.0,9178.0,4.0,5.0,0.0,0.0,0.0,0.0,,1.0,"47.250503, -122.406461",,,POINT (-122.406461 47.250503)
Graymont Western US. Inc. - Tacoma,2015,Minerals,Lime Production,327410.0,Lime Manufacturing,"Graymont, Inc.",Tacoma,Pierce,Puget Sound Clean Air Agency,76402.0,0.0,76345.0,23.0,34.0,0.0,0.0,0.0,0.0,,2.0,"47.271365, -122.397262",,,POINT (-122.397262 47.271365)
Michelsen Packaging - Yakima,2022,Pulp and Paper,Other Pulp and Paper,322299.0,All Other Converted Paper Product Manufacturing,Michelson Packaging Co.,Yakima,Yakima,Yakima Regional Clean Air Agency,9536.0,0.0,9526.0,5.0,5.0,0.0,0.0,0.0,0.0,,1.0,"46.604058, -120.513015",,,POINT (-120.513015 46.604058)
US Army Joint Base Lewis-McChord - Pierce Co.,2017,Government,National Security,928110.0,National Security,US Government,Joint Base Lewis-McChord,Pierce,Puget Sound Clean Air Agency,78440.0,0.0,59757.0,18648.0,36.0,0.0,0.0,0.0,0.0,,2.0,"47.1142, -122.5365",,,POINT (-122.5365 47.1142)
Waste Management Greater Wenatchee Regional Landfill - East Wenatchee,2020,Waste,Landfills,562212.0,Solid Waste Landfill,Waste Management Inc.,East Wenatchee,Douglas,Ecology: Central Regional Office,55421.0,0.0,0.0,55421.0,0.0,0.0,0.0,0.0,0.0,,2.0,"47.405083, -120.167444",,,POINT (-120.167444 47.405083)
Cheyne Landfill - Zillah,2023,Waste,Landfills,562212.0,Solid Waste Landfill,Yakima County Public Services,Zillah,Yakima,Yakima Regional Clean Air Agency,47466.0,0.0,0.0,47466.0,0.0,0.0,0.0,0.0,0.0,,2.0,"46.4785, -120.2688",,Reporter,POINT (-120.2688 46.4785)
HF Sinclair Puget Sound Refinery LLC - Anacortes,2017,Petroleum Systems,Petroleum Refineries,324110.0,Petroleum Refineries,HollyFrontier Puget Sound Refining LLC,Anacortes,Skagit,Northwest Clean Air Agency,1897818.0,0.0,1886919.0,6831.0,4068.0,0.0,0.0,0.0,0.0,Assigned Emissions Level,4.0,"48.470931, -122.559161",,,POINT (-122.559161 48.470931)
Air Liquide Electronics Moses Lake Hydrogen Plant,2018,Chemicals,Other Chemicals,325120.0,Industrial Gas Manufacturing,Air Liquide USA Inc.,Moses Lake,Grant,Ecology: Eastern Regional Office,9273.0,0.0,9273.0,0.0,0.0,0.0,0.0,0.0,0.0,,1.0,"47.135844, -119.19962",,,POINT (-119.19962 47.135844)
Okanogan County Central Landfill - Okanogan,2019,Waste,Landfills,562212.0,Solid Waste Landfill,Okanogan County,Okanogan,Okanogan,Ecology: Central Regional Office,14933.0,0.0,0.0,14933.0,0.0,0.0,0.0,0.0,0.0,,1.0,"48.341148, -119.620109",,,POINT (-119.620109 48.341148)
Darigold - Sunnyside,2022,Food Production,Dairy Products,311513.0,Cheese Manufacturing,Darigold Inc.,Sunnyside,Yakima,Yakima Regional Clean Air Agency,36877.0,0.0,36839.0,18.0,21.0,0.0,0.0,0.0,0.0,,2.0,"46.30058, -120.015675",,,POINT (-120.015675 46.30058)
LRI Landfill - Graham,2012,Waste,Landfills,562212.0,Solid Waste Landfill,Waste Connections Inc.,Graham,Pierce,Puget Sound Clean Air Agency,4329.0,0.0,0.0,4329.0,0.0,0.0,0.0,0.0,0.0,,1.0,"46.972405, -122.292799",,,POINT (-122.292799 46.972405)
Great Western Malt - Vancouver,2021,Food Production,Other Food Products,311213.0,Malt Manufacturing,Great Western Malt,Vancouver,Clark,Southwest Clean Air Agency,20016.0,0.0,19995.0,10.0,11.0,0.0,0.0,0.0,0.0,,1.0,"45.631069, -122.690043",,,POINT (-122.690043 45.631069)
Phillips 66 Ferndale Refinery - Ferndale,2014,Petroleum Systems,Petroleum Refineries,324110.0,Petroleum Refineries,Phillips 66 Company,Ferndale,Whatcom,Northwest Clean Air Agency,770956.0,0.0,766992.0,2044.0,1920.0,0.0,0.0,0.0,0.0,,3.0,"48.830142, -122.692114",,,POINT (-122.692114 48.830142)
bp Cherry Point Refinery - Blaine,2021,Petroleum Systems,Petroleum Refineries,324110.0,Petroleum Refineries,BP America Inc.,Blaine,Whatcom,Northwest Clean Air Agency,2066338.0,0.0,2055490.0,6416.0,4433.0,0.0,0.0,0.0,0.0,,5.0,"48.8864, -122.7353",,,POINT (-122.7353 48.8864)
Imerys Minerals Quincy Plant - Quincy,2022,Minerals,Other Minerals,212399.0,All Other Nonmetallic Mineral Mining,Imerys Filtration Minerals Inc.,Quincy,Grant,Ecology: Eastern Regional Office,20476.0,0.0,20455.0,10.0,12.0,0.0,0.0,0.0,0.0,,1.0,"47.239948, -119.838831",,,POINT (-119.838831 47.239948)
Ardagh Glass Inc. - Seattle,2019,Minerals,Glass Production,327213.0,Glass Container Manufacturing,Ardagh Holdings USA Inc.,Seattle,King,Puget Sound Clean Air Agency,62997.0,0.0,62947.0,23.0,27.0,0.0,0.0,0.0,0.0,Furnace 2 retirement in February 2019.,2.0,"47.55242, -122.33739",,,POINT (-122.33739 47.55242)
Spokane Waste to Energy Facility - Spokane,2019,Power Plants,"Other Power, Heating, or Cooling Plants",562213.0,Solid Waste Combustors and Incinerators,City of Spokane,Spokane,Spokane,Spokane Regional Clean Air Agency,234194.0,134316.0,94749.0,2001.0,3130.0,0.0,0.0,0.0,0.0,,3.0,"47.626529, -117.504278",,,POINT (-117.504278 47.626529)
"Boise Cascade Wood Products, LLC.  Kettle Falls Lumber - Kettle Falls",2021,Wood Products,Lumber Mills,321912.0,"Cut Stock, Resawing Lumber, and Planing",Boise Cascade Company,Kettle Falls,Stevens,Ecology: Eastern Regional Office,52380.0,51690.0,0.0,99.0,591.0,0.0,0.0,0.0,0.0,,2.0,"48.609799, -118.067441",,,POINT (-118.067441 48.609799)
Northwest Pipeline C/S - Goldendale,2022,Natural Gas Systems,Natural Gas Transmission/Compression,486210.0,Pipeline Transportation of Natural Gas,"The Williams Companies, Inc.",Goldendale,Klickitat,Ecology: Central Regional Office,19818.0,0.0,17270.0,2538.0,10.0,0.0,0.0,0.0,0.0,,1.0,"45.771216, -120.799267",,,POINT (-120.799267 45.771216)
Grays Harbor Energy Center - Elma,2012,Power Plants,Natural Gas Turbine Plants,221112.0,Fossil Fuel Electric Power Generation,Invenergy Investment Company LLC,Elma,Grays Harbor,EFSEC,60590.0,0.0,60528.0,28.0,34.0,0.0,0.0,0.0,0.0,,2.0,"46.9688, -123.48",,,POINT (-123.48 46.9688)
Ponderay Industries - Usk,2014,Pulp and Paper,Other Pulp and Paper,322122.0,Newsprint Mills,Ponderay Industries,Usk,Pend Oreille,Ecology: Eastern Regional Office,53646.0,51117.0,1774.0,119.0,635.0,0.0,0.0,0.0,0.0,,2.0,"48.289771, -117.271359",,,POINT (-117.271359 48.289771)
"SEH America, Inc - Vancouver",2023,Manufacturing,Electronics Industry,334413.0,Semiconductor and Related Device Manufacturing,SEH America Inc.,Vancouver,Clark,Southwest Clean Air Agency,10638.0,0.0,10628.0,5.0,6.0,0.0,0.0,0.0,0.0,,1.0,"45.649912, -122.553612",,Reporter,POINT (-122.553612 45.649912)
Hampton Lumber Mills Washington Inc. - Darrington,2022,Wood Products,Lumber Mills,321113.0,Sawmills,Hampton Lumber Mills Washington Inc.,Darrington,Snohomish,Puget Sound Clean Air Agency,84515.0,83401.0,0.0,160.0,954.0,0.0,0.0,0.0,0.0,,2.0,"48.262797, -121.597608",,,POINT (-121.597608 48.262797)
"El Oro Cattle Feeders, LLC - Moses Lake",2020,Livestock,Cattle Feedlots,112112.0,Cattle Feedlots,Agri Beef Co.,Moses Lake,Grant,Ecology: Eastern Regional Office,25506.0,0.0,0.0,1978.0,23528.0,0.0,0.0,0.0,0.0,,2.0,"47.052176, -119.093815",,,POINT (-119.093815 47.052176)
Public Utility District No. 1 of Clark County - Vancouver,2022,Power,COU,2211.0,"Electric Power Generation, Transmission and Distribution",Clark Public Utilities,Vancouver,Clark,,170808.0,,,,,,,,,,,,,,
"SGL Carbon, LLC - Moses Lake",2019,Manufacturing,Transportation Industry,335991.0,Carbon and Graphite Product Manufacturing,SGL Automotive Carbon Fibers LLC,Moses Lake,Grant,Ecology: Eastern Regional Office,12398.0,0.0,12386.0,6.0,7.0,0.0,0.0,0.0,0.0,,1.0,"47.208993, -119.285437",,,POINT (-119.285437 47.208993)
Cowlitz County Headquarters Landfill - Castle Rock,2018,Waste,Landfills,562212.0,Solid Waste Landfill,Cowlitz County,Castle Rock,Cowlitz,Southwest Clean Air Agency,239496.0,5966.0,0.0,233509.0,21.0,0.0,0.0,0.0,0.0,,3.0,"46.246902, -122.772284",,,POINT (-122.772284 46.246902)
"Bio Energy Washington, LLC - Maple Valley",2021,Power Plants,"Other Power, Heating, or Cooling Plants",221119.0,Other Electric Power Generation,Bio Energy Washington,Maple Valley,King,Puget Sound Clean Air Agency,21129.0,19795.0,1228.0,32.0,75.0,0.0,0.0,0.0,0.0,,1.0,"47.455871, -122.041817",,,POINT (-122.041817 47.455871)
REG Grays Harbor LLC - Hoquiam,2022,Petroleum Systems,Other Petroleum Systems,325199.0,All Other Basic Organic Chemical Manufacturing,Chevron Corporation,Hoquiam,Grays Harbor,Olympic Region Clean Air Agency,19751.0,0.0,19731.0,9.0,11.0,0.0,0.0,0.0,0.0,,1.0,"46.968196, -123.853622",,,POINT (-123.853622 46.968196)
Central Washington University - Ellensburg,2012,Government,Education,611310.0,"Colleges, Universities, and Professional Schools",State of Washington,Ellensburg,Kittitas,Ecology: Central Regional Office,13358.0,0.0,13344.0,6.0,7.0,0.0,0.0,0.0,0.0,,1.0,"47.003202, -120.544513",,,POINT (-120.544513 47.003202)
Riverside Feeders SFL - Kennewick,2015,Livestock,Cattle Feedlots,112112.0,Cattle Feedlots,Easterday Ranches,Kennewick,Benton,Benton Clean Air Agency,21519.0,0.0,1990.0,1514.0,18015.0,0.0,0.0,0.0,0.0,,1.0,"45.991872, -119.136497",,,POINT (-119.136497 45.991872)
Packaging Corporation of America - Wallula,2013,Pulp and Paper,Kraft Mills,322121.0,Paper (except Newsprint) Mills,Packaging Corp of America,Wallula,Walla Walla,Ecology: Industrial Section,832636.0,727045.0,89680.0,13225.0,2685.0,0.0,0.0,0.0,0.0,,3.0,"46.10396, -118.9184",,,POINT (-118.9184 46.10396)
Packaging Corporation of America - Wallula,2012,Pulp and Paper,Kraft Mills,322121.0,Paper (except Newsprint) Mills,Packaging Corp of America,Wallula,Walla Walla,Ecology: Industrial Section,928399.0,791371.0,105942.0,18855.0,12231.0,0.0,0.0,0.0,0.0,,3.0,"46.10396, -118.9184",,,POINT (-118.9184 46.10396)
Frederickson Power LP - Tacoma,2012,Power Plants,Natural Gas Turbine Plants,221112.0,Fossil Fuel Electric Power Generation,"Puget Sound Energy, Inc. and Capital Power (US Holdings) Inc",Tacoma,Pierce,Puget Sound Clean Air Agency,139141.0,0.0,138999.0,65.0,77.0,0.0,0.0,0.0,0.0,,3.0,"47.086342, -122.365686",,,POINT (-122.365686 47.086342)
Bonneville Power Administration - WA Only - statewide,2019,Power Plants,Electrical Transmission and Distribution,221121.0,Electric Bulk Power Transmission and Control,US Government,Vancouver,Clark,Southwest Clean Air Agency,10415.0,0.0,0.0,0.0,0.0,0.0,0.0,10415.0,0.0,,1.0,"45.661178, -122.658608",,,POINT (-122.658608 45.661178)
Basic American Foods - Moses Lake,2022,Food Production,Potato Products,311423.0,Dried and Dehydrated Food Manufacturing,Basic American Inc.,Moses Lake,Grant,Ecology: Eastern Regional Office,32927.0,0.0,32893.0,16.0,18.0,0.0,0.0,0.0,0.0,,2.0,"47.075183, -119.220408",,,POINT (-119.220408 47.075183)
"North Pacific Paper Company, LLC - Longview",2015,Pulp and Paper,Other Pulp and Paper,322122.0,Newsprint Mills,NP Paper Investor Holdings LLC,Longview,Cowlitz,Southwest Clean Air Agency,36771.0,0.0,36733.0,17.0,21.0,0.0,0.0,0.0,0.0,Assigned emissions level.  Formerly part of Nippon Dynawave before 2016.  Ecology split emissions for consistency with cooperation from facility.,2.0,"46.125662, -122.976788",,,POINT (-122.976788 46.125662)
Frito Lay - Vancouver,2015,Food Production,Other Food Products,311919.0,Other Snack Food Manufacturing,PepsiCo Inc,Vancouver,Clark,Southwest Clean Air Agency,15923.0,0.0,15906.0,8.0,9.0,0.0,0.0,0.0,0.0,,1.0,"45.657037, -122.692",,,POINT (-122.692 45.657037)
Puget Sound Energy - Fredonia Generating Station - Mount Vernon,2015,Power Plants,Natural Gas Turbine Plants,221112.0,Fossil Fuel Electric Power Generation,Puget Holdings LLC,Mount Vernon,Skagit,Northwest Clean Air Agency,115727.0,0.0,115607.0,55.0,66.0,0.0,0.0,0.0,0.0,,3.0,"48.4553, -122.435",,,POINT (-122.435 48.4553)
NW Natural - supplier,2023,Supplier,Natural Gas Supplier,221210.0,Natural Gas Distribution,NW Natural Holding Company,Portland,Multnomah,,511145.0,0.0,510623.0,238.0,284.0,0.0,0.0,0.0,0.0,,,,547472.0,Covered Entity,
Puget Sound Energy - Sumas Generating Station - Sumas,2020,Power Plants,Natural Gas Turbine Plants,221112.0,Fossil Fuel Electric Power Generation,Puget Holdings LLC,Sumas,Whatcom,Northwest Clean Air Agency,226355.0,0.0,226126.0,105.0,125.0,0.0,0.0,0.0,0.0,,3.0,"48.9905, -122.2733",,,POINT (-122.2733 48.9905)
"WestRock CP, LLC - Tacoma",2014,Pulp and Paper,Kraft Mills,322130.0,Paperboard Mills,Westrock Corp.,Tacoma,Pierce,Ecology: Industrial Section,1173531.0,1059608.0,107184.0,1193.0,5547.0,0.0,0.0,0.0,0.0,,4.0,"47.260953, -122.421765",,,POINT (-122.421765 47.260953)
Owens-Brockway Glass Container Inc Plant #2 - Kalama,2015,Minerals,Glass Production,327213.0,Glass Container Manufacturing,O-I Glass Inc.,Kalama,Cowlitz,Southwest Clean Air Agency,22288.0,0.0,22272.0,7.0,9.0,0.0,0.0,0.0,0.0,,1.0,"46.031656, -122.866241",,,POINT (-122.866241 46.031656)
Washington Potato Company - Warden,2019,Food Production,Potato Products,311991.0,Perishable Prepared Food Manufacturing,Washington Potato Co.,Warden,Grant,Ecology: Eastern Regional Office,29176.0,0.0,29146.0,14.0,16.0,0.0,0.0,0.0,0.0,,2.0,"46.970469, -119.063631",,,POINT (-119.063631 46.970469)
Roosevelt Regional Landfill - Roosevelt,2018,Waste,Landfills,562212.0,Solid Waste Landfill,"Republic Services, Inc.",Roosevelt,Klickitat,Ecology: Central Regional Office,247524.0,0.0,214.0,247310.0,1.0,0.0,0.0,0.0,0.0,,3.0,"45.807146, -120.179785",,,POINT (-120.179785 45.807146)
Morgan Stanley Capital Group Inc. - New York,2023,Power,Marketer,,,Morgan Stanley,New York,New York,,158089.0,,,,,,,,,,,,26443.0,Covered Entity,
McKinley Paper Co. - Washington Mill - Port Angeles,2017,Pulp and Paper,Other Pulp and Paper,322121.0,Paper (except Newsprint) Mills,McKinley Paper Co.,Port Angeles,Clallam,Olympic Region Clean Air Agency,63532.0,58436.0,44.0,4384.0,668.0,0.0,0.0,0.0,0.0,,2.0,"48.134623, -123.467524",,,POINT (-123.467524 48.134623)
LANXESS Corporation - Kalama,2020,Chemicals,Other Chemicals,325199.0,All Other Basic Organic Chemical Manufacturing,Emerald Performance Materials LLC,Kalama,Cowlitz,Southwest Clean Air Agency,64561.0,0.0,64493.0,31.0,37.0,0.0,0.0,0.0,0.0,,2.0,"46.02191, -122.85698",,,POINT (-122.85698 46.02191)
Washington State University - Pullman,2023,Government,Education,611310.0,"Colleges, Universities, and Professional Schools",State of Washington,Pullman,Whitman,Ecology: Eastern Regional Office,59448.0,0.0,59360.0,34.0,54.0,0.0,0.0,0.0,0.0,,2.0,"46.728702, -117.151481",48424.0,Covered Entity,POINT (-117.151481 46.728702)
The Boeing Company - Fabrication (Frederickson Site) - Puyallup,2016,Manufacturing,Transportation Industry,336411.0,Aircraft Manufacturing,The Boeing Company,Puyallup,Pierce,Puget Sound Clean Air Agency,19831.0,0.0,19811.0,9.0,11.0,0.0,0.0,0.0,0.0,,1.0,"47.088831, -122.34862",,,POINT (-122.34862 47.088831)
Chevron U.S.A. Inc.,2023,Supplier,Other Fuel Supplier,424710.0,Petroleum Bulk Stations and Terminals,Chevron Corporation,San Ramon,Contra Costa,,2781982.0,283963.0,2455473.0,3591.0,38955.0,0.0,0.0,0.0,0.0,,,,2343971.0,Covered Entity,
Asotin County Regional Landfill - Clarkston,2022,Waste,Landfills,562212.0,Solid Waste Landfill,Asotin County,Clarkston,Asotin,Ecology: Eastern Regional Office,72324.0,4023.0,0.0,68287.0,15.0,0.0,0.0,0.0,0.0,,2.0,"46.38463, -117.105985",,,POINT (-117.105985 46.38463)
Inland Empire Paper Company - Spokane,2014,Pulp and Paper,Other Pulp and Paper,322122.0,Newsprint Mills,Cowles Publishing Co.,Spokane,Spokane,Spokane Regional Clean Air Agency,27841.0,17801.0,9793.0,39.0,209.0,0.0,0.0,0.0,0.0,,2.0,"47.688295, -117.279323",,,POINT (-117.279323 47.688295)
The Boeing Company - Renton,2022,Manufacturing,Transportation Industry,336411.0,Aircraft Manufacturing,The Boeing Company,Renton,King,Puget Sound Clean Air Agency,18973.0,0.0,18953.0,9.0,11.0,0.0,0.0,0.0,0.0,,1.0,"47.498257, -122.211346",,,POINT (-122.211346 47.498257)
Cascade Natural Gas Corporation LDC - statewide,2013,Natural Gas Systems,Natural Gas Local Distribution Companies,221210.0,Natural Gas Distribution,MDU Resources Group Inc.,Kennewick,Benton,Benton Clean Air Agency,12940.0,0.0,70.0,12870.0,0.0,0.0,0.0,0.0,0.0,,1.0,"46.21875, -119.22987",,,POINT (-119.22987 46.21875)
Kettle Falls Generating Station - Kettle Falls,2020,Power Plants,"Other Power, Heating, or Cooling Plants",221117.0,Biomass Electric Power Generation,Avista Corp.,Kettle Falls,Stevens,Ecology: Eastern Regional Office,401675.0,389070.0,1202.0,6953.0,4450.0,0.0,0.0,0.0,0.0,,3.0,"48.620335, -118.110841",,,POINT (-118.110841 48.620335)
"Big Bend Electric Cooperative, Inc. - Ritzville",2023,Power,COU,2211.0,"Electric Power Generation, Transmission and Distribution","Big Bend Electric Cooperative, Inc.",Ritzville,Adams,,10160.0,,,,,,,,,,,,,Reporter,
Michelsen Packaging - Yakima,2013,Pulp and Paper,Other Pulp and Paper,322299.0,All Other Converted Paper Product Manufacturing,Michelson Packaging Co.,Yakima,Yakima,Yakima Regional Clean Air Agency,9810.0,0.0,9800.0,5.0,5.0,0.0,0.0,0.0,0.0,,1.0,"46.604058, -120.513015",,,POINT (-120.513015 46.604058)
"Gas Transmission Northwest Compressor Station 8, LLC -Wallula",2018,Natural Gas Systems,Natural Gas Transmission/Compression,486210.0,Pipeline Transportation of Natural Gas,TransCanada Northern Border Inc.,Wallula,Walla Walla,Ecology: Eastern Regional Office,127685.0,0.0,127153.0,460.0,72.0,0.0,0.0,0.0,0.0,,3.0,"46.053153, -118.843934",,,POINT (-118.843934 46.053153)
Cascade Hardwood LLC - Chehalis,2017,Wood Products,Lumber Mills,321113.0,Sawmills,Cascade Hardwood LLC,Chehalis,Lewis,Southwest Clean Air Agency,10989.0,10840.0,5.0,21.0,124.0,0.0,0.0,0.0,0.0,First reporting year.,1.0,"46.635062, -122.930338",,,POINT (-122.930338 46.635062)
Providence Sacred Heart Medical Center - Spokane,2018,Health Care,Hospitals,622110.0,General Medical and Surgical Hospitals,Providence Health Services,Spokane,Spokane,Spokane Regional Clean Air Agency,12264.0,0.0,12251.0,6.0,7.0,0.0,0.0,0.0,0.0,,1.0,"47.648848, -117.412461",,,POINT (-117.412461 47.648848)
"North Pacific Paper Company, LLC - Longview",2020,Pulp and Paper,Other Pulp and Paper,322122.0,Newsprint Mills,NP Paper Investor Holdings LLC,Longview,Cowlitz,Southwest Clean Air Agency,39097.0,0.0,39056.0,19.0,22.0,0.0,0.0,0.0,0.0,Formerly part of Nippon Dynawave before 2016.,2.0,"46.125662, -122.976788",,,POINT (-122.976788 46.125662)
Avista Corporation - WA State DOE Reporting - statewide,2023,Natural Gas Systems,Natural Gas Local Distribution Companies,221121.0,Electric Bulk Power Transmission and Control,Avista Corp.,Spokane,Spokane,Spokane Regional Clean Air Agency,1015.0,0.0,0.0,0.0,0.0,0.0,0.0,1015.0,0.0,,1.0,"47.673486, -117.388514",,Reporter,POINT (-117.388514 47.673486)
Nippon Dynawave - Longview,2019,Pulp and Paper,Kraft Mills,322121.0,Paper (except Newsprint) Mills,Nippon Paper Industries Co Ltd,Longview,Cowlitz,Ecology: Industrial Section,1609229.0,1277551.0,323899.0,1659.0,6119.0,0.0,0.0,0.0,0.0,Formerly included North Pacific Paper Company before 2016.,4.0,"46.130495, -122.983637",,,POINT (-122.983637 46.130495)
SDS Lumber Company - Bingen,2016,Wood Products,Lumber Mills,321113.0,Sawmills,SDS Lumber Company,Bingen,Klickitat,Ecology: Central Regional Office,105113.0,103591.0,138.0,199.0,1185.0,0.0,0.0,0.0,0.0,,3.0,"45.713913, -121.468688",,,POINT (-121.468688 45.713913)
Ascensus Specialties LLC - Elma,2016,Chemicals,Other Chemicals,325180.0,Other Basic Inorganic Chemical Manufacturing,VSI Holdings LLC,Elma,Grays Harbor,Olympic Region Clean Air Agency,20802.0,0.0,20780.0,10.0,12.0,0.0,0.0,0.0,0.0,,1.0,"46.995459, -123.382316",,,POINT (-123.382316 46.995459)
Air Liquide Hydrogen Plant  - Anacortes,2012,Petroleum Systems,Other Petroleum Systems,325120.0,Industrial Gas Manufacturing,Air Liquide USA Inc.,Anacortes,Skagit,Northwest Clean Air Agency,63356.0,0.0,63356.0,0.0,0.0,0.0,0.0,0.0,0.0,,2.0,"48.465617, -122.556032",,,POINT (-122.556032 48.465617)
WaferTech LLC - Camas,2015,Manufacturing,Electronics Industry,334413.0,Semiconductor and Related Device Manufacturing,WaferTech LLC,Camas,Clark,Southwest Clean Air Agency,165975.0,0.0,13050.0,6.0,7355.0,10089.0,75760.0,38847.0,20868.0,Assigned Emissions Level,3.0,"45.619569, -122.454955",,,POINT (-122.454955 45.619569)
Pasco Processing LLC - Pasco,2022,Food Production,Other Food Products,311991.0,Perishable Prepared Food Manufacturing,Oregon Potato Co.,Pasco,Franklin,Ecology: Eastern Regional Office,16718.0,0.0,16701.0,8.0,9.0,0.0,0.0,0.0,0.0,,1.0,"46.28274, -119.097528",,,POINT (-119.097528 46.28274)
University of Washington Seattle Campus - Seattle,2012,Government,Education,611310.0,"Colleges, Universities, and Professional Schools",State of Washington,Seattle,King,Puget Sound Clean Air Agency,83585.0,0.0,83499.0,39.0,47.0,0.0,0.0,0.0,0.0,,2.0,"47.653614, -122.303608",,,POINT (-122.303608 47.653614)
Puget Sound Energy LDC Supplier - Bellevue,2021,Supplier,Natural Gas Supplier,221210.0,Natural Gas Distribution,PUGET HOLDINGS LLC,Bellevue,King,,5402684.0,0.0,5397110.0,2543.0,3031.0,0.0,0.0,0.0,0.0,,,,,,
Puget Sound Energy - Fredonia Generating Station - Mount Vernon,2020,Power Plants,Natural Gas Turbine Plants,221112.0,Fossil Fuel Electric Power Generation,Puget Holdings LLC,Mount Vernon,Skagit,Northwest Clean Air Agency,152007.0,0.0,151848.0,72.0,87.0,0.0,0.0,0.0,0.0,,3.0,"48.4553, -122.435",,,POINT (-122.435 48.4553)
Boulder Park Generating Station - Spokane Valley,2023,Power Plants,"Other Power, Heating, or Cooling Plants",221112.0,Fossil Fuel Electric Power Generation,Avista Corp.,Spokane Valley,Spokane,Spokane Regional Clean Air Agency,31456.0,0.0,31424.0,15.0,18.0,0.0,0.0,0.0,0.0,,2.0,"47.696999, -117.147223",31456.0,Covered Entity,POINT (-117.147223 47.696999)
Alcoa Wenatchee Works - Malaga,2013,Metals,Aluminum Production,331312.0,Primary Aluminum Production,Alcoa Corp.,Malaga,Chelan,Ecology: Industrial Section,318542.0,0.0,274639.0,15.0,18.0,0.0,43870.0,0.0,0.0,,3.0,"47.3567, -120.1273",,,POINT (-120.1273 47.3567)
VGP Holdings LLC - Lexington,2023,Supplier,Other Fuel Supplier,324121.0,Asphalt Paving Mixture and Block Manufacturing,VGP Holdings LLC (Valvoline Global Operations),Lexington,Fayette,,25887.0,0.0,25799.0,26.0,62.0,0.0,0.0,0.0,0.0,,,,25887.0,Covered Entity,
Hampton Lumber Mills Washington Inc. - Morton,2020,Wood Products,Lumber Mills,321113.0,Sawmills,Hampton Lumber Mills Washington Inc.,Morton,Lewis,Southwest Clean Air Agency,37392.0,36899.0,1.0,71.0,422.0,0.0,0.0,0.0,0.0,,2.0,"46.565997, -122.269573",,,POINT (-122.269573 46.565997)
Spectrum Glass Company - Woodinville,2017,Minerals,Glass Production,327211.0,Flat Glass Manufacturing,Vanguard Properties Co.,Woodinville,King,Puget Sound Clean Air Agency,122.0,0.0,122.0,0.0,0.0,0.0,0.0,0.0,0.0,Last year reporting.  Facility shut down.,1.0,"47.777004, -122.148978",,,POINT (-122.148978 47.777004)
Horn Rapids Sanitary Landfill - Richland,2021,Waste,Landfills,562212.0,Solid Waste Landfill,City of Richland,Richland,Benton,Benton Clean Air Agency,44472.0,0.0,0.0,44472.0,0.0,0.0,0.0,0.0,0.0,,2.0,"46.346663, -119.348118",,,POINT (-119.348118 46.346663)
Alon Asphalt Company - Seattle,2018,Petroleum Systems,Other Petroleum Systems,424710.0,Petroleum Bulk Stations and Terminals,Delek US Holdings Inc.,Seattle,King,Puget Sound Clean Air Agency,14249.0,0.0,14216.0,26.0,8.0,0.0,0.0,0.0,0.0,,1.0,"47.781642, -122.395299",,,POINT (-122.395299 47.781642)
bp Cherry Point Refinery - Blaine,2014,Petroleum Systems,Petroleum Refineries,324110.0,Petroleum Refineries,BP America Inc.,Blaine,Whatcom,Northwest Clean Air Agency,2078478.0,0.0,2067290.0,6627.0,4562.0,0.0,0.0,0.0,0.0,Assigned Emissions Level,5.0,"48.8864, -122.7353",,,POINT (-122.7353 48.8864)
Puget Sound Energy - Mint Farm Generating Station - Longview,2016,Power Plants,Natural Gas Turbine Plants,221112.0,Fossil Fuel Electric Power Generation,Puget Holdings LLC,Longview,Cowlitz,Southwest Clean Air Agency,433451.0,0.0,433011.0,201.0,239.0,0.0,0.0,0.0,0.0,,3.0,"46.140095, -122.985138",,,POINT (-122.985138 46.140095)
Boeing Commercial Airplanes - Everett,2015,Manufacturing,Transportation Industry,336411.0,Aircraft Manufacturing,The Boeing Company,Everett,Snohomish,Puget Sound Clean Air Agency,66276.0,0.0,66207.0,31.0,37.0,0.0,0.0,0.0,0.0,,2.0,"47.918622, -122.276987",,,POINT (-122.276987 47.918622)
Cosmo Specialty Fibers Inc - Cosmopolis,2023,Pulp and Paper,Sulfite Mills,322110.0,Pulp Mills,Cosmo Specialty Fibers Inc.,Cosmopolis,Grays Harbor,Ecology: Industrial Section,2864.0,0.0,0.0,2864.0,0.0,0.0,0.0,0.0,0.0,Production shutdown Dec 2022.,1.0,"46.952907, -123.76211",2864.0,Covered Entity,POINT (-123.76211 46.952907)
J.R. Simplot Company - Othello,2020,Food Production,Potato Products,311411.0,"Frozen Fruit, Juice, and Vegetable Manufacturing",J.R. Simplot Company,Othello,Adams,Ecology: Eastern Regional Office,110848.0,0.0,47794.0,63027.0,27.0,0.0,0.0,0.0,0.0,,3.0,"46.837778, -119.176389",,,POINT (-119.176389 46.837778)
Simplot Feeders LTD. - Burbank,2018,Livestock,Cattle Feedlots,112112.0,Cattle Feedlots,J.R. Simplot Company,Burbank,Walla Walla,Ecology: Eastern Regional Office,29517.0,0.0,0.0,2166.0,27352.0,0.0,0.0,0.0,0.0,,2.0,"46.133131, -118.90629",,,POINT (-118.90629 46.133131)
Starbucks Kent Flexible Plant - Kent,2017,Food Production,Other Food Products,311920.0,Coffee and Tea Manufacturing,Starbucks Corp.,Kent,King,Puget Sound Clean Air Agency,14186.0,0.0,14172.0,7.0,8.0,0.0,0.0,0.0,0.0,,1.0,"47.436276, -122.237648",,,POINT (-122.237648 47.436276)
CertainTeed Gypsum - Seattle,2013,Manufacturing,Building Products,327420.0,Gypsum Product Manufacturing,Saint-Gobain Corporation,Seattle,King,Puget Sound Clean Air Agency,35465.0,0.0,35428.0,17.0,20.0,0.0,0.0,0.0,0.0,,2.0,"47.548056, -122.336944",,,POINT (-122.336944 47.548056)
The Boeing Company: Boeing Plant 2 - Seattle,2014,Manufacturing,Transportation Industry,336411.0,Aircraft Manufacturing,The Boeing Company,Seattle,King,Puget Sound Clean Air Agency,23052.0,0.0,23029.0,11.0,13.0,0.0,0.0,0.0,0.0,,1.0,"47.532524, -122.311623",,,POINT (-122.311623 47.532524)
Tree Top - Prosser,2021,Food Production,Fruit Products,311411.0,"Frozen Fruit, Juice, and Vegetable Manufacturing",Tree Top Inc.,Prosser,Benton,Benton Clean Air Agency,15112.0,0.0,15097.0,7.0,8.0,0.0,0.0,0.0,0.0,,1.0,"46.21842, -119.73397",,,POINT (-119.73397 46.21842)
Northwest Pipeline C/S - Chehalis,2018,Natural Gas Systems,Natural Gas Transmission/Compression,486210.0,Pipeline Transportation of Natural Gas,"The Williams Companies, Inc.",Chehalis,Lewis,Southwest Clean Air Agency,22586.0,0.0,18599.0,3977.0,10.0,0.0,0.0,0.0,0.0,,1.0,"46.533325, -122.87373",,,POINT (-122.87373 46.533325)
Cascade Natural Gas Corporation - supplier,2016,Supplier,Natural Gas Supplier,221210.0,Natural Gas Distribution,"MDU Resources Group, Inc.",Kennewick,Benton,,1525547.0,0.0,1523973.0,718.0,856.0,0.0,0.0,0.0,0.0,,,,,,
Port Angeles Hardwood LLC - Port Angeles,2019,Wood Products,Lumber Mills,321113.0,Sawmills,Port Angeles Hardwood LLC,Port Angeles,Clallam,Olympic Region Clean Air Agency,25470.0,25134.0,0.0,48.0,288.0,0.0,0.0,0.0,0.0,,2.0,"48.100872, -123.485745",,,POINT (-123.485745 48.100872)
Weyerhaeuser Raymond Lumber - Raymond,2020,Wood Products,Lumber Mills,321113.0,Sawmills,Weyerhaeuser Co.,Raymond,Pacific,Olympic Region Clean Air Agency,44536.0,43950.0,0.0,84.0,503.0,0.0,0.0,0.0,0.0,,2.0,"46.688088, -123.737495",,,POINT (-123.737495 46.688088)
Basic American Foods - Moses Lake,2012,Food Production,Potato Products,311423.0,Dried and Dehydrated Food Manufacturing,Basic American Inc.,Moses Lake,Grant,Ecology: Eastern Regional Office,28205.0,0.0,28176.0,13.0,16.0,0.0,0.0,0.0,0.0,,2.0,"47.075183, -119.220408",,,POINT (-119.220408 47.075183)
"Bio Energy Washington, LLC - Maple Valley",2015,Power Plants,"Other Power, Heating, or Cooling Plants",221119.0,Other Electric Power Generation,Bio Energy Washington,Maple Valley,King,Puget Sound Clean Air Agency,30714.0,29156.0,1403.0,46.0,108.0,0.0,0.0,0.0,0.0,,2.0,"47.455871, -122.041817",,,POINT (-122.041817 47.455871)
River Road Generating Plant - Vancouver,2022,Power Plants,Natural Gas Turbine Plants,221112.0,Fossil Fuel Electric Power Generation,Clark Public Utilities,Vancouver,Clark,Southwest Clean Air Agency,653928.0,0.0,653264.0,303.0,361.0,0.0,0.0,0.0,0.0,,3.0,"45.64958, -122.724806",,,POINT (-122.724806 45.64958)
"Interfor US, Inc. - Tacoma",2013,Wood Products,Lumber Mills,321113.0,Sawmills,Simpson Lumber Company LLC,Tacoma,Pierce,Puget Sound Clean Air Agency,13395.0,0.0,13381.0,6.0,7.0,0.0,0.0,0.0,0.0,,1.0,"47.260211, -122.426476",,,POINT (-122.426476 47.260211)
Sierra Pacific Industries - Centralia,2022,Wood Products,Lumber Mills,321113.0,Sawmills,Sierra Pacific Industries,Centralia,Lewis,Southwest Clean Air Agency,40412.0,39788.0,0.0,90.0,534.0,0.0,0.0,0.0,0.0,,2.0,"46.756413, -122.995433",,,POINT (-122.995433 46.756413)
Cowlitz County Tennant Way Landfill - Longview,2017,Waste,Landfills,562212.0,Solid Waste Landfill,Cowlitz County Washington,Longview,Cowlitz,Southwest Clean Air Agency,25683.0,0.0,0.0,25683.0,0.0,0.0,0.0,0.0,0.0,,2.0,"46.107229, -122.905601",,,POINT (-122.905601 46.107229)
"Boise Cascade Wood Products, LLC.  Kettle Falls Plywood - Kettle Falls",2013,Wood Products,Other Wood Products,321219.0,Reconstituted Wood Product Manufacturing,Boise Cascade Company,Kettle Falls,Stevens,Ecology: Eastern Regional Office,71186.0,68156.0,2117.0,132.0,781.0,0.0,0.0,0.0,0.0,,2.0,"48.613175, -118.116106",,,POINT (-118.116106 48.613175)
Washington State University - Pullman,2017,Government,Education,611310.0,"Colleges, Universities, and Professional Schools",State of Washington,Pullman,Whitman,Ecology: Eastern Regional Office,65446.0,0.0,65377.0,31.0,38.0,0.0,0.0,0.0,0.0,,2.0,"46.728702, -117.151481",,,POINT (-117.151481 46.728702)
City of Enumclaw Gas Utility - supplier,2021,Supplier,Natural Gas Supplier,221210.0,Natural Gas Distribution,City of Enumclaw,Enumclaw,King,,25168.0,0.0,25142.0,12.0,14.0,0.0,0.0,0.0,0.0,,,,,,
Puget Sound Energy - Goldendale Generating Station - Goldendale,2016,Power Plants,Natural Gas Turbine Plants,221112.0,Fossil Fuel Electric Power Generation,Puget Holdings LLC,Goldendale,Klickitat,Ecology: Central Regional Office,385284.0,0.0,384893.0,179.0,213.0,0.0,0.0,0.0,0.0,,3.0,"45.8114, -120.833",,,POINT (-120.833 45.8114)
J.R. Simplot Company - Moses Lake,2021,Food Production,Potato Products,311411.0,"Frozen Fruit, Juice, and Vegetable Manufacturing",J.R. Simplot Company,Moses Lake,Grant,Ecology: Eastern Regional Office,32411.0,6452.0,20573.0,5351.0,35.0,0.0,0.0,0.0,0.0,,2.0,"47.131732, -119.18926",,,POINT (-119.18926 47.131732)
TransAlta Centralia Generation LLC - Centralia,2016,Power Plants,Coal Plants,221112.0,Fossil Fuel Electric Power Generation,Transalta Centralia Generation/Mining,Centralia,Lewis,Southwest Clean Air Agency,5094331.0,0.0,5054396.0,14608.0,25327.0,0.0,0.0,0.0,0.0,,5.0,"46.7559, -122.8578",,,POINT (-122.8578 46.7559)
Northwest Pipeline C/S - Mount Vernon,2014,Natural Gas Systems,Natural Gas Transmission/Compression,486210.0,Pipeline Transportation of Natural Gas,"The Williams Companies, Inc.",Mount Vernon,Skagit,Northwest Clean Air Agency,48020.0,0.0,38242.0,9757.0,21.0,0.0,0.0,0.0,0.0,,2.0,"48.421967, -122.21547",,,POINT (-122.21547 48.421967)
Goodrich Corporation - Spokane,2012,Manufacturing,Transportation Industry,336413.0,Other Aircraft Parts and Auxiliary Equipment Manufacturing,Raytheon Technologies Corp,Spokane,Spokane,Spokane Regional Clean Air Agency,35476.0,0.0,35426.0,20.0,30.0,0.0,0.0,0.0,0.0,,2.0,"47.583604, -117.568511",,,POINT (-117.568511 47.583604)
Northwest Pipeline Roosevelt C/S - Bickleton,2015,Natural Gas Systems,Natural Gas Transmission/Compression,486210.0,Pipeline Transportation of Natural Gas,"The Williams Companies, Inc.",Bickleton,Klickitat,Ecology: Central Regional Office,13756.0,0.0,9418.0,4333.0,5.0,0.0,0.0,0.0,0.0,,1.0,"45.849504, -120.08083",,,POINT (-120.08083 45.849504)
"Kaiser Aluminum Washington, LLC (Trentwood Works) - Spokane Valley",2021,Metals,Other Metals,331315.0,"Aluminum Sheet, Plate, and Foil Manufacturing",Kaiser Aluminum Corp.,Spokane Valley,Spokane,Spokane Regional Clean Air Agency,110563.0,0.0,110449.0,52.0,62.0,0.0,0.0,0.0,0.0,,3.0,"47.687074, -117.212673",,,POINT (-117.212673 47.687074)
Riverside Feeders SFL - Kennewick,2014,Livestock,Cattle Feedlots,112112.0,Cattle Feedlots,Easterday Ranches,Kennewick,Benton,Benton Clean Air Agency,20360.0,0.0,1812.0,1417.0,17131.0,0.0,0.0,0.0,0.0,,1.0,"45.991872, -119.136497",,,POINT (-119.136497 45.991872)
City of Ellensburg LDC - supplier,2020,Supplier,Natural Gas Supplier,221210.0,Natural Gas Distribution,City of Ellensburg,Ellensburg,Kittitas,,26492.0,0.0,26464.0,12.0,15.0,0.0,0.0,0.0,0.0,,,,,,
Murphy Veneer - Elma,2022,Wood Products,Other Wood Products,321212.0,Softwood Veneer and Plywood Manufacturing,Murphy Co.,Elma,Grays Harbor,Olympic Region Clean Air Agency,10551.0,0.0,10540.0,5.0,6.0,0.0,0.0,0.0,0.0,,1.0,"47.040323, -123.334339",,,POINT (-123.334339 47.040323)
Bonneville Power Administration - WA Only - statewide,2014,Power Plants,Electrical Transmission and Distribution,221121.0,Electric Bulk Power Transmission and Control,US Government,Vancouver,Clark,Southwest Clean Air Agency,12800.0,0.0,0.0,0.0,0.0,0.0,0.0,12800.0,0.0,,1.0,"45.661178, -122.658608",,,POINT (-122.658608 45.661178)
Ascensus Specialties LLC - Elma,2021,Chemicals,Other Chemicals,325180.0,Other Basic Inorganic Chemical Manufacturing,VSI Holdings LLC,Elma,Grays Harbor,Olympic Region Clean Air Agency,16735.0,0.0,16718.0,8.0,10.0,0.0,0.0,0.0,0.0,,1.0,"46.995459, -123.382316",,,POINT (-123.382316 46.995459)
Cascade Hardwood LLC - Chehalis,2019,Wood Products,Lumber Mills,321113.0,Sawmills,Cascade Hardwood LLC,Chehalis,Lewis,Southwest Clean Air Agency,9505.0,9375.0,6.0,18.0,107.0,0.0,0.0,0.0,0.0,,1.0,"46.635062, -122.930338",,,POINT (-122.930338 46.635062)
Star Forge LLC dba Jorgensen Forge - Tukwila,2016,Metals,Other Metals,332111.0,Iron and Steel Forging,Jorgensen Forge Corp.,Tukwila,King,Puget Sound Clean Air Agency,6820.0,0.0,6813.0,3.0,4.0,0.0,0.0,0.0,0.0,,1.0,"47.526872, -122.303906",,,POINT (-122.303906 47.526872)
Simplot Feeders LTD. - Burbank,2016,Livestock,Cattle Feedlots,112112.0,Cattle Feedlots,J.R. Simplot Company,Burbank,Walla Walla,Ecology: Eastern Regional Office,23348.0,0.0,0.0,1630.0,21717.0,0.0,0.0,0.0,0.0,,1.0,"46.133131, -118.90629",,,POINT (-118.90629 46.133131)
Sierra Pacific Industries - Shelton,2020,Wood Products,Lumber Mills,321212.0,Softwood Veneer and Plywood Manufacturing,Simpson Lumber Company LLC,Shelton,Mason,Olympic Region Clean Air Agency,86643.0,85501.0,0.0,164.0,978.0,0.0,0.0,0.0,0.0,,2.0,"47.213448, -123.096517",,,POINT (-123.096517 47.213448)
Northwest Pipeline C/S - Sumas,2022,Natural Gas Systems,Natural Gas Transmission/Compression,486210.0,Pipeline Transportation of Natural Gas,"The Williams Companies, Inc.",Sumas,Whatcom,Northwest Clean Air Agency,99795.0,0.0,96696.0,3045.0,54.0,0.0,0.0,0.0,0.0,,2.0,"49.001, -122.2214",,,POINT (-122.2214 49.001)
"CECO, Inc. - Portland",2022,Supplier,Other Fuel Supplier,424710.0,Petroleum Bulk Stations and Terminals,"CECO, Inc.",Portland,Multnomah,,68834.0,9758.0,58617.0,45.0,414.0,0.0,0.0,0.0,0.0,,,,,,
"Emerald City Renewables, LLC- Graham",2016,Power Plants,"Other Power, Heating, or Cooling Plants",221117.0,Biomass Electric Power Generation,Emerald City Renewables LLC,Graham,Pierce,Puget Sound Clean Air Agency,20288.0,20184.0,0.0,31.0,73.0,0.0,0.0,0.0,0.0,,1.0,"46.975533, -122.290871",,,POINT (-122.290871 46.975533)
"SEH America, Inc - Vancouver",2012,Manufacturing,Electronics Industry,334413.0,Semiconductor and Related Device Manufacturing,SEH America Inc.,Vancouver,Clark,Southwest Clean Air Agency,12150.0,0.0,12138.0,6.0,7.0,0.0,0.0,0.0,0.0,,1.0,"45.649912, -122.553612",,,POINT (-122.553612 45.649912)
CenTrio Energy Seattle LLC - Seattle,2016,Power Plants,"Other Power, Heating, or Cooling Plants",221330.0,Steam and Air-Conditioning Supply,Seattle Steam Company LLC,Seattle,King,Puget Sound Clean Air Agency,69965.0,0.0,69893.0,33.0,40.0,0.0,0.0,0.0,0.0,,2.0,"47.6068, -122.340179",,,POINT (-122.340179 47.6068)
Clatskanie People's Utility District - Clatskanie,2022,Power,COU,221122.0,Electric Power Distribution,Clatskanie People's Utility District,Clatskanie,Columbia,,11961.0,,,,,,,,,,,,,,
Puget Sound Energy - Frederickson Generating Station - Tacoma,2023,Power Plants,Natural Gas Turbine Plants,221112.0,Fossil Fuel Electric Power Generation,Puget Holdings LLC,Tacoma,Pierce,Puget Sound Clean Air Agency,118782.0,98.0,118560.0,56.0,68.0,0.0,0.0,0.0,0.0,,3.0,"47.079716, -122.364711",117908.0,Covered Entity,POINT (-122.364711 47.079716)
"Interfor US, Inc. - Port Angeles",2015,Wood Products,Lumber Mills,321113.0,Sawmills,Interfor US Inc.,Port Angeles,Clallam,Olympic Region Clean Air Agency,42807.0,42243.0,0.0,81.0,483.0,0.0,0.0,0.0,0.0,,2.0,"48.103425, -123.518642",,,POINT (-123.518642 48.103425)
Equilon Enterprises LLC dba Shell Oil Products US,2023,Supplier,Other Fuel Supplier,424710.0,Petroleum Bulk Stations and Terminals,TMR COMPANY LLC,Houston,Harris,,4095258.0,111280.0,3946401.0,4768.0,32809.0,0.0,0.0,0.0,0.0,,,,1695920.0,Covered Entity,
Darigold - Sunnyside,2018,Food Production,Dairy Products,311513.0,Cheese Manufacturing,Darigold Inc.,Sunnyside,Yakima,Yakima Regional Clean Air Agency,38345.0,0.0,38305.0,18.0,22.0,0.0,0.0,0.0,0.0,,2.0,"46.30058, -120.015675",,,POINT (-120.015675 46.30058)
Air Liquide Electronics Moses Lake Hydrogen Plant,2014,Chemicals,Other Chemicals,325120.0,Industrial Gas Manufacturing,Air Liquide USA Inc.,Moses Lake,Grant,Ecology: Eastern Regional Office,22137.0,0.0,22137.0,0.0,0.0,0.0,0.0,0.0,0.0,,1.0,"47.135844, -119.19962",,,POINT (-119.19962 47.135844)
Waste Management Greater Wenatchee Regional Landfill - East Wenatchee,2016,Waste,Landfills,562212.0,Solid Waste Landfill,Waste Management Inc.,East Wenatchee,Douglas,Ecology: Central Regional Office,30653.0,0.0,0.0,30653.0,0.0,0.0,0.0,0.0,0.0,,2.0,"47.405083, -120.167444",,,POINT (-120.167444 47.405083)
Guy Bennett Lumber Company - Clarkston,2019,Wood Products,Lumber Mills,321113.0,Sawmills,Bennett Lumber Products Inc.,Clarkston,Asotin,Ecology: Eastern Regional Office,15233.0,15032.0,0.0,29.0,172.0,0.0,0.0,0.0,0.0,,1.0,"46.423108, -117.086487",,,POINT (-117.086487 46.423108)
HF Sinclair Refining and Marketing LLC - Dallas,2022,Supplier,Other Fuel Supplier,324110.0,Petroleum Refineries,HF Sinclair Refining and Marketing LLC,Dallas,Dallas,,2522844.0,94631.0,2400834.0,2317.0,25063.0,0.0,0.0,0.0,0.0,,,,,,
River Road Generating Plant - Vancouver,2017,Power Plants,Natural Gas Turbine Plants,221112.0,Fossil Fuel Electric Power Generation,Clark Public Utilities,Vancouver,Clark,Southwest Clean Air Agency,495761.0,0.0,495258.0,230.0,274.0,0.0,0.0,0.0,0.0,,3.0,"45.64958, -122.724806",,,POINT (-122.724806 45.64958)
Western Washington University - Bellingham,2021,Government,Education,611310.0,"Colleges, Universities, and Professional Schools",Western Washington University,Bellingham,Whatcom,Northwest Clean Air Agency,10386.0,0.0,10375.0,5.0,6.0,0.0,0.0,0.0,0.0,,1.0,"48.736499, -122.484714",,,POINT (-122.484714 48.736499)
Hampton Lumber Mills Washington Inc. - Randle,2019,Wood Products,Lumber Mills,321113.0,Sawmills,Hampton Lumber Mills Washington Inc.,Randle,Lewis,Southwest Clean Air Agency,65531.0,64668.0,0.0,124.0,740.0,0.0,0.0,0.0,0.0,,2.0,"46.533743, -121.917906",,,POINT (-121.917906 46.533743)
Michelsen Packaging - Yakima,2018,Pulp and Paper,Other Pulp and Paper,322299.0,All Other Converted Paper Product Manufacturing,Michelson Packaging Co.,Yakima,Yakima,Yakima Regional Clean Air Agency,10989.0,0.0,10978.0,5.0,6.0,0.0,0.0,0.0,0.0,,1.0,"46.604058, -120.513015",,,POINT (-120.513015 46.604058)
"SGL Carbon, LLC - Moses Lake",2017,Manufacturing,Transportation Industry,335991.0,Carbon and Graphite Product Manufacturing,SGL Automotive Carbon Fibers LLC,Moses Lake,Grant,Ecology: Eastern Regional Office,5842.0,0.0,5836.0,3.0,3.0,0.0,0.0,0.0,0.0,,1.0,"47.208993, -119.285437",,,POINT (-119.285437 47.208993)
The Boeing Company - Renton,2017,Manufacturing,Transportation Industry,336411.0,Aircraft Manufacturing,The Boeing Company,Renton,King,Puget Sound Clean Air Agency,20112.0,0.0,20092.0,10.0,11.0,0.0,0.0,0.0,0.0,,1.0,"47.498257, -122.211346",,,POINT (-122.211346 47.498257)
Riverside Feeders SFL - Kennewick,2012,Livestock,Cattle Feedlots,112112.0,Cattle Feedlots,Easterday Ranches,Kennewick,Benton,Benton Clean Air Agency,19977.0,0.0,1164.0,1437.0,17376.0,0.0,0.0,0.0,0.0,,1.0,"45.991872, -119.136497",,,POINT (-119.136497 45.991872)
"SEH America, Inc - Vancouver",2019,Manufacturing,Electronics Industry,334413.0,Semiconductor and Related Device Manufacturing,SEH America Inc.,Vancouver,Clark,Southwest Clean Air Agency,11699.0,0.0,11687.0,6.0,7.0,0.0,0.0,0.0,0.0,,1.0,"45.649912, -122.553612",,,POINT (-122.553612 45.649912)
TransAlta Centralia Generation LLC - Centralia,2017,Power Plants,Coal Plants,221112.0,Fossil Fuel Electric Power Generation,Transalta Centralia Generation/Mining,Centralia,Lewis,Southwest Clean Air Agency,6002805.0,0.0,5955750.0,17212.0,29843.0,0.0,0.0,0.0,0.0,,5.0,"46.7559, -122.8578",,,POINT (-122.8578 46.7559)
The Boeing Company: DC/MFC - Tukwila,2019,Manufacturing,Transportation Industry,336411.0,Aircraft Manufacturing,The Boeing Company,Tukwila,King,Puget Sound Clean Air Agency,13784.0,0.0,13769.0,7.0,8.0,0.0,0.0,0.0,0.0,,1.0,"47.516246, -122.298613",,,POINT (-122.298613 47.516246)
Mutual Materials Mica Brick Plant - Spokane,2016,Minerals,Other Minerals,327120.0,Clay Building Material and Refractories Manufacturing,Mutual Materials Co.,Spokane,Spokane,Spokane Regional Clean Air Agency,10720.0,0.0,10709.0,5.0,6.0,0.0,0.0,0.0,0.0,First reporting year.,1.0,"47.55833, -117.2117",,,POINT (-117.2117 47.55833)
Cheyne Landfill - Zillah,2019,Waste,Landfills,562212.0,Solid Waste Landfill,Yakima County Public Services,Zillah,Yakima,Yakima Regional Clean Air Agency,40508.0,0.0,0.0,40508.0,0.0,0.0,0.0,0.0,0.0,,2.0,"46.4785, -120.2688",,,POINT (-120.2688 46.4785)
Naval Base Kitsap - Bremerton,2014,Government,National Security,928110.0,National Security,US Government,Bremerton,Kitsap,Puget Sound Clean Air Agency,45961.0,0.0,45913.0,22.0,27.0,0.0,0.0,0.0,0.0,,2.0,"47.557047, -122.645933",,,POINT (-122.645933 47.557047)
Packaging Corporation of America - Wallula,2017,Pulp and Paper,Kraft Mills,322121.0,Paper (except Newsprint) Mills,Packaging Corp of America,Wallula,Walla Walla,Ecology: Industrial Section,708497.0,547664.0,144710.0,13559.0,2564.0,0.0,0.0,0.0,0.0,,3.0,"46.10396, -118.9184",,,POINT (-118.9184 46.10396)
Seattle-Tacoma International Airport - Seattle,2016,Government,Other Government,488119.0,Other Airport Operations,Port of Seattle,Seattle,King,Puget Sound Clean Air Agency,13890.0,0.0,13876.0,7.0,8.0,0.0,0.0,0.0,0.0,,1.0,"47.443643, -122.302452",,,POINT (-122.302452 47.443643)
Chehalis Generation Facility - Chehalis,2020,Power Plants,Natural Gas Turbine Plants,221112.0,Fossil Fuel Electric Power Generation,Berkshire Hathaway,Chehalis,Lewis,EFSEC,965081.0,0.0,964101.0,447.0,533.0,0.0,0.0,0.0,0.0,,3.0,"46.6226, -122.9145",,,POINT (-122.9145 46.6226)
Northwest Pipeline Plymouth C/S - Plymouth,2019,Natural Gas Systems,Natural Gas Transmission/Compression,486210.0,Pipeline Transportation of Natural Gas,"The Williams Companies, Inc.",Plymouth,Benton,Benton Clean Air Agency,10119.0,0.0,6905.0,3210.0,4.0,0.0,0.0,0.0,0.0,First year reporting.,1.0,"45.9309, -119.41019",,,POINT (-119.41019 45.9309)
Darigold - Lynden,2016,Food Production,Dairy Products,311514.0,"Dry, Condensed, and Evaporated Dairy Product Manufacturing",Darigold Inc.,Lynden,Whatcom,Northwest Clean Air Agency,19646.0,0.0,19625.0,9.0,11.0,0.0,0.0,0.0,0.0,,1.0,"48.947567, -122.451915",,,POINT (-122.451915 48.947567)
"Analog Devices, Inc. - Camas",2020,Manufacturing,Electronics Industry,334413.0,Semiconductor and Related Device Manufacturing,Linear Technology Corporation,Camas,Clark,Southwest Clean Air Agency,13822.0,0.0,1957.0,1.0,1480.0,2086.0,4459.0,3641.0,198.0,,1.0,"45.598844, -122.45232",,,POINT (-122.45232 45.598844)
Naval Air Station Whidbey Island - Oak Harbor,2016,Government,National Security,928110.0,National Security,US Government,Oak Harbor,Island,Northwest Clean Air Agency,13366.0,0.0,13352.0,6.0,8.0,0.0,0.0,0.0,0.0,,1.0,"48.345281, -122.669741",,,POINT (-122.669741 48.345281)
"Horse Heaven Cattle Feeders, Inc. - Sunnyside",2019,Livestock,Cattle Feedlots,112112.0,Cattle Feedlots,"Horse Heaven Cattle Feeders, Inc.",Sunnyside,Yakima,Yakima Regional Clean Air Agency,11327.0,0.0,0.0,874.0,10453.0,0.0,0.0,0.0,0.0,,1.0,"46.284622, -120.019668",,,POINT (-120.019668 46.284622)
"SGL Carbon, LLC - Moses Lake",2023,Manufacturing,Transportation Industry,335991.0,Carbon and Graphite Product Manufacturing,SGL Automotive Carbon Fibers LLC,Moses Lake,Grant,Ecology: Eastern Regional Office,12414.0,0.0,12401.0,6.0,7.0,0.0,0.0,0.0,0.0,,1.0,"47.208993, -119.285437",,Reporter,POINT (-119.285437 47.208993)
Puget Sound Energy - Whitehorn Generating Station - Blaine,2016,Power Plants,Natural Gas Turbine Plants,221112.0,Fossil Fuel Electric Power Generation,Puget Holdings LLC,Blaine,Whatcom,Northwest Clean Air Agency,44950.0,0.0,44903.0,21.0,26.0,0.0,0.0,0.0,0.0,,2.0,"48.885475, -122.724299",,,POINT (-122.724299 48.885475)
Okanogan County Central Landfill - Okanogan,2018,Waste,Landfills,562212.0,Solid Waste Landfill,Okanogan County,Okanogan,Okanogan,Ecology: Central Regional Office,14240.0,0.0,0.0,14240.0,0.0,0.0,0.0,0.0,0.0,,1.0,"48.341148, -119.620109",,,POINT (-119.620109 48.341148)
"Boise Cascade Wood Products, LLC.  Kettle Falls Lumber - Kettle Falls",2014,Wood Products,Lumber Mills,321912.0,"Cut Stock, Resawing Lumber, and Planing",Boise Cascade Company,Kettle Falls,Stevens,Ecology: Eastern Regional Office,57413.0,56656.0,0.0,109.0,648.0,0.0,0.0,0.0,0.0,,2.0,"48.609799, -118.067441",,,POINT (-118.067441 48.609799)
Stevens County Landfill - Kettle Falls,2022,Waste,Landfills,562212.0,Solid Waste Landfill,Stevens County,Kettle Falls,Stevens,Ecology: Eastern Regional Office,11060.0,911.0,0.0,10145.0,3.0,0.0,0.0,0.0,0.0,First year reporting.,1.0,"48.580583, -118.087594",,,POINT (-118.087594 48.580583)
Puget Sound Energy LDC Supplier - Bellevue,2018,Supplier,Natural Gas Supplier,221210.0,Natural Gas Distribution,PUGET HOLDINGS LLC,Bellevue,King,,5095266.0,0.0,5090009.0,2398.0,2859.0,0.0,0.0,0.0,0.0,,,,,,
The Boeing Company: Boeing Plant 2 - Seattle,2013,Manufacturing,Transportation Industry,336411.0,Aircraft Manufacturing,The Boeing Company,Seattle,King,Puget Sound Clean Air Agency,24004.0,0.0,23980.0,11.0,13.0,0.0,0.0,0.0,0.0,,1.0,"47.532524, -122.311623",,,POINT (-122.311623 47.532524)
"North Pacific Paper Company, LLC - Longview",2019,Pulp and Paper,Other Pulp and Paper,322122.0,Newsprint Mills,NP Paper Investor Holdings LLC,Longview,Cowlitz,Southwest Clean Air Agency,38216.0,0.0,38177.0,18.0,21.0,0.0,0.0,0.0,0.0,Formerly part of Nippon Dynawave before 2016.,2.0,"46.125662, -122.976788",,,POINT (-122.976788 46.125662)
Matheson - Anacortes,2013,Petroleum Systems,Other Petroleum Systems,325120.0,Industrial Gas Manufacturing,Linde Gas North America LLC,Anacortes,Skagit,Northwest Clean Air Agency,41885.0,0.0,41885.0,0.0,0.0,0.0,0.0,0.0,0.0,First year reporting.,2.0,"48.467646, -122.554343",,,POINT (-122.554343 48.467646)
Imerys Minerals Quincy Plant - Quincy,2015,Minerals,Other Minerals,212399.0,All Other Nonmetallic Mineral Mining,Imerys Filtration Minerals Inc.,Quincy,Grant,Ecology: Eastern Regional Office,19541.0,0.0,19521.0,9.0,11.0,0.0,0.0,0.0,0.0,,1.0,"47.239948, -119.838831",,,POINT (-119.838831 47.239948)
"Analog Devices, Inc. - Camas",2015,Manufacturing,Electronics Industry,334413.0,Semiconductor and Related Device Manufacturing,Linear Technology Corporation,Camas,Clark,Southwest Clean Air Agency,34239.0,0.0,1804.0,1.0,1234.0,1844.0,26307.0,2729.0,320.0,,2.0,"45.598844, -122.45232",,,POINT (-122.45232 45.598844)
Cowlitz County Tennant Way Landfill - Longview,2020,Waste,Landfills,562212.0,Solid Waste Landfill,Cowlitz County Washington,Longview,Cowlitz,Southwest Clean Air Agency,16137.0,0.0,0.0,16137.0,0.0,0.0,0.0,0.0,0.0,,1.0,"46.107229, -122.905601",,,POINT (-122.905601 46.107229)
Georgia-Pacific Consumer Operations LLC - Camas,2020,Pulp and Paper,Kraft Mills,322120.0,Paper Mills,Koch Industries Inc.,Camas,Clark,Ecology: Industrial Section,67807.0,0.0,61535.0,6238.0,35.0,0.0,0.0,0.0,0.0,Pulp production shut down in 2018. New boiler acquired in 2020.,2.0,"45.584271, -122.40843",,,POINT (-122.40843 45.584271)
Roosevelt Regional Landfill - Roosevelt,2022,Waste,Landfills,562212.0,Solid Waste Landfill,"Republic Services, Inc.",Roosevelt,Klickitat,Ecology: Central Regional Office,344587.0,882.0,420.0,343280.0,4.0,0.0,0.0,0.0,0.0,,3.0,"45.807146, -120.179785",,,POINT (-120.179785 45.807146)
Washington Potato Company - Warden,2023,Food Production,Potato Products,311991.0,Perishable Prepared Food Manufacturing,Washington Potato Co.,Warden,Grant,Ecology: Eastern Regional Office,31872.0,0.0,31839.0,15.0,18.0,0.0,0.0,0.0,0.0,,2.0,"46.970469, -119.063631",31872.0,Covered Entity,POINT (-119.063631 46.970469)
Lamb Weston - Quincy,2018,Food Production,Potato Products,311411.0,"Frozen Fruit, Juice, and Vegetable Manufacturing","Lamb Weston, Inc.",Quincy,Grant,Ecology: Eastern Regional Office,32073.0,0.0,32040.0,15.0,18.0,0.0,0.0,0.0,0.0,,2.0,"47.234413, -119.869914",,,POINT (-119.869914 47.234413)
Port Angeles Hardwood LLC - Port Angeles,2012,Wood Products,Lumber Mills,321113.0,Sawmills,Port Angeles Hardwood LLC,Port Angeles,Clallam,Olympic Region Clean Air Agency,22940.0,22638.0,0.0,44.0,259.0,0.0,0.0,0.0,0.0,,1.0,"48.100872, -123.485745",,,POINT (-123.485745 48.100872)
Kettle Falls Generating Station - Kettle Falls,2023,Power Plants,"Other Power, Heating, or Cooling Plants",221117.0,Biomass Electric Power Generation,Avista Corp.,Kettle Falls,Stevens,Ecology: Eastern Regional Office,464244.0,442112.0,16211.0,856.0,5065.0,0.0,0.0,0.0,0.0,,3.0,"48.620335, -118.110841",,Reporter,POINT (-118.110841 48.620335)
Washington Potato Company - Warden,2012,Food Production,Potato Products,311991.0,Perishable Prepared Food Manufacturing,Washington Potato Co.,Warden,Grant,Ecology: Eastern Regional Office,31804.0,0.0,31771.0,15.0,18.0,0.0,0.0,0.0,0.0,,2.0,"46.970469, -119.063631",,,POINT (-119.063631 46.970469)
Michelsen Packaging - Yakima,2017,Pulp and Paper,Other Pulp and Paper,322299.0,All Other Converted Paper Product Manufacturing,Michelson Packaging Co.,Yakima,Yakima,Yakima Regional Clean Air Agency,9847.0,0.0,9836.0,5.0,6.0,0.0,0.0,0.0,0.0,,1.0,"46.604058, -120.513015",,,POINT (-120.513015 46.604058)
Nutrien US LLC. - Kennewick,2021,Chemicals,Fertilizer Production,325311.0,Nitrogenous Fertilizer Manufacturing,Agrium US Inc.,Kennewick,Benton,Benton Clean Air Agency,186638.0,0.0,10459.0,1.0,176178.0,0.0,0.0,0.0,0.0,,3.0,"46.165957, -119.017218",,,POINT (-119.017218 46.165957)
Kettle Falls Generating Station - Kettle Falls,2016,Power Plants,"Other Power, Heating, or Cooling Plants",221117.0,Biomass Electric Power Generation,Avista Corp.,Kettle Falls,Stevens,Ecology: Eastern Regional Office,479582.0,464930.0,2590.0,6743.0,5319.0,0.0,0.0,0.0,0.0,,3.0,"48.620335, -118.110841",,,POINT (-118.110841 48.620335)
LRI Landfill - Graham,2017,Waste,Landfills,562212.0,Solid Waste Landfill,Waste Connections Inc.,Graham,Pierce,Puget Sound Clean Air Agency,132924.0,0.0,0.0,132924.0,0.0,0.0,0.0,0.0,0.0,,3.0,"46.972405, -122.292799",,,POINT (-122.292799 46.972405)
Puget Sound Energy - Goldendale Generating Station - Goldendale,2013,Power Plants,Natural Gas Turbine Plants,221112.0,Fossil Fuel Electric Power Generation,Puget Holdings LLC,Goldendale,Klickitat,Ecology: Central Regional Office,544866.0,0.0,544312.0,252.0,301.0,0.0,0.0,0.0,0.0,,3.0,"45.8114, -120.833",,,POINT (-120.833 45.8114)
Hampton Lumber Mills Washington Inc. - Randle,2012,Wood Products,Lumber Mills,321113.0,Sawmills,Hampton Lumber Mills Washington Inc.,Randle,Lewis,Southwest Clean Air Agency,50381.0,49302.0,0.0,421.0,658.0,0.0,0.0,0.0,0.0,,2.0,"46.533743, -121.917906",,,POINT (-121.917906 46.533743)
SDS Lumber Company - Bingen,2020,Wood Products,Lumber Mills,321113.0,Sawmills,SDS Lumber Company,Bingen,Klickitat,Ecology: Central Regional Office,39747.0,39077.0,149.0,75.0,447.0,0.0,0.0,0.0,0.0,,2.0,"45.713913, -121.468688",,,POINT (-121.468688 45.713913)
"Gas Transmission Northwest Compressor Station 8, LLC -Wallula",2022,Natural Gas Systems,Natural Gas Transmission/Compression,486210.0,Pipeline Transportation of Natural Gas,TransCanada Northern Border Inc.,Wallula,Walla Walla,Ecology: Eastern Regional Office,127135.0,0.0,124802.0,2263.0,70.0,0.0,0.0,0.0,0.0,,3.0,"46.053153, -118.843934",,,POINT (-118.843934 46.053153)
Nippon Dynawave - Longview,2023,Pulp and Paper,Kraft Mills,322121.0,Paper (except Newsprint) Mills,Nippon Paper Industries Co Ltd,Longview,Cowlitz,Ecology: Industrial Section,1574261.0,1197530.0,369145.0,1623.0,5964.0,0.0,0.0,0.0,0.0,Formerly included North Pacific Paper Company before 2016.,4.0,"46.130495, -122.983637",376528.0,Covered Entity,POINT (-122.983637 46.130495)
Port Townsend Paper Corporation - Port Townsend,2013,Pulp and Paper,Kraft Mills,322121.0,Paper (except Newsprint) Mills,Port Townsend Paper Corp.,Port Townsend,Jefferson,Ecology: Industrial Section,555704.0,478000.0,72915.0,1807.0,2983.0,0.0,0.0,0.0,0.0,,3.0,"48.093793, -122.796806",,,POINT (-122.796806 48.093793)
Lamb Weston - Richland,2021,Food Production,Potato Products,311411.0,"Frozen Fruit, Juice, and Vegetable Manufacturing","Lamb Weston, Inc.",Richland,Benton,Benton Clean Air Agency,84268.0,10027.0,60803.0,13368.0,70.0,0.0,0.0,0.0,0.0,,2.0,"46.309314, -119.297267",,,POINT (-119.297267 46.309314)
University of Washington Seattle Campus - Seattle,2016,Government,Education,611310.0,"Colleges, Universities, and Professional Schools",State of Washington,Seattle,King,Puget Sound Clean Air Agency,87171.0,0.0,87081.0,41.0,49.0,0.0,0.0,0.0,0.0,,2.0,"47.653614, -122.303608",,,POINT (-122.303608 47.653614)
Tree Top - Prosser,2012,Food Production,Fruit Products,311411.0,"Frozen Fruit, Juice, and Vegetable Manufacturing",Tree Top Inc.,Prosser,Benton,Benton Clean Air Agency,17818.0,0.0,17799.0,8.0,10.0,0.0,0.0,0.0,0.0,,1.0,"46.21842, -119.73397",,,POINT (-119.73397 46.21842)
Frito Lay - Vancouver,2018,Food Production,Other Food Products,311919.0,Other Snack Food Manufacturing,PepsiCo Inc,Vancouver,Clark,Southwest Clean Air Agency,16728.0,0.0,16711.0,8.0,9.0,0.0,0.0,0.0,0.0,,1.0,"45.657037, -122.692",,,POINT (-122.692 45.657037)
The Boeing Company - Fabrication (Frederickson Site) - Puyallup,2020,Manufacturing,Transportation Industry,336411.0,Aircraft Manufacturing,The Boeing Company,Puyallup,Pierce,Puget Sound Clean Air Agency,16287.0,0.0,16271.0,8.0,9.0,0.0,0.0,0.0,0.0,,1.0,"47.088831, -122.34862",,,POINT (-122.34862 47.088831)
PacifiCorp - Portland,2022,Power,IOU,221122.0,Electric Power Distribution,Berkshire Hathaway,Portland,Multnomah,,1955145.0,,,,,,,,,,,,,,
Sierra Pacific Industries - Centralia,2023,Wood Products,Lumber Mills,321113.0,Sawmills,Sierra Pacific Industries,Centralia,Lewis,Southwest Clean Air Agency,39567.0,39000.0,0.0,82.0,486.0,0.0,0.0,0.0,0.0,,2.0,"46.756413, -122.995433",,Reporter,POINT (-122.995433 46.756413)
Alon Asphalt Company - Seattle,2015,Petroleum Systems,Other Petroleum Systems,424710.0,Petroleum Bulk Stations and Terminals,Delek US Holdings Inc.,Seattle,King,Puget Sound Clean Air Agency,13688.0,0.0,13665.0,16.0,7.0,0.0,0.0,0.0,0.0,,1.0,"47.781642, -122.395299",,,POINT (-122.395299 47.781642)
Tree Top - Prosser,2018,Food Production,Fruit Products,311411.0,"Frozen Fruit, Juice, and Vegetable Manufacturing",Tree Top Inc.,Prosser,Benton,Benton Clean Air Agency,19342.0,0.0,19322.0,9.0,11.0,0.0,0.0,0.0,0.0,,1.0,"46.21842, -119.73397",,,POINT (-119.73397 46.21842)
REC Solar Grade Silicon - Moses Lake,2013,Metals,Other Metals,331410.0,Primary Smelting and Refining of Nonferrous Metal (except Copper and Aluminum),REC Silicon,Moses Lake,Grant,Ecology: Eastern Regional Office,123755.0,0.0,123628.0,58.0,69.0,0.0,0.0,0.0,0.0,,3.0,"47.138359, -119.200383",,,POINT (-119.200383 47.138359)
Ash Grove Cement Company - Seattle,2017,Minerals,Cement Production,327310.0,Cement Manufacturing,Ash Grove Cement Co.,Seattle,King,Puget Sound Clean Air Agency,355399.0,0.0,355107.0,120.0,172.0,0.0,0.0,0.0,0.0,,3.0,"47.56799, -122.34255",,,POINT (-122.34255 47.56799)
Fairchild AFB - Spokane Co.,2020,Government,National Security,928110.0,National Security,US Government,Fairchild Air Force Base,Spokane,Spokane Regional Clean Air Agency,12469.0,0.0,12457.0,6.0,7.0,0.0,0.0,0.0,0.0,,1.0,"47.641332, -117.644832",,,POINT (-117.644832 47.641332)
Providence Sacred Heart Medical Center - Spokane,2022,Health Care,Hospitals,622110.0,General Medical and Surgical Hospitals,Providence Health Services,Spokane,Spokane,Spokane Regional Clean Air Agency,12778.0,0.0,12764.0,6.0,7.0,0.0,0.0,0.0,0.0,,1.0,"47.648848, -117.412461",,,POINT (-117.412461 47.648848)
Bretthauer Oil Company - Hillsboro,2022,Supplier,Other Fuel Supplier,424720.0,Petroleum and Petroleum Products Merchant Wholesalers (except Bulk Stations and Terminals),Bretthauer Oil Company,Hillsboro,Washington,,18834.0,2519.0,16192.0,11.0,113.0,0.0,0.0,0.0,0.0,,,,,,
Ardagh Glass Inc. - Seattle,2013,Minerals,Glass Production,327213.0,Glass Container Manufacturing,Ardagh Holdings USA Inc.,Seattle,King,Puget Sound Clean Air Agency,80745.0,0.0,80683.0,29.0,34.0,0.0,0.0,0.0,0.0,,2.0,"47.55242, -122.33739",,,POINT (-122.33739 47.55242)
Alon Asphalt Company - Seattle,2022,Petroleum Systems,Other Petroleum Systems,424710.0,Petroleum Bulk Stations and Terminals,Delek US Holdings Inc.,Seattle,King,Puget Sound Clean Air Agency,12.0,0.0,12.0,0.0,0.0,0.0,0.0,0.0,0.0,"Last reporting year. 3 consecutive years of GHG emissions below 5,000 MTCO2e.",1.0,"47.781642, -122.395299",,,POINT (-122.395299 47.781642)
Northwest Pipeline Plymouth C/S - Plymouth,2023,Natural Gas Systems,Natural Gas Transmission/Compression,486210.0,Pipeline Transportation of Natural Gas,"The Williams Companies, Inc.",Plymouth,Benton,Benton Clean Air Agency,7942.0,0.0,4789.0,3151.0,3.0,0.0,0.0,0.0,0.0,,1.0,"45.9309, -119.41019",,Reporter,POINT (-119.41019 45.9309)
Basic American Foods - Moses Lake,2017,Food Production,Potato Products,311423.0,Dried and Dehydrated Food Manufacturing,Basic American Inc.,Moses Lake,Grant,Ecology: Eastern Regional Office,30576.0,0.0,30545.0,15.0,17.0,0.0,0.0,0.0,0.0,,2.0,"47.075183, -119.220408",,,POINT (-119.220408 47.075183)
Air Liquide Hydrogen Plant  - Anacortes,2016,Petroleum Systems,Other Petroleum Systems,325120.0,Industrial Gas Manufacturing,Air Liquide USA Inc.,Anacortes,Skagit,Northwest Clean Air Agency,60218.0,0.0,60218.0,0.0,0.0,0.0,0.0,0.0,0.0,,2.0,"48.465617, -122.556032",,,POINT (-122.556032 48.465617)
Puget Sound Energy - Sumas Generating Station - Sumas,2012,Power Plants,Natural Gas Turbine Plants,221112.0,Fossil Fuel Electric Power Generation,Puget Holdings LLC,Sumas,Whatcom,Northwest Clean Air Agency,106647.0,0.0,106539.0,49.0,59.0,0.0,0.0,0.0,0.0,,3.0,"48.9905, -122.2733",,,POINT (-122.2733 48.9905)
King County Solid Waste Cedar Hills Landfill - Maple Valley,2014,Waste,Landfills,562212.0,Solid Waste Landfill,King County Solid Waste Division,Maple Valley,King,Puget Sound Clean Air Agency,69056.0,0.0,145.0,68911.0,0.0,0.0,0.0,0.0,0.0,Assigned emissions level: reported under obsolete method.,2.0,"47.462625, -122.046025",,,POINT (-122.046025 47.462625)
Alcoa Wenatchee Works - Malaga,2017,Metals,Aluminum Production,331312.0,Primary Aluminum Production,Alcoa Corp.,Malaga,Chelan,Ecology: Industrial Section,0.0,0.0,0.0,0.0,0.0,0.0,0.0,0.0,0.0,Facility curtailed.,1.0,"47.3567, -120.1273",,,POINT (-120.1273 47.3567)
Northwest Hardwoods Inc. - Longview,2022,Wood Products,Lumber Mills,321113.0,Sawmills,Littlejohn & Co. LLC,Longview,Cowlitz,Southwest Clean Air Agency,10224.0,5581.0,4563.0,13.0,66.0,0.0,0.0,0.0,0.0,,1.0,"46.114537, -122.916806",,,POINT (-122.916806 46.114537)
Cascade Hardwood LLC - Chehalis,2020,Wood Products,Lumber Mills,321113.0,Sawmills,Cascade Hardwood LLC,Chehalis,Lewis,Southwest Clean Air Agency,10274.0,10133.0,6.0,20.0,116.0,0.0,0.0,0.0,0.0,,1.0,"46.635062, -122.930338",,,POINT (-122.930338 46.635062)
Cascade Natural Gas Corporation LDC - statewide,2016,Natural Gas Systems,Natural Gas Local Distribution Companies,221210.0,Natural Gas Distribution,MDU Resources Group Inc.,Kennewick,Benton,Benton Clean Air Agency,23616.0,0.0,171.0,23445.0,0.0,0.0,0.0,0.0,0.0,,1.0,"46.21875, -119.22987",,,POINT (-119.22987 46.21875)
CertainTeed Gypsum - Seattle,2017,Manufacturing,Building Products,327420.0,Gypsum Product Manufacturing,Saint-Gobain Corporation,Seattle,King,Puget Sound Clean Air Agency,50452.0,0.0,50400.0,24.0,28.0,0.0,0.0,0.0,0.0,,2.0,"47.548056, -122.336944",,,POINT (-122.336944 47.548056)
Puget Sound Energy - Frederickson Generating Station - Tacoma,2017,Power Plants,Natural Gas Turbine Plants,221112.0,Fossil Fuel Electric Power Generation,Puget Holdings LLC,Tacoma,Pierce,Puget Sound Clean Air Agency,44365.0,0.0,44319.0,21.0,25.0,0.0,0.0,0.0,0.0,,2.0,"47.079716, -122.364711",,,POINT (-122.364711 47.079716)
Guy Bennett Lumber Company - Clarkston,2016,Wood Products,Lumber Mills,321113.0,Sawmills,Bennett Lumber Products Inc.,Clarkston,Asotin,Ecology: Eastern Regional Office,21698.0,21412.0,0.0,41.0,245.0,0.0,0.0,0.0,0.0,,1.0,"46.423108, -117.086487",,,POINT (-117.086487 46.423108)
Terrace Heights Landfill - Yakima,2018,Waste,Landfills,562212.0,Solid Waste Landfill,Yakima County Public Services - Solid Waste Division,Yakima,Yakima,Yakima Regional Clean Air Agency,117391.0,0.0,16.0,117376.0,0.0,0.0,0.0,0.0,0.0,,3.0,"46.610031, -120.39408",,,POINT (-120.39408 46.610031)
Puget Sound Energy - Encogen Generating Station - Bellingham,2016,Power Plants,Natural Gas Turbine Plants,221112.0,Fossil Fuel Electric Power Generation,Puget Holdings LLC,Bellingham,Whatcom,Northwest Clean Air Agency,103713.0,0.0,103607.0,48.0,57.0,0.0,0.0,0.0,0.0,,3.0,"48.746, -122.486",,,POINT (-122.486 48.746)
Mutual Materials Mica Brick Plant - Spokane,2021,Minerals,Other Minerals,327120.0,Clay Building Material and Refractories Manufacturing,Mutual Materials Co.,Spokane,Spokane,Spokane Regional Clean Air Agency,9321.0,0.0,9311.0,5.0,5.0,0.0,0.0,0.0,0.0,,1.0,"47.55833, -117.2117",,,POINT (-117.2117 47.55833)
Sierra Pacific Industries - Shelton,2013,Wood Products,Lumber Mills,321212.0,Softwood Veneer and Plywood Manufacturing,Simpson Lumber Company LLC,Shelton,Mason,Olympic Region Clean Air Agency,112322.0,103334.0,7600.0,202.0,1186.0,0.0,0.0,0.0,0.0,,3.0,"47.213448, -123.096517",,,POINT (-123.096517 47.213448)
Brookfield Renewable Trading and Marketing LP - New York,2022,Power,Marketer,221122.0,Electric Power Distribution,Brookfield Renewable Trading and Marketing LP,New York,New York,,12477.0,,,,,,,,,,,,,,
Cosmo Specialty Fibers Inc - Cosmopolis,2015,Pulp and Paper,Sulfite Mills,322110.0,Pulp Mills,Cosmo Specialty Fibers Inc.,Cosmopolis,Grays Harbor,Ecology: Industrial Section,544399.0,520891.0,16781.0,4607.0,2120.0,0.0,0.0,0.0,0.0,,3.0,"46.952907, -123.76211",,,POINT (-123.76211 46.952907)
Hampton Lumber Mills Washington Inc. - Randle,2015,Wood Products,Lumber Mills,321113.0,Sawmills,Hampton Lumber Mills Washington Inc.,Randle,Lewis,Southwest Clean Air Agency,54461.0,53743.0,0.0,103.0,615.0,0.0,0.0,0.0,0.0,,2.0,"46.533743, -121.917906",,,POINT (-121.917906 46.533743)
The Boeing Company: Boeing Plant 2 - Seattle,2018,Manufacturing,Transportation Industry,336411.0,Aircraft Manufacturing,The Boeing Company,Seattle,King,Puget Sound Clean Air Agency,22705.0,0.0,22682.0,11.0,13.0,0.0,0.0,0.0,0.0,,1.0,"47.532524, -122.311623",,,POINT (-122.311623 47.532524)
TransAlta Centralia Generation LLC - Centralia,2012,Power Plants,Coal Plants,221112.0,Fossil Fuel Electric Power Generation,Transalta Centralia Generation/Mining,Centralia,Lewis,Southwest Clean Air Agency,4154743.0,0.0,4121860.0,12028.0,20855.0,0.0,0.0,0.0,0.0,,5.0,"46.7559, -122.8578",,,POINT (-122.8578 46.7559)
"Vaagen Bros. Lumber, Inc. - Colville",2012,Wood Products,Lumber Mills,321999.0,All Other Miscellaneous Wood Product Manufacturing,Vaagen Bros. Lumber Inc.,Colville,Stevens,Ecology: Eastern Regional Office,44695.0,43738.0,0.0,373.0,583.0,0.0,0.0,0.0,0.0,,2.0,"48.548525, -117.915469",,,POINT (-117.915469 48.548525)
The Boeing Company: DC/MFC - Tukwila,2012,Manufacturing,Transportation Industry,336411.0,Aircraft Manufacturing,The Boeing Company,Tukwila,King,Puget Sound Clean Air Agency,15766.0,0.0,15750.0,8.0,9.0,0.0,0.0,0.0,0.0,,1.0,"47.516246, -122.298613",,,POINT (-122.298613 47.516246)
Cascade Natural Gas Corporation - supplier,2019,Supplier,Natural Gas Supplier,221210.0,Natural Gas Distribution,"MDU Resources Group, Inc.",Kennewick,Benton,,1817666.0,0.0,1815790.0,856.0,1020.0,0.0,0.0,0.0,0.0,,,,,,
Kettle Falls Generating Station - Kettle Falls,2012,Power Plants,"Other Power, Heating, or Cooling Plants",221117.0,Biomass Electric Power Generation,Avista Corp.,Kettle Falls,Stevens,Ecology: Eastern Regional Office,276784.0,264318.0,1104.0,7835.0,3527.0,0.0,0.0,0.0,0.0,,3.0,"48.620335, -118.110841",,,POINT (-118.110841 48.620335)
"SGL Carbon, LLC - Moses Lake",2018,Manufacturing,Transportation Industry,335991.0,Carbon and Graphite Product Manufacturing,SGL Automotive Carbon Fibers LLC,Moses Lake,Grant,Ecology: Eastern Regional Office,9549.0,0.0,9539.0,5.0,5.0,0.0,0.0,0.0,0.0,,1.0,"47.208993, -119.285437",,,POINT (-119.285437 47.208993)
Avista Corporation LDC - WA - statewide,2013,Natural Gas Systems,Natural Gas Local Distribution Companies,221210.0,Natural Gas Distribution,Avista Corp.,Spokane,Spokane,Spokane Regional Clean Air Agency,15199.0,0.0,18.0,15180.0,0.0,0.0,0.0,0.0,0.0,,1.0,"47.673662, -117.388735",,,POINT (-117.388735 47.673662)
Grays Harbor Energy Center - Elma,2021,Power Plants,Natural Gas Turbine Plants,221112.0,Fossil Fuel Electric Power Generation,Invenergy Investment Company LLC,Elma,Grays Harbor,EFSEC,1367817.0,0.0,1366428.0,634.0,755.0,0.0,0.0,0.0,0.0,,4.0,"46.9688, -123.48",,,POINT (-123.48 46.9688)
Mutual Materials Mica Brick Plant - Spokane,2019,Minerals,Other Minerals,327120.0,Clay Building Material and Refractories Manufacturing,Mutual Materials Co.,Spokane,Spokane,Spokane Regional Clean Air Agency,11287.0,0.0,11275.0,5.0,6.0,0.0,0.0,0.0,0.0,,1.0,"47.55833, -117.2117",,,POINT (-117.2117 47.55833)
"SEH America, Inc - Vancouver",2016,Manufacturing,Electronics Industry,334413.0,Semiconductor and Related Device Manufacturing,SEH America Inc.,Vancouver,Clark,Southwest Clean Air Agency,8598.0,0.0,8589.0,4.0,5.0,0.0,0.0,0.0,0.0,,1.0,"45.649912, -122.553612",,,POINT (-122.553612 45.649912)
Chehalis Generation Facility - Chehalis,2014,Power Plants,Natural Gas Turbine Plants,221112.0,Fossil Fuel Electric Power Generation,Berkshire Hathaway,Chehalis,Lewis,EFSEC,1062012.0,0.0,1060934.0,492.0,586.0,0.0,0.0,0.0,0.0,,3.0,"46.6226, -122.9145",,,POINT (-122.9145 46.6226)
"Horse Heaven Cattle Feeders, Inc. - Sunnyside",2014,Livestock,Cattle Feedlots,112112.0,Cattle Feedlots,"Horse Heaven Cattle Feeders, Inc.",Sunnyside,Yakima,Yakima Regional Clean Air Agency,8463.0,0.0,0.0,660.0,7803.0,0.0,0.0,0.0,0.0,,1.0,"46.284622, -120.019668",,,POINT (-120.019668 46.284622)
City of Spokane Northside Landfill - Spokane,2012,Waste,Landfills,562212.0,Solid Waste Landfill,City of Spokane,Spokane,Spokane,Spokane Regional Clean Air Agency,10471.0,0.0,0.0,10471.0,0.0,0.0,0.0,0.0,0.0,Voluntary reporter.,1.0,"47.727246, -117.487442",,,POINT (-117.487442 47.727246)
Lamb Weston - Pasco,2013,Food Production,Potato Products,311411.0,"Frozen Fruit, Juice, and Vegetable Manufacturing","Lamb Weston, Inc.",Pasco,Franklin,Ecology: Eastern Regional Office,49844.0,0.0,49793.0,24.0,28.0,0.0,0.0,0.0,0.0,,2.0,"46.288137, -119.115336",,,POINT (-119.115336 46.288137)
Cathcart Landfill - Snohomish,2016,Waste,Landfills,562212.0,Solid Waste Landfill,Snohomish County,Snohomish,Snohomish,Puget Sound Clean Air Agency,6993.0,0.0,161.0,6832.0,0.0,0.0,0.0,0.0,0.0,,1.0,"47.870014, -122.118284",,,POINT (-122.118284 47.870014)
Boulder Park Generating Station - Spokane Valley,2016,Power Plants,"Other Power, Heating, or Cooling Plants",221112.0,Fossil Fuel Electric Power Generation,Avista Corp.,Spokane Valley,Spokane,Spokane Regional Clean Air Agency,9009.0,0.0,8999.0,4.0,5.0,0.0,0.0,0.0,0.0,,1.0,"47.696999, -117.147223",,,POINT (-117.147223 47.696999)
Sierra Pacific Industries - Centralia,2018,Wood Products,Lumber Mills,321113.0,Sawmills,Sierra Pacific Industries,Centralia,Lewis,Southwest Clean Air Agency,42446.0,41887.0,0.0,81.0,479.0,0.0,0.0,0.0,0.0,,2.0,"46.756413, -122.995433",,,POINT (-122.995433 46.756413)
Northwest Pipeline C/S - Washougal,2018,Natural Gas Systems,Natural Gas Transmission/Compression,486210.0,Pipeline Transportation of Natural Gas,"The Williams Companies, Inc.",Washougal,Clark,Southwest Clean Air Agency,16346.0,0.0,14727.0,1611.0,8.0,0.0,0.0,0.0,0.0,,1.0,"45.63236, -122.36516",,,POINT (-122.36516 45.63236)
"Kaiser Aluminum Washington, LLC (Trentwood Works) - Spokane Valley",2017,Metals,Other Metals,331315.0,"Aluminum Sheet, Plate, and Foil Manufacturing",Kaiser Aluminum Corp.,Spokane Valley,Spokane,Spokane Regional Clean Air Agency,126365.0,0.0,126235.0,60.0,71.0,0.0,0.0,0.0,0.0,,3.0,"47.687074, -117.212673",,,POINT (-117.212673 47.687074)
Puget Sound Energy LDC Facility - Bellevue,2017,Natural Gas Systems,Natural Gas Local Distribution Companies,221210.0,Natural Gas Distribution,Puget Holdings LLC,Bellevue,King,Puget Sound Clean Air Agency,60615.0,0.0,103.0,60512.0,0.0,0.0,0.0,0.0,0.0,,2.0,"47.61345, -122.19454",,,POINT (-122.19454 47.61345)
Owens-Brockway Glass Container Inc Plant #2 - Kalama,2021,Minerals,Glass Production,327213.0,Glass Container Manufacturing,O-I Glass Inc.,Kalama,Cowlitz,Southwest Clean Air Agency,26528.0,0.0,26510.0,9.0,10.0,0.0,0.0,0.0,0.0,,2.0,"46.031656, -122.866241",,,POINT (-122.866241 46.031656)
Northwest Hardwoods Inc. - Centralia,2017,Wood Products,Lumber Mills,321113.0,Sawmills,Littlejohn & Co. LLC,Centralia,Lewis,Southwest Clean Air Agency,10678.0,7117.0,3463.0,16.0,83.0,0.0,0.0,0.0,0.0,,1.0,"46.734454, -122.991963",,,POINT (-122.991963 46.734454)
US Army Joint Base Lewis-McChord - Pierce Co.,2020,Government,National Security,928110.0,National Security,US Government,Joint Base Lewis-McChord,Pierce,Puget Sound Clean Air Agency,70954.0,0.0,55203.0,15719.0,32.0,0.0,0.0,0.0,0.0,,2.0,"47.1142, -122.5365",,,POINT (-122.5365 47.1142)
J.R. Simplot Company - Moses Lake,2020,Food Production,Potato Products,311411.0,"Frozen Fruit, Juice, and Vegetable Manufacturing",J.R. Simplot Company,Moses Lake,Grant,Ecology: Eastern Regional Office,33788.0,5058.0,22827.0,5872.0,31.0,0.0,0.0,0.0,0.0,,2.0,"47.131732, -119.18926",,,POINT (-119.18926 47.131732)
Sonoco Products - Sumner,2012,Pulp and Paper,Other Pulp and Paper,322130.0,Paperboard Mills,Sonoco Products Company,Sumner,Pierce,Puget Sound Clean Air Agency,10342.0,0.0,10331.0,5.0,6.0,0.0,0.0,0.0,0.0,,1.0,"47.210641, -122.239474",,,POINT (-122.239474 47.210641)
CenTrio Energy Seattle LLC - Seattle,2021,Power Plants,"Other Power, Heating, or Cooling Plants",221330.0,Steam and Air-Conditioning Supply,Seattle Steam Company LLC,Seattle,King,Puget Sound Clean Air Agency,66389.0,0.0,66320.0,31.0,37.0,0.0,0.0,0.0,0.0,,2.0,"47.6068, -122.340179",,,POINT (-122.340179 47.6068)
Murphy Veneer - Elma,2018,Wood Products,Other Wood Products,321212.0,Softwood Veneer and Plywood Manufacturing,Murphy Co.,Elma,Grays Harbor,Olympic Region Clean Air Agency,10158.0,0.0,10147.0,5.0,6.0,0.0,0.0,0.0,0.0,,1.0,"47.040323, -123.334339",,,POINT (-123.334339 47.040323)
Alcoa Wenatchee Works - Malaga,2012,Metals,Aluminum Production,331312.0,Primary Aluminum Production,Alcoa Corp.,Malaga,Chelan,Ecology: Industrial Section,306333.0,0.0,269093.0,14.0,17.0,0.0,37208.0,0.0,0.0,,3.0,"47.3567, -120.1273",,,POINT (-120.1273 47.3567)
Sierra Pacific Industries - Centralia,2014,Wood Products,Lumber Mills,321113.0,Sawmills,Sierra Pacific Industries,Centralia,Lewis,Southwest Clean Air Agency,45935.0,45330.0,0.0,87.0,519.0,0.0,0.0,0.0,0.0,,2.0,"46.756413, -122.995433",,,POINT (-122.995433 46.756413)
"Tyson Fresh Meats, Inc. - Wallula",2021,Food Production,Meat Products,311611.0,Animal (except Poultry) Slaughtering,"Tyson Foods, Inc",Wallula,Walla Walla,Ecology: Eastern Regional Office,106862.0,0.0,23569.0,83280.0,13.0,0.0,0.0,0.0,0.0,,3.0,"46.137521, -118.913051",,,POINT (-118.913051 46.137521)
"Christensen, Inc. - Richland",2023,Supplier,Other Fuel Supplier,424720.0,Petroleum and Petroleum Products Merchant Wholesalers (except Bulk Stations and Terminals),"Christensen, Inc.",Richland,Benton,,43388.0,1221.0,41826.0,42.0,299.0,0.0,0.0,0.0,0.0,,,,42167.0,Covered Entity,
Northwest Pipeline LLC - Houston,2023,Supplier,Natural Gas Supplier,486210.0,Pipeline Transportation of Natural Gas,The Williams Companies Inc,Houston,Harris,,,,,,,,,,,,,,55563.0,Covered Entity,
Ascensus Specialties LLC - Elma,2017,Chemicals,Other Chemicals,325180.0,Other Basic Inorganic Chemical Manufacturing,VSI Holdings LLC,Elma,Grays Harbor,Olympic Region Clean Air Agency,21310.0,0.0,21288.0,10.0,12.0,0.0,0.0,0.0,0.0,,1.0,"46.995459, -123.382316",,,POINT (-123.382316 46.995459)
"Kaiser Aluminum Washington, LLC (Trentwood Works) - Spokane Valley",2022,Metals,Other Metals,331315.0,"Aluminum Sheet, Plate, and Foil Manufacturing",Kaiser Aluminum Corp.,Spokane Valley,Spokane,Spokane Regional Clean Air Agency,124441.0,0.0,124313.0,59.0,70.0,0.0,0.0,0.0,0.0,,3.0,"47.687074, -117.212673",,,POINT (-117.212673 47.687074)
Gas Transmission Northwest Compressor Station 7 -Prescott,2018,Natural Gas Systems,Natural Gas Transmission/Compression,486210.0,Pipeline Transportation of Natural Gas,TransCanada Northern Border Inc.,Starbuck,Columbia,Ecology: Eastern Regional Office,64228.0,0.0,63124.0,1068.0,35.0,0.0,0.0,0.0,0.0,,2.0,"46.53558, -118.293441",,,POINT (-118.293441 46.53558)
Alcoa Intalco Works - Ferndale,2016,Metals,Aluminum Production,331312.0,Primary Aluminum Production,Alcoa Corp.,Ferndale,Whatcom,Ecology: Industrial Section,1261364.0,0.0,376843.0,10069.0,33.0,0.0,874420.0,0.0,0.0,PFC emissions based on old source test information.,4.0,"48.8455, -122.7055",,,POINT (-122.7055 48.8455)
Tree Top - Selah Campus,2013,Food Production,Fruit Products,311423.0,Dried and Dehydrated Food Manufacturing,Tree Top Inc.,Selah,Yakima,Yakima Regional Clean Air Agency,15638.0,0.0,15622.0,7.0,9.0,0.0,0.0,0.0,0.0,,1.0,"46.64992, -120.52755",,,POINT (-120.52755 46.64992)
Hampton Lumber Mills Washington Inc. - Darrington,2019,Wood Products,Lumber Mills,321113.0,Sawmills,Hampton Lumber Mills Washington Inc.,Darrington,Snohomish,Puget Sound Clean Air Agency,84097.0,82988.0,0.0,159.0,949.0,0.0,0.0,0.0,0.0,,2.0,"48.262797, -121.597608",,,POINT (-121.597608 48.262797)
Frederickson Power LP - Tacoma,2013,Power Plants,Natural Gas Turbine Plants,221112.0,Fossil Fuel Electric Power Generation,"Puget Sound Energy, Inc. and Capital Power (US Holdings) Inc",Tacoma,Pierce,Puget Sound Clean Air Agency,328068.0,0.0,327735.0,152.0,181.0,0.0,0.0,0.0,0.0,,3.0,"47.086342, -122.365686",,,POINT (-122.365686 47.086342)
CenTrio Energy Seattle LLC - Seattle,2012,Power Plants,"Other Power, Heating, or Cooling Plants",221330.0,Steam and Air-Conditioning Supply,Seattle Steam Company LLC,Seattle,King,Puget Sound Clean Air Agency,88823.0,12323.0,76152.0,141.0,207.0,0.0,0.0,0.0,0.0,,2.0,"47.6068, -122.340179",,,POINT (-122.340179 47.6068)
Star Forge LLC dba Jorgensen Forge - Tukwila,2019,Metals,Other Metals,332111.0,Iron and Steel Forging,Jorgensen Forge Corp.,Tukwila,King,Puget Sound Clean Air Agency,60.0,0.0,60.0,0.0,0.0,0.0,0.0,0.0,0.0,Last year reporting.  Facility shut down.,1.0,"47.526872, -122.303906",,,POINT (-122.303906 47.526872)
"Reser's Fine Foods, Inc. Capitol Plant - Pasco",2022,Food Production,Other Food Products,311991.0,Perishable Prepared Food Manufacturing,"Resers Fine Foods, Inc",Pasco,Franklin,Ecology: Eastern Regional Office,2481.0,0.0,2478.0,1.0,1.0,0.0,0.0,0.0,0.0,Only year reporting. Voluntary reporter.,1.0,"46.278453, -119.084682",,,POINT (-119.084682 46.278453)
Puget Sound Energy - Ferndale Generating Station - Ferndale,2022,Power Plants,Natural Gas Turbine Plants,221112.0,Fossil Fuel Electric Power Generation,Puget Holdings LLC,Ferndale,Whatcom,Northwest Clean Air Agency,464786.0,0.0,464289.0,222.0,275.0,0.0,0.0,0.0,0.0,,3.0,"48.828707, -122.685533",,,POINT (-122.685533 48.828707)
Keyes Fibre Corporation - Wenatchee,2012,Pulp and Paper,Other Pulp and Paper,322299.0,All Other Converted Paper Product Manufacturing,Tekni-Plex Wenatchee Fiber Consumer Porducts,Wenatchee,Chelan,Ecology: Central Regional Office,12342.0,0.0,12330.0,5.0,7.0,0.0,0.0,0.0,0.0,,1.0,"47.485987, -120.316363",,,POINT (-120.316363 47.485987)
Gas Transmission Northwest Compressor Station 7 -Prescott,2023,Natural Gas Systems,Natural Gas Transmission/Compression,486210.0,Pipeline Transportation of Natural Gas,TransCanada Northern Border Inc.,Starbuck,Columbia,Ecology: Eastern Regional Office,133778.0,0.0,131653.0,2051.0,74.0,0.0,0.0,0.0,0.0,,3.0,"46.53558, -118.293441",133778.0,Covered Entity,POINT (-118.293441 46.53558)
Puget Sound Energy T&D - statewide,2016,Power Plants,Electrical Transmission and Distribution,221122.0,Electric Power Distribution,Puget Holdings LLC,Bellevue,King,Puget Sound Clean Air Agency,1484.0,0.0,0.0,0.0,0.0,0.0,0.0,1484.0,0.0,"Ceased reporting. 3 consecutive years of GHG emissions below 5,000 MTCO2e.",1.0,"47.61345, -122.19454",,,POINT (-122.19454 47.61345)
Naval Base Kitsap - Bremerton,2018,Government,National Security,928110.0,National Security,US Government,Bremerton,Kitsap,Puget Sound Clean Air Agency,43240.0,0.0,43194.0,21.0,25.0,0.0,0.0,0.0,0.0,,2.0,"47.557047, -122.645933",,,POINT (-122.645933 47.557047)
The Boeing Company - Renton,2021,Manufacturing,Transportation Industry,336411.0,Aircraft Manufacturing,The Boeing Company,Renton,King,Puget Sound Clean Air Agency,16267.0,0.0,16250.0,8.0,9.0,0.0,0.0,0.0,0.0,,1.0,"47.498257, -122.211346",,,POINT (-122.211346 47.498257)
Tree Top - Wenatchee,2023,Food Production,Fruit Products,311423.0,Dried and Dehydrated Food Manufacturing,Tree Top Inc.,Wenatchee,Chelan,Ecology: Central Regional Office,9775.0,0.0,9765.0,5.0,5.0,0.0,0.0,0.0,0.0,,1.0,"47.48938, -120.31426",,Reporter,POINT (-120.31426 47.48938)
TransAlta Centralia Generation LLC - Centralia,2021,Power Plants,Coal Plants,221112.0,Fossil Fuel Electric Power Generation,Transalta Centralia Generation/Mining,Centralia,Lewis,Southwest Clean Air Agency,3484305.0,0.0,3456999.0,9988.0,17318.0,0.0,0.0,0.0,0.0,Unit 1 permanently shut down 12/31/20.,5.0,"46.7559, -122.8578",,,POINT (-122.8578 46.7559)
City of Ellensburg LDC - supplier,2017,Supplier,Natural Gas Supplier,221210.0,Natural Gas Distribution,City of Ellensburg,Ellensburg,Kittitas,,29459.0,0.0,29429.0,14.0,17.0,0.0,0.0,0.0,0.0,,,,,,
Inland Power & Light Co - Spokane,2022,Power,COU,221122.0,Electric Power Distribution,,Spokane,Spokane,,16647.0,,,,,,,,,,,,,,
"Nucor Steel Seattle, Inc, - Seattle",2021,Metals,Iron and Steel Production,331110.0,Iron and Steel Mills and Ferroalloy Manufacturing,Nucor Corporation,Seattle,King,Puget Sound Clean Air Agency,97512.0,0.0,97466.0,21.0,25.0,0.0,0.0,0.0,0.0,,2.0,"47.569331, -122.367332",,,POINT (-122.367332 47.569331)
Hampton Lumber Mills Washington Inc. - Darrington,2014,Wood Products,Lumber Mills,321113.0,Sawmills,Hampton Lumber Mills Washington Inc.,Darrington,Snohomish,Puget Sound Clean Air Agency,93894.0,92656.0,0.0,178.0,1060.0,0.0,0.0,0.0,0.0,,2.0,"48.262797, -121.597608",,,POINT (-121.597608 48.262797)
Darigold - Lynden,2022,Food Production,Dairy Products,311514.0,"Dry, Condensed, and Evaporated Dairy Product Manufacturing",Darigold Inc.,Lynden,Whatcom,Northwest Clean Air Agency,19212.0,0.0,19193.0,9.0,11.0,0.0,0.0,0.0,0.0,,1.0,"48.947567, -122.451915",,,POINT (-122.451915 48.947567)
Inland Empire Paper Company - Spokane,2017,Pulp and Paper,Other Pulp and Paper,322122.0,Newsprint Mills,Cowles Publishing Co.,Spokane,Spokane,Spokane Regional Clean Air Agency,28859.0,17620.0,10992.0,39.0,208.0,0.0,0.0,0.0,0.0,,2.0,"47.688295, -117.279323",,,POINT (-117.279323 47.688295)
Horn Rapids Sanitary Landfill - Richland,2015,Waste,Landfills,562212.0,Solid Waste Landfill,City of Richland,Richland,Benton,Benton Clean Air Agency,26870.0,0.0,0.0,26870.0,0.0,0.0,0.0,0.0,0.0,,2.0,"46.346663, -119.348118",,,POINT (-119.348118 46.346663)
Pasco Processing LLC - Pasco,2014,Food Production,Other Food Products,311991.0,Perishable Prepared Food Manufacturing,Oregon Potato Co.,Pasco,Franklin,Ecology: Eastern Regional Office,17298.0,0.0,17280.0,8.0,10.0,0.0,0.0,0.0,0.0,,1.0,"46.28274, -119.097528",,,POINT (-119.097528 46.28274)
Marathon Anacortes Refinery - Anacortes,2022,Petroleum Systems,Petroleum Refineries,324110.0,Petroleum Refineries,Marathon Petroleum Corp,Anacortes,Skagit,Northwest Clean Air Agency,1370882.0,0.0,1364958.0,2455.0,3469.0,0.0,0.0,0.0,0.0,,4.0,"48.493816, -122.564845",,,POINT (-122.564845 48.493816)
The Boeing Company - Auburn Site - Auburn,2017,Manufacturing,Transportation Industry,336413.0,Other Aircraft Parts and Auxiliary Equipment Manufacturing,The Boeing Company,Auburn,King,Puget Sound Clean Air Agency,38096.0,0.0,38057.0,18.0,21.0,0.0,0.0,0.0,0.0,,2.0,"47.285551, -122.242298",,,POINT (-122.242298 47.285551)
Darigold - Chehalis,2014,Food Production,Dairy Products,311514.0,"Dry, Condensed, and Evaporated Dairy Product Manufacturing",Darigold Inc.,Chehalis,Lewis,Southwest Clean Air Agency,13643.0,0.0,13629.0,7.0,8.0,0.0,0.0,0.0,0.0,,1.0,"46.659952, -122.970162",,,POINT (-122.970162 46.659952)
Imerys Minerals Quincy Plant - Quincy,2019,Minerals,Other Minerals,212399.0,All Other Nonmetallic Mineral Mining,Imerys Filtration Minerals Inc.,Quincy,Grant,Ecology: Eastern Regional Office,20150.0,0.0,20129.0,10.0,11.0,0.0,0.0,0.0,0.0,,1.0,"47.239948, -119.838831",,,POINT (-119.838831 47.239948)
"Solvay Chemicals, Inc. - Longview",2015,Chemicals,Other Chemicals,325180.0,Other Basic Inorganic Chemical Manufacturing,Solvay Chemicals Inc.,Longview,Cowlitz,Southwest Clean Air Agency,49098.0,0.0,49098.0,0.0,0.0,0.0,0.0,0.0,0.0,,2.0,"46.137218, -122.982847",,,POINT (-122.982847 46.137218)
Matheson - Anacortes,2017,Petroleum Systems,Other Petroleum Systems,325120.0,Industrial Gas Manufacturing,Linde Gas North America LLC,Anacortes,Skagit,Northwest Clean Air Agency,35843.0,0.0,35843.0,0.0,0.0,0.0,0.0,0.0,0.0,,2.0,"48.467646, -122.554343",,,POINT (-122.554343 48.467646)
"Rainier Veneer, Inc. - Spanaway",2016,Wood Products,Other Wood Products,321212.0,Softwood Veneer and Plywood Manufacturing,Rainier Veneer Inc.,Spanaway,Pierce,Puget Sound Clean Air Agency,17294.0,15416.0,1671.0,30.0,177.0,0.0,0.0,0.0,0.0,,1.0,"47.062059, -122.318981",,,POINT (-122.318981 47.062059)
NW Natural - supplier,2015,Supplier,Natural Gas Supplier,221210.0,Natural Gas Distribution,,Portland,Multnomah,,375766.0,0.0,375379.0,176.0,210.0,0.0,0.0,0.0,0.0,,,,,,
LANXESS Corporation - Kalama,2012,Chemicals,Other Chemicals,325199.0,All Other Basic Organic Chemical Manufacturing,Emerald Performance Materials LLC,Kalama,Cowlitz,Southwest Clean Air Agency,61809.0,0.0,61744.0,30.0,35.0,0.0,0.0,0.0,0.0,,2.0,"46.02191, -122.85698",,,POINT (-122.85698 46.02191)
BB Energy USA LLC,2023,Supplier,Other Fuel Supplier,424720.0,Petroleum and Petroleum Products Merchant Wholesalers (except Bulk Stations and Terminals),BB ENERGY USA LLC,Houston,Harris,,1694.0,114.0,1548.0,3.0,29.0,0.0,0.0,0.0,0.0,,,,,Reporter,
James Hardie Building Products - Tacoma,2021,Manufacturing,Building Products,327390.0,Other Concrete Product Manufacturing,James Hardie Building Products Inc.,Tacoma,Pierce,Puget Sound Clean Air Agency,21700.0,0.0,21678.0,10.0,12.0,0.0,0.0,0.0,0.0,,1.0,"47.092145, -122.364656",,,POINT (-122.364656 47.092145)
Boeing Commercial Airplanes - Everett,2020,Manufacturing,Transportation Industry,336411.0,Aircraft Manufacturing,The Boeing Company,Everett,Snohomish,Puget Sound Clean Air Agency,67553.0,0.0,67483.0,32.0,38.0,0.0,0.0,0.0,0.0,,2.0,"47.918622, -122.276987",,,POINT (-122.276987 47.918622)
"Boise Cascade Wood Products, LLC.  Kettle Falls Plywood - Kettle Falls",2022,Wood Products,Other Wood Products,321219.0,Reconstituted Wood Product Manufacturing,Boise Cascade Company,Kettle Falls,Stevens,Ecology: Eastern Regional Office,73039.0,54188.0,18108.0,113.0,630.0,0.0,0.0,0.0,0.0,,2.0,"48.613175, -118.116106",,,POINT (-118.116106 48.613175)
Gee Cee's Inc.- Toledo,2023,Supplier,Other Fuel Supplier,457110.0,Gasoline Stations with Convenience Stores,Gee Cee s Inc.,Toledo,Lewis,,23873.0,12.0,23839.0,3.0,19.0,0.0,0.0,0.0,0.0,,,,,Reporter,
Spokane Waste to Energy Facility - Spokane,2013,Power Plants,"Other Power, Heating, or Cooling Plants",562213.0,Solid Waste Combustors and Incinerators,City of Spokane,Spokane,Spokane,Spokane Regional Clean Air Agency,244932.0,140268.0,99262.0,2106.0,3295.0,0.0,0.0,0.0,0.0,,3.0,"47.626529, -117.504278",,,POINT (-117.504278 47.626529)
"Interfor US, Inc. - Port Angeles",2022,Wood Products,Lumber Mills,321113.0,Sawmills,Interfor US Inc.,Port Angeles,Clallam,Olympic Region Clean Air Agency,42970.0,42404.0,0.0,81.0,485.0,0.0,0.0,0.0,0.0,,2.0,"48.103425, -123.518642",,,POINT (-123.518642 48.103425)
Waste Management Greater Wenatchee Regional Landfill - East Wenatchee,2023,Waste,Landfills,562212.0,Solid Waste Landfill,Waste Management Inc.,East Wenatchee,Douglas,Ecology: Central Regional Office,59718.0,16811.0,0.0,42847.0,60.0,0.0,0.0,0.0,0.0,,2.0,"47.405083, -120.167444",,Reporter,POINT (-120.167444 47.405083)
Port Angeles Hardwood LLC - Port Angeles,2016,Wood Products,Lumber Mills,321113.0,Sawmills,Port Angeles Hardwood LLC,Port Angeles,Clallam,Olympic Region Clean Air Agency,23212.0,22906.0,0.0,44.0,262.0,0.0,0.0,0.0,0.0,,1.0,"48.100872, -123.485745",,,POINT (-123.485745 48.100872)
Northwest Pipeline C/S - Goldendale,2021,Natural Gas Systems,Natural Gas Transmission/Compression,486210.0,Pipeline Transportation of Natural Gas,"The Williams Companies, Inc.",Goldendale,Klickitat,Ecology: Central Regional Office,22951.0,0.0,20025.0,2915.0,11.0,0.0,0.0,0.0,0.0,,1.0,"45.771216, -120.799267",,,POINT (-120.799267 45.771216)
Naval Base Kitsap Bangor - Silverdale,2018,Government,National Security,928110.0,National Security,US Government,Silverdale,Kitsap,Puget Sound Clean Air Agency,21669.0,0.0,21541.0,11.0,117.0,0.0,0.0,0.0,0.0,,1.0,"47.699284, -122.696926",,,POINT (-122.696926 47.699284)
Seattle-Tacoma International Airport - Seattle,2020,Government,Other Government,488119.0,Other Airport Operations,Port of Seattle,Seattle,King,Puget Sound Clean Air Agency,14508.0,0.0,14493.0,7.0,8.0,0.0,0.0,0.0,0.0,,1.0,"47.443643, -122.302452",,,POINT (-122.302452 47.443643)
CenTrio Energy Seattle LLC - Seattle,2017,Power Plants,"Other Power, Heating, or Cooling Plants",221330.0,Steam and Air-Conditioning Supply,Seattle Steam Company LLC,Seattle,King,Puget Sound Clean Air Agency,72623.0,0.0,72548.0,34.0,41.0,0.0,0.0,0.0,0.0,,2.0,"47.6068, -122.340179",,,POINT (-122.340179 47.6068)
Graymont Western US. Inc. - Tacoma,2012,Minerals,Lime Production,327410.0,Lime Manufacturing,"Graymont, Inc.",Tacoma,Pierce,Puget Sound Clean Air Agency,86850.0,0.0,86662.0,70.0,118.0,0.0,0.0,0.0,0.0,,2.0,"47.271365, -122.397262",,,POINT (-122.397262 47.271365)
REG Grays Harbor LLC - Hoquiam,2014,Petroleum Systems,Other Petroleum Systems,325199.0,All Other Basic Organic Chemical Manufacturing,Chevron Corporation,Hoquiam,Grays Harbor,Olympic Region Clean Air Agency,11832.0,0.0,11820.0,6.0,7.0,0.0,0.0,0.0,0.0,,1.0,"46.968196, -123.853622",,,POINT (-123.853622 46.968196)
LRI Landfill - Graham,2021,Waste,Landfills,562212.0,Solid Waste Landfill,Waste Connections Inc.,Graham,Pierce,Puget Sound Clean Air Agency,86829.0,0.0,0.0,86829.0,0.0,0.0,0.0,0.0,0.0,,2.0,"46.972405, -122.292799",,,POINT (-122.292799 46.972405)
Avista Corporation - WA State DOE Reporting - statewide,2015,Natural Gas Systems,Natural Gas Local Distribution Companies,221121.0,Electric Bulk Power Transmission and Control,Avista Corp.,Spokane,Spokane,Spokane Regional Clean Air Agency,22858.0,0.0,19.0,15329.0,0.0,0.0,0.0,7510.0,0.0,,1.0,"47.673486, -117.388514",,,POINT (-117.388514 47.673486)
"Nucor Steel Seattle, Inc, - Seattle",2016,Metals,Iron and Steel Production,331110.0,Iron and Steel Mills and Ferroalloy Manufacturing,Nucor Corporation,Seattle,King,Puget Sound Clean Air Agency,84518.0,0.0,84479.0,18.0,21.0,0.0,0.0,0.0,0.0,,2.0,"47.569331, -122.367332",,,POINT (-122.367332 47.569331)
Cheyne Landfill - Zillah,2014,Waste,Landfills,562212.0,Solid Waste Landfill,Yakima County Public Services,Zillah,Yakima,Yakima Regional Clean Air Agency,33147.0,0.0,0.0,33147.0,0.0,0.0,0.0,0.0,0.0,,2.0,"46.4785, -120.2688",,,POINT (-120.2688 46.4785)
WestRock LLC - Longview,2022,Pulp and Paper,Kraft Mills,322130.0,Paperboard Mills,Westrock Corp.,Longview,Cowlitz,Ecology: Industrial Section,1408874.0,1199579.0,203018.0,1210.0,5068.0,0.0,0.0,0.0,0.0,,4.0,"46.10361, -122.92167",,,POINT (-122.92167 46.10361)
Central Washington University - Ellensburg,2023,Government,Education,611310.0,"Colleges, Universities, and Professional Schools",State of Washington,Ellensburg,Kittitas,Ecology: Central Regional Office,12790.0,0.0,12777.0,6.0,7.0,0.0,0.0,0.0,0.0,,1.0,"47.003202, -120.544513",,Reporter,POINT (-120.544513 47.003202)
Marathon Anacortes Refinery - Anacortes,2015,Petroleum Systems,Petroleum Refineries,324110.0,Petroleum Refineries,Marathon Petroleum Corp,Anacortes,Skagit,Northwest Clean Air Agency,1288787.0,0.0,1283000.0,2554.0,3232.0,0.0,0.0,0.0,0.0,,4.0,"48.493816, -122.564845",,,POINT (-122.564845 48.493816)
Basic American Foods - Moses Lake,2021,Food Production,Potato Products,311423.0,Dried and Dehydrated Food Manufacturing,Basic American Inc.,Moses Lake,Grant,Ecology: Eastern Regional Office,32323.0,0.0,32290.0,15.0,18.0,0.0,0.0,0.0,0.0,,2.0,"47.075183, -119.220408",,,POINT (-119.220408 47.075183)
Puget Sound Energy - Mint Farm Generating Station - Longview,2021,Power Plants,Natural Gas Turbine Plants,221112.0,Fossil Fuel Electric Power Generation,Puget Holdings LLC,Longview,Cowlitz,Southwest Clean Air Agency,731695.0,0.0,730952.0,339.0,404.0,0.0,0.0,0.0,0.0,,3.0,"46.140095, -122.985138",,,POINT (-122.985138 46.140095)
Steelscape - Kalama,2022,Metals,Other Metals,331221.0,Rolled Steel Shape Manufacturing,NS BlueScope USA LLC,Kalama,Cowlitz,Southwest Clean Air Agency,18422.0,0.0,18403.0,9.0,10.0,0.0,0.0,0.0,0.0,,1.0,"46.04326, -122.871703",,,POINT (-122.871703 46.04326)
Washington Potato Company - Warden,2016,Food Production,Potato Products,311991.0,Perishable Prepared Food Manufacturing,Washington Potato Co.,Warden,Grant,Ecology: Eastern Regional Office,30289.0,0.0,30258.0,14.0,17.0,0.0,0.0,0.0,0.0,,2.0,"46.970469, -119.063631",,,POINT (-119.063631 46.970469)
"Hartland Fuel Products, LLC dba HTP Energy",2023,Supplier,Other Fuel Supplier,424720.0,Petroleum and Petroleum Products Merchant Wholesalers (except Bulk Stations and Terminals),"PetroEnergy, LLC",Onalaska,La Crosse,,606230.0,6.0,604482.0,500.0,1242.0,0.0,0.0,0.0,0.0,,,,22987.0,Covered Entity,
Lamb Weston - Quincy,2014,Food Production,Potato Products,311411.0,"Frozen Fruit, Juice, and Vegetable Manufacturing","Lamb Weston, Inc.",Quincy,Grant,Ecology: Eastern Regional Office,38324.0,0.0,38285.0,18.0,21.0,0.0,0.0,0.0,0.0,,2.0,"47.234413, -119.869914",,,POINT (-119.869914 47.234413)
U.S. Oil & Refining Co. - Tacoma,2019,Petroleum Systems,Petroleum Refineries,324110.0,Petroleum Refineries,Par Pacific Holdings Inc.,Tacoma,Pierce,Puget Sound Clean Air Agency,155836.0,0.0,154515.0,808.0,513.0,0.0,0.0,0.0,0.0,,3.0,"47.256813, -122.394952",,,POINT (-122.394952 47.256813)
Tree Top - Prosser,2014,Food Production,Fruit Products,311411.0,"Frozen Fruit, Juice, and Vegetable Manufacturing",Tree Top Inc.,Prosser,Benton,Benton Clean Air Agency,19366.0,0.0,19346.0,9.0,11.0,0.0,0.0,0.0,0.0,,1.0,"46.21842, -119.73397",,,POINT (-119.73397 46.21842)
Eastern Washington University,2018,Government,Education,611310.0,"Colleges, Universities, and Professional Schools",State of Washington,Cheney,Spokane,Spokane Regional Clean Air Agency,13410.0,0.0,13396.0,6.0,8.0,0.0,0.0,0.0,0.0,,1.0,"47.490091, -117.579702",,,POINT (-117.579702 47.490091)
Lamb Weston - Richland,2017,Food Production,Potato Products,311411.0,"Frozen Fruit, Juice, and Vegetable Manufacturing","Lamb Weston, Inc.",Richland,Benton,Benton Clean Air Agency,50397.0,1794.0,44211.0,4360.0,31.0,0.0,0.0,0.0,0.0,,2.0,"46.309314, -119.297267",,,POINT (-119.297267 46.309314)
HF Sinclair Puget Sound Refinery LLC - Anacortes,2020,Petroleum Systems,Petroleum Refineries,324110.0,Petroleum Refineries,HollyFrontier Puget Sound Refining LLC,Anacortes,Skagit,Northwest Clean Air Agency,1803411.0,0.0,1793568.0,6066.0,3777.0,0.0,0.0,0.0,0.0,,4.0,"48.470931, -122.559161",,,POINT (-122.559161 48.470931)
"Vaagen Bros. Lumber, Inc. - Colville",2016,Wood Products,Lumber Mills,321999.0,All Other Miscellaneous Wood Product Manufacturing,Vaagen Bros. Lumber Inc.,Colville,Stevens,Ecology: Eastern Regional Office,41269.0,40723.0,3.0,78.0,466.0,0.0,0.0,0.0,0.0,,2.0,"48.548525, -117.915469",,,POINT (-117.915469 48.548525)
REC Solar Grade Silicon - Moses Lake,2016,Metals,Other Metals,331410.0,Primary Smelting and Refining of Nonferrous Metal (except Copper and Aluminum),REC Silicon,Moses Lake,Grant,Ecology: Eastern Regional Office,59434.0,0.0,59373.0,28.0,33.0,0.0,0.0,0.0,0.0,,2.0,"47.138359, -119.200383",,,POINT (-119.200383 47.138359)
Sierra Pacific Industries - Shelton,2017,Wood Products,Lumber Mills,321212.0,Softwood Veneer and Plywood Manufacturing,Simpson Lumber Company LLC,Shelton,Mason,Olympic Region Clean Air Agency,33615.0,32884.0,291.0,63.0,376.0,0.0,0.0,0.0,0.0,,2.0,"47.213448, -123.096517",,,POINT (-123.096517 47.213448)
Northwest Pipeline Willard C/S - Cook,2013,Natural Gas Systems,Natural Gas Transmission/Compression,486210.0,Pipeline Transportation of Natural Gas,"The Williams Companies, Inc.",Cook,Skamania,Southwest Clean Air Agency,27866.0,0.0,23744.0,4109.0,13.0,0.0,0.0,0.0,0.0,,2.0,"45.778087, -121.626311",,,POINT (-121.626311 45.778087)
University of Washington Seattle Campus - Seattle,2020,Government,Education,611310.0,"Colleges, Universities, and Professional Schools",State of Washington,Seattle,King,Puget Sound Clean Air Agency,86980.0,0.0,86890.0,41.0,49.0,0.0,0.0,0.0,0.0,,2.0,"47.653614, -122.303608",,,POINT (-122.303608 47.653614)
Puget Sound Energy - Whitehorn Generating Station - Blaine,2020,Power Plants,Natural Gas Turbine Plants,221112.0,Fossil Fuel Electric Power Generation,Puget Holdings LLC,Blaine,Whatcom,Northwest Clean Air Agency,4654.0,0.0,4649.0,2.0,3.0,0.0,0.0,0.0,0.0,,1.0,"48.885475, -122.724299",,,POINT (-122.724299 48.885475)
Central Washington University - Ellensburg,2018,Government,Education,611310.0,"Colleges, Universities, and Professional Schools",State of Washington,Ellensburg,Kittitas,Ecology: Central Regional Office,13485.0,0.0,13471.0,7.0,8.0,0.0,0.0,0.0,0.0,,1.0,"47.003202, -120.544513",,,POINT (-120.544513 47.003202)
NW Natural - supplier,2022,Supplier,Natural Gas Supplier,221210.0,Natural Gas Distribution,NW Natural Holding Company,Portland,Multnomah,,531894.0,1.0,531349.0,248.0,296.0,0.0,0.0,0.0,0.0,,,,,,
Milne Fruit Products - Prosser,2021,Food Production,Fruit Products,311411.0,"Frozen Fruit, Juice, and Vegetable Manufacturing",Milne Fruit Products,Prosser,Benton,Benton Clean Air Agency,8939.0,0.0,8929.0,4.0,5.0,0.0,0.0,0.0,0.0,,1.0,"46.202562, -119.775527",,,POINT (-119.775527 46.202562)
Port Townsend Paper Corporation - Port Townsend,2017,Pulp and Paper,Kraft Mills,322121.0,Paper (except Newsprint) Mills,Port Townsend Paper Corp.,Port Townsend,Jefferson,Ecology: Industrial Section,602488.0,547591.0,49839.0,2465.0,2594.0,0.0,0.0,0.0,0.0,,3.0,"48.093793, -122.796806",,,POINT (-122.796806 48.093793)
Lamb Weston - Connell,2016,Food Production,Potato Products,311411.0,"Frozen Fruit, Juice, and Vegetable Manufacturing","Lamb Weston, Inc.",Connell,Franklin,Ecology: Eastern Regional Office,37212.0,0.0,37174.0,18.0,21.0,0.0,0.0,0.0,0.0,,2.0,"46.651389, -118.871944",,,POINT (-118.871944 46.651389)
Sierra Pacific Industries - Burlington - Mount Vernon,2015,Wood Products,Lumber Mills,321113.0,Sawmills,Sierra Pacific Industries,Mount Vernon,Skagit,Northwest Clean Air Agency,307168.0,301371.0,1771.0,579.0,3448.0,0.0,0.0,0.0,0.0,,3.0,"48.448553, -122.434613",,,POINT (-122.434613 48.448553)
Ash Grove Cement Company - Seattle,2013,Minerals,Cement Production,327310.0,Cement Manufacturing,Ash Grove Cement Co.,Seattle,King,Puget Sound Clean Air Agency,355314.0,0.0,354536.0,294.0,484.0,0.0,0.0,0.0,0.0,,3.0,"47.56799, -122.34255",,,POINT (-122.34255 47.56799)
Grant County Landfill 1 - Ephrata,2021,Waste,Landfills,562212.0,Solid Waste Landfill,Grant County Washington,Ephrata,Grant,Ecology: Eastern Regional Office,45269.0,0.0,0.0,45269.0,0.0,0.0,0.0,0.0,0.0,,2.0,"47.270759, -119.573764",,,POINT (-119.573764 47.270759)
Fairchild AFB - Spokane Co.,2012,Government,National Security,928110.0,National Security,US Government,Fairchild Air Force Base,Spokane,Spokane Regional Clean Air Agency,13693.0,0.0,13679.0,7.0,8.0,0.0,0.0,0.0,0.0,,1.0,"47.641332, -117.644832",,,POINT (-117.644832 47.641332)
Naval Air Station Whidbey Island - Oak Harbor,2012,Government,National Security,928110.0,National Security,US Government,Oak Harbor,Island,Northwest Clean Air Agency,17880.0,0.0,17861.0,9.0,10.0,0.0,0.0,0.0,0.0,,1.0,"48.345281, -122.669741",,,POINT (-122.669741 48.345281)
NGL Energy Partners LP,2023,Supplier,Other Fuel Supplier,424720.0,Petroleum and Petroleum Products Merchant Wholesalers (except Bulk Stations and Terminals),NGL Energy Partners LP,Tulsa,Tulsa,,31881.0,0.0,31753.0,38.0,90.0,0.0,0.0,0.0,0.0,,,,31881.0,Covered Entity,
Northwest Pipeline Roosevelt C/S - Bickleton,2020,Natural Gas Systems,Natural Gas Transmission/Compression,486210.0,Pipeline Transportation of Natural Gas,"The Williams Companies, Inc.",Bickleton,Klickitat,Ecology: Central Regional Office,22628.0,0.0,19805.0,2812.0,11.0,0.0,0.0,0.0,0.0,,1.0,"45.849504, -120.08083",,,POINT (-120.08083 45.849504)
Cascade Natural Gas Corporation LDC - statewide,2020,Natural Gas Systems,Natural Gas Local Distribution Companies,221210.0,Natural Gas Distribution,MDU Resources Group Inc.,Kennewick,Benton,Benton Clean Air Agency,23564.0,0.0,453.0,23111.0,0.0,0.0,0.0,0.0,0.0,,1.0,"46.21875, -119.22987",,,POINT (-119.22987 46.21875)
City of Enumclaw Gas Utility - supplier,2018,Supplier,Natural Gas Supplier,221210.0,Natural Gas Distribution,City of Enumclaw,Enumclaw,King,,22964.0,0.0,22940.0,11.0,13.0,0.0,0.0,0.0,0.0,,,,,,
CertainTeed Gypsum - Seattle,2020,Manufacturing,Building Products,327420.0,Gypsum Product Manufacturing,Saint-Gobain Corporation,Seattle,King,Puget Sound Clean Air Agency,49936.0,0.0,49885.0,24.0,28.0,0.0,0.0,0.0,0.0,,2.0,"47.548056, -122.336944",,,POINT (-122.336944 47.548056)
Inland Empire Paper Company - Spokane,2022,Pulp and Paper,Other Pulp and Paper,322122.0,Newsprint Mills,Cowles Publishing Co.,Spokane,Spokane,Spokane Regional Clean Air Agency,37290.0,19825.0,17183.0,46.0,237.0,0.0,0.0,0.0,0.0,,2.0,"47.688295, -117.279323",,,POINT (-117.279323 47.688295)
Cathcart Landfill - Snohomish,2012,Waste,Landfills,562212.0,Solid Waste Landfill,Snohomish County,Snohomish,Snohomish,Puget Sound Clean Air Agency,27653.0,0.0,288.0,27365.0,0.0,0.0,0.0,0.0,0.0,,2.0,"47.870014, -122.118284",,,POINT (-122.118284 47.870014)
Northwest Pipeline C/S - Mount Vernon,2022,Natural Gas Systems,Natural Gas Transmission/Compression,486210.0,Pipeline Transportation of Natural Gas,"The Williams Companies, Inc.",Mount Vernon,Skagit,Northwest Clean Air Agency,63441.0,0.0,61506.0,1901.0,35.0,0.0,0.0,0.0,0.0,,2.0,"48.421967, -122.21547",,,POINT (-122.21547 48.421967)
Puget Sound Energy LDC Facility - Bellevue,2013,Natural Gas Systems,Natural Gas Local Distribution Companies,221210.0,Natural Gas Distribution,Puget Holdings LLC,Bellevue,King,Puget Sound Clean Air Agency,61069.0,0.0,74.0,60996.0,0.0,0.0,0.0,0.0,0.0,,2.0,"47.61345, -122.19454",,,POINT (-122.19454 47.61345)
"WestRock CP, LLC - Tacoma",2019,Pulp and Paper,Kraft Mills,322130.0,Paperboard Mills,Westrock Corp.,Tacoma,Pierce,Ecology: Industrial Section,1087848.0,958705.0,123204.0,1074.0,4865.0,0.0,0.0,0.0,0.0,,4.0,"47.260953, -122.421765",,,POINT (-122.421765 47.260953)
Tree Top - Wenatchee,2019,Food Production,Fruit Products,311423.0,Dried and Dehydrated Food Manufacturing,Tree Top Inc.,Wenatchee,Chelan,Ecology: Central Regional Office,10135.0,0.0,10125.0,5.0,6.0,0.0,0.0,0.0,0.0,,1.0,"47.48938, -120.31426",,,POINT (-120.31426 47.48938)
Colvin Oil I LLC - Josephine,2022,Supplier,Other Fuel Supplier,424720.0,Petroleum and Petroleum Products Merchant Wholesalers (except Bulk Stations and Terminals),Colvin Oil I LLC,Grants Pass,Josephine,,58162.0,3735.0,53490.0,76.0,861.0,0.0,0.0,0.0,0.0,,,,,,
McKinley Paper Co. - Washington Mill - Port Angeles,2022,Pulp and Paper,Other Pulp and Paper,322121.0,Paper (except Newsprint) Mills,McKinley Paper Co.,Port Angeles,Clallam,Olympic Region Clean Air Agency,159597.0,153038.0,699.0,4108.0,1752.0,0.0,0.0,0.0,0.0,,3.0,"48.134623, -123.467524",,,POINT (-123.467524 48.134623)
J.R. Simplot Company - Othello,2013,Food Production,Potato Products,311411.0,"Frozen Fruit, Juice, and Vegetable Manufacturing",J.R. Simplot Company,Othello,Adams,Ecology: Eastern Regional Office,87106.0,0.0,45908.0,41173.0,26.0,0.0,0.0,0.0,0.0,,2.0,"46.837778, -119.176389",,,POINT (-119.176389 46.837778)
"Gas Transmission Northwest Compressor Station 6, LLC - Rosalia",2019,Natural Gas Systems,Natural Gas Transmission/Compression,486210.0,Pipeline Transportation of Natural Gas,TransCanada Northern Border Inc.,Rosalia,Whitman,Spokane Regional Clean Air Agency,105918.0,0.0,105673.0,185.0,59.0,0.0,0.0,0.0,0.0,,3.0,"47.277256, -117.406737",,,POINT (-117.406737 47.277256)
Murphy Veneer - Elma,2015,Wood Products,Other Wood Products,321212.0,Softwood Veneer and Plywood Manufacturing,Murphy Co.,Elma,Grays Harbor,Olympic Region Clean Air Agency,10964.0,0.0,10952.0,5.0,6.0,0.0,0.0,0.0,0.0,,1.0,"47.040323, -123.334339",,,POINT (-123.334339 47.040323)
"Interfor US, Inc. - Forks",2014,Wood Products,Lumber Mills,321912.0,"Cut Stock, Resawing Lumber, and Planing",Interfor US Inc.,Forks,Clallam,Olympic Region Clean Air Agency,13318.0,13143.0,0.0,25.0,150.0,0.0,0.0,0.0,0.0,Last year reporting.  Facility shut down.,1.0,"47.971946, -124.399193",,,POINT (-124.399193 47.971946)
"Kaiser Aluminum Washington, LLC (Trentwood Works) - Spokane Valley",2013,Metals,Other Metals,331315.0,"Aluminum Sheet, Plate, and Foil Manufacturing",Kaiser Aluminum Corp.,Spokane Valley,Spokane,Spokane Regional Clean Air Agency,110966.0,0.0,110852.0,52.0,62.0,0.0,0.0,0.0,0.0,,3.0,"47.687074, -117.212673",,,POINT (-117.212673 47.687074)
U.S. Department of Energy Hanford Site - Richland,2022,Government,Other Government,924110.0,Administration of Air and Water Resource and Solid Waste Management Programs,US Government,Richland,Benton,Ecology: NWP,29924.0,0.0,21243.0,8634.0,47.0,0.0,0.0,0.0,0.0,,2.0,"46.55069, -119.489007",,,POINT (-119.489007 46.55069)
Frederickson Power LP - Tacoma,2017,Power Plants,Natural Gas Turbine Plants,221112.0,Fossil Fuel Electric Power Generation,"Puget Sound Energy, Inc. and Capital Power (US Holdings) Inc",Tacoma,Pierce,Puget Sound Clean Air Agency,352422.0,0.0,352064.0,163.0,195.0,0.0,0.0,0.0,0.0,,3.0,"47.086342, -122.365686",,,POINT (-122.365686 47.086342)
Terrace Heights Landfill - Yakima,2014,Waste,Landfills,562212.0,Solid Waste Landfill,Yakima County Public Services - Solid Waste Division,Yakima,Yakima,Yakima Regional Clean Air Agency,107008.0,0.0,29.0,106980.0,0.0,0.0,0.0,0.0,0.0,,3.0,"46.610031, -120.39408",,,POINT (-120.39408 46.610031)
Western Washington University - Bellingham,2013,Government,Education,611310.0,"Colleges, Universities, and Professional Schools",Western Washington University,Bellingham,Whatcom,Northwest Clean Air Agency,11668.0,0.0,11656.0,6.0,7.0,0.0,0.0,0.0,0.0,,1.0,"48.736499, -122.484714",,,POINT (-122.484714 48.736499)
US Army Joint Base Lewis-McChord - Pierce Co.,2016,Government,National Security,928110.0,National Security,US Government,Joint Base Lewis-McChord,Pierce,Puget Sound Clean Air Agency,75889.0,0.0,56118.0,19738.0,33.0,0.0,0.0,0.0,0.0,,2.0,"47.1142, -122.5365",,,POINT (-122.5365 47.1142)
"Gas Transmission Northwest Compressor Station 8, LLC -Wallula",2012,Natural Gas Systems,Natural Gas Transmission/Compression,486210.0,Pipeline Transportation of Natural Gas,TransCanada Northern Border Inc.,Wallula,Walla Walla,Ecology: Eastern Regional Office,87757.0,0.0,86238.0,1470.0,48.0,0.0,0.0,0.0,0.0,,2.0,"46.053153, -118.843934",,,POINT (-118.843934 46.053153)
Portland General Electric Company - Portland,2023,Power,IOU,2211.0,"Electric Power Generation, Transmission and Distribution",Portland General Electric Company,Portland,Multnomah,,107381.0,,,,,,,,,,,,,Reporter,
City of Tacoma Solid Waste Facility - Tacoma,2018,Waste,Landfills,562212.0,Solid Waste Landfill,City of Tacoma,Tacoma,Pierce,Puget Sound Clean Air Agency,12797.0,0.0,0.0,12797.0,0.0,0.0,0.0,0.0,0.0,,1.0,"47.223413, -122.499775",,,POINT (-122.499775 47.223413)
"Tyson Fresh Meats, Inc. - Wallula",2014,Food Production,Meat Products,311611.0,Animal (except Poultry) Slaughtering,"Tyson Foods, Inc",Wallula,Walla Walla,Ecology: Eastern Regional Office,77161.0,0.0,21368.0,55781.0,12.0,0.0,0.0,0.0,0.0,,2.0,"46.137521, -118.913051",,,POINT (-118.913051 46.137521)
"Boise Cascade Wood Products, LLC.  Kettle Falls Plywood - Kettle Falls",2019,Wood Products,Other Wood Products,321219.0,Reconstituted Wood Product Manufacturing,Boise Cascade Company,Kettle Falls,Stevens,Ecology: Eastern Regional Office,73603.0,56367.0,16466.0,116.0,654.0,0.0,0.0,0.0,0.0,,2.0,"48.613175, -118.116106",,,POINT (-118.116106 48.613175)
Northwest Pipeline C/S - Sumas,2014,Natural Gas Systems,Natural Gas Transmission/Compression,486210.0,Pipeline Transportation of Natural Gas,"The Williams Companies, Inc.",Sumas,Whatcom,Northwest Clean Air Agency,82830.0,0.0,78811.0,3975.0,44.0,0.0,0.0,0.0,0.0,,2.0,"49.001, -122.2214",,,POINT (-122.2214 49.001)
Air Liquide Hydrogen Plant  - Anacortes,2023,Petroleum Systems,Other Petroleum Systems,325120.0,Industrial Gas Manufacturing,Air Liquide USA Inc.,Anacortes,Skagit,Northwest Clean Air Agency,72277.0,0.0,72277.0,0.0,0.0,0.0,0.0,0.0,0.0,,2.0,"48.465617, -122.556032",72277.0,Covered Entity,POINT (-122.556032 48.465617)
Grays Harbor Energy Center - Elma,2017,Power Plants,Natural Gas Turbine Plants,221112.0,Fossil Fuel Electric Power Generation,Invenergy Investment Company LLC,Elma,Grays Harbor,EFSEC,1107991.0,0.0,1106866.0,513.0,612.0,0.0,0.0,0.0,0.0,,4.0,"46.9688, -123.48",,,POINT (-123.48 46.9688)
Keyes Fibre Corporation - Wenatchee,2023,Pulp and Paper,Other Pulp and Paper,322299.0,All Other Converted Paper Product Manufacturing,Tekni-Plex Wenatchee Fiber Consumer Porducts,Wenatchee,Chelan,Ecology: Central Regional Office,12427.0,0.0,12414.0,6.0,7.0,0.0,0.0,0.0,0.0,,1.0,"47.485987, -120.316363",,Reporter,POINT (-120.316363 47.485987)
Okanogan County Central Landfill - Okanogan,2022,Waste,Landfills,562212.0,Solid Waste Landfill,Okanogan County,Okanogan,Okanogan,Ecology: Central Regional Office,17014.0,0.0,0.0,17014.0,0.0,0.0,0.0,0.0,0.0,,1.0,"48.341148, -119.620109",,,POINT (-119.620109 48.341148)
Cowlitz County Headquarters Landfill - Castle Rock,2012,Waste,Landfills,562212.0,Solid Waste Landfill,Cowlitz County,Castle Rock,Cowlitz,Southwest Clean Air Agency,121597.0,659.0,0.0,120936.0,2.0,0.0,0.0,0.0,0.0,,3.0,"46.246902, -122.772284",,,POINT (-122.772284 46.246902)
Alcoa Intalco Works - Ferndale,2021,Metals,Aluminum Production,331312.0,Primary Aluminum Production,Alcoa Corp.,Ferndale,Whatcom,Ecology: Industrial Section,9411.0,0.0,1188.0,8222.0,1.0,0.0,0.0,0.0,0.0,Curtailed mid 2020.,1.0,"48.8455, -122.7055",,,POINT (-122.7055 48.8455)
Sonoco Products - Sumner,2016,Pulp and Paper,Other Pulp and Paper,322130.0,Paperboard Mills,Sonoco Products Company,Sumner,Pierce,Puget Sound Clean Air Agency,13941.0,0.0,13927.0,7.0,8.0,0.0,0.0,0.0,0.0,,1.0,"47.210641, -122.239474",,,POINT (-122.239474 47.210641)
Lamb Weston - Warden,2016,Food Production,Potato Products,311411.0,"Frozen Fruit, Juice, and Vegetable Manufacturing","Lamb Weston, Inc.",Warden,Grant,Ecology: Eastern Regional Office,18099.0,0.0,18081.0,9.0,10.0,0.0,0.0,0.0,0.0,,1.0,"46.971504, -119.055427",,,POINT (-119.055427 46.971504)
DH Feeders - Eltopia,2012,Livestock,Cattle Feedlots,112112.0,Cattle Feedlots,Easterday Ranches,Eltopia,Franklin,Ecology: Eastern Regional Office,14673.0,0.0,673.0,1069.0,12932.0,0.0,0.0,0.0,0.0,,1.0,"46.50919, -118.881203",,,POINT (-118.881203 46.50919)
Puget Sound Energy LDC Facility - Bellevue,2021,Natural Gas Systems,Natural Gas Local Distribution Companies,221210.0,Natural Gas Distribution,Puget Holdings LLC,Bellevue,King,Puget Sound Clean Air Agency,64596.0,0.0,1327.0,63268.0,1.0,0.0,0.0,0.0,0.0,,2.0,"47.61345, -122.19454",,,POINT (-122.19454 47.61345)
Northwest Hardwoods Inc. - Centralia,2013,Wood Products,Lumber Mills,321113.0,Sawmills,Littlejohn & Co. LLC,Centralia,Lewis,Southwest Clean Air Agency,12987.0,6470.0,6424.0,16.0,77.0,0.0,0.0,0.0,0.0,,1.0,"46.734454, -122.991963",,,POINT (-122.991963 46.734454)
J.R. Simplot Company - Othello,2012,Food Production,Potato Products,311411.0,"Frozen Fruit, Juice, and Vegetable Manufacturing",J.R. Simplot Company,Othello,Adams,Ecology: Eastern Regional Office,93771.0,0.0,44371.0,49376.0,25.0,0.0,0.0,0.0,0.0,,2.0,"46.837778, -119.176389",,,POINT (-119.176389 46.837778)
Darigold - Sunnyside,2015,Food Production,Dairy Products,311513.0,Cheese Manufacturing,Darigold Inc.,Sunnyside,Yakima,Yakima Regional Clean Air Agency,21372.0,0.0,21349.0,10.0,12.0,0.0,0.0,0.0,0.0,,1.0,"46.30058, -120.015675",,,POINT (-120.015675 46.30058)
HF Sinclair Refining and Marketing LLC - Dallas,2023,Supplier,Other Fuel Supplier,324110.0,Petroleum Refineries,HF Sinclair Refining & Marketing LLC,Dallas,Dallas,,3467175.0,128378.0,3302142.0,3116.0,33539.0,0.0,0.0,0.0,0.0,,,,3124379.0,Covered Entity,
Lamb Weston - Connell,2021,Food Production,Potato Products,311411.0,"Frozen Fruit, Juice, and Vegetable Manufacturing","Lamb Weston, Inc.",Connell,Franklin,Ecology: Eastern Regional Office,32423.0,0.0,32390.0,15.0,18.0,0.0,0.0,0.0,0.0,,2.0,"46.651389, -118.871944",,,POINT (-118.871944 46.651389)
Boulder Park Generating Station - Spokane Valley,2020,Power Plants,"Other Power, Heating, or Cooling Plants",221112.0,Fossil Fuel Electric Power Generation,Avista Corp.,Spokane Valley,Spokane,Spokane Regional Clean Air Agency,23578.0,0.0,23554.0,11.0,13.0,0.0,0.0,0.0,0.0,,1.0,"47.696999, -117.147223",,,POINT (-117.147223 47.696999)
Lamb Weston - Warden,2017,Food Production,Potato Products,311411.0,"Frozen Fruit, Juice, and Vegetable Manufacturing","Lamb Weston, Inc.",Warden,Grant,Ecology: Eastern Regional Office,18987.0,0.0,18968.0,9.0,11.0,0.0,0.0,0.0,0.0,,1.0,"46.971504, -119.055427",,,POINT (-119.055427 46.971504)
Georgia-Pacific Gypsum LLC - Tacoma,2016,Manufacturing,Building Products,327420.0,Gypsum Product Manufacturing,Koch Industries Inc.,Tacoma,Pierce,Puget Sound Clean Air Agency,48825.0,0.0,48775.0,23.0,27.0,0.0,0.0,0.0,0.0,,2.0,"47.269558, -122.394869",,,POINT (-122.394869 47.269558)
Avista Corporation - supplier,2021,Supplier,Natural Gas Supplier,,,Avista Corporation,Spokane,Spokane,,1063283.0,0.0,1062186.0,500.0,597.0,0.0,0.0,0.0,0.0,,,,,,
Northwest Pipeline C/S - Chehalis,2015,Natural Gas Systems,Natural Gas Transmission/Compression,486210.0,Pipeline Transportation of Natural Gas,"The Williams Companies, Inc.",Chehalis,Lewis,Southwest Clean Air Agency,29670.0,0.0,28001.0,1653.0,16.0,0.0,0.0,0.0,0.0,,2.0,"46.533325, -122.87373",,,POINT (-122.87373 46.533325)
J.R. Simplot Company - Moses Lake,2015,Food Production,Potato Products,311411.0,"Frozen Fruit, Juice, and Vegetable Manufacturing",J.R. Simplot Company,Moses Lake,Grant,Ecology: Eastern Regional Office,34886.0,3790.0,26871.0,4197.0,29.0,0.0,0.0,0.0,0.0,,2.0,"47.131732, -119.18926",,,POINT (-119.18926 47.131732)
Boulder Park Generating Station - Spokane Valley,2014,Power Plants,"Other Power, Heating, or Cooling Plants",221112.0,Fossil Fuel Electric Power Generation,Avista Corp.,Spokane Valley,Spokane,Spokane Regional Clean Air Agency,7552.0,0.0,7544.0,4.0,4.0,0.0,0.0,0.0,0.0,,1.0,"47.696999, -117.147223",,,POINT (-117.147223 47.696999)
Northwest Pipeline C/S - Sumner,2017,Natural Gas Systems,Natural Gas Transmission/Compression,486210.0,Pipeline Transportation of Natural Gas,"The Williams Companies, Inc.",Sumner,Pierce,Puget Sound Clean Air Agency,37486.0,0.0,36678.0,787.0,21.0,0.0,0.0,0.0,0.0,,2.0,"47.228986, -122.209551",,,POINT (-122.209551 47.228986)
"Boise Cascade Wood Products, LLC.  Kettle Falls Lumber - Kettle Falls",2017,Wood Products,Lumber Mills,321912.0,"Cut Stock, Resawing Lumber, and Planing",Boise Cascade Company,Kettle Falls,Stevens,Ecology: Eastern Regional Office,54397.0,53680.0,0.0,103.0,614.0,0.0,0.0,0.0,0.0,,2.0,"48.609799, -118.067441",,,POINT (-118.067441 48.609799)
Lamb Weston - Richland,2012,Food Production,Potato Products,311411.0,"Frozen Fruit, Juice, and Vegetable Manufacturing","Lamb Weston, Inc.",Richland,Benton,Benton Clean Air Agency,34603.0,0.0,34567.0,16.0,19.0,0.0,0.0,0.0,0.0,,2.0,"46.309314, -119.297267",,,POINT (-119.297267 46.309314)
Musket Corporation - Houston,2023,Supplier,Other Fuel Supplier,457120.0,Other Gasoline Stations,Love s Travel Stop,Houston,Harris,,77075.0,58224.0,18732.0,16.0,103.0,0.0,0.0,0.0,0.0,,,,,Reporter,
WestRock LLC - Longview,2012,Pulp and Paper,Kraft Mills,322130.0,Paperboard Mills,Westrock Corp.,Longview,Cowlitz,Ecology: Industrial Section,1672199.0,1451139.0,187079.0,11879.0,22103.0,0.0,0.0,0.0,0.0,,4.0,"46.10361, -122.92167",,,POINT (-122.92167 46.10361)
Darigold - Lynden,2012,Food Production,Dairy Products,311514.0,"Dry, Condensed, and Evaporated Dairy Product Manufacturing",Darigold Inc.,Lynden,Whatcom,Northwest Clean Air Agency,17342.0,0.0,17324.0,8.0,10.0,0.0,0.0,0.0,0.0,,1.0,"48.947567, -122.451915",,,POINT (-122.451915 48.947567)
"Greif, Tacoma Mill - Tacoma",2023,Pulp and Paper,Other Pulp and Paper,322130.0,Paperboard Mills,Paperboard Parent Inc.,Tacoma,Pierce,Puget Sound Clean Air Agency,13060.0,0.0,13047.0,6.0,7.0,0.0,0.0,0.0,0.0,,1.0,"47.239235, -122.421909",,Reporter,POINT (-122.421909 47.239235)
Avista Corporation LDC - WA - statewide,2020,Natural Gas Systems,Natural Gas Local Distribution Companies,221210.0,Natural Gas Distribution,Avista Corp.,Spokane,Spokane,Spokane Regional Clean Air Agency,16036.0,0.0,19.0,16017.0,0.0,0.0,0.0,0.0,0.0,,1.0,"47.673662, -117.388735",,,POINT (-117.388735 47.673662)
Simplot Feeders LTD. - Burbank,2017,Livestock,Cattle Feedlots,112112.0,Cattle Feedlots,J.R. Simplot Company,Burbank,Walla Walla,Ecology: Eastern Regional Office,28791.0,0.0,0.0,2077.0,26714.0,0.0,0.0,0.0,0.0,,2.0,"46.133131, -118.90629",,,POINT (-118.90629 46.133131)
Riverside Feeders SFL - Kennewick,2023,Livestock,Cattle Feedlots,112112.0,Cattle Feedlots,Easterday Ranches,Kennewick,Benton,Benton Clean Air Agency,17203.0,0.0,612.0,1288.0,15302.0,0.0,0.0,0.0,0.0,Voluntary reporter.  Manure management reporting repealed by Legislature.,1.0,"45.991872, -119.136497",,Reporter,POINT (-119.136497 45.991872)
"El Oro Cattle Feeders, LLC - Moses Lake",2016,Livestock,Cattle Feedlots,112112.0,Cattle Feedlots,Agri Beef Co.,Moses Lake,Grant,Ecology: Eastern Regional Office,23506.0,0.0,0.0,1821.0,21685.0,0.0,0.0,0.0,0.0,,1.0,"47.052176, -119.093815",,,POINT (-119.093815 47.052176)
Naval Base Kitsap Bangor - Silverdale,2013,Government,National Security,928110.0,National Security,US Government,Silverdale,Kitsap,Puget Sound Clean Air Agency,23317.0,0.0,23289.0,12.0,15.0,0.0,0.0,0.0,0.0,,1.0,"47.699284, -122.696926",,,POINT (-122.696926 47.699284)
NW Natural - Portland,2014,Natural Gas Systems,Natural Gas Local Distribution Companies,221210.0,Natural Gas Distribution,NW Natural,Portland,Multnomah,Southwest Clean Air Agency,7769.0,0.0,9.0,7760.0,0.0,0.0,0.0,0.0,0.0,,1.0,"45.516631, -122.675749",,,POINT (-122.675749 45.516631)
Weyerhaeuser Raymond Lumber - Raymond,2019,Wood Products,Lumber Mills,321113.0,Sawmills,Weyerhaeuser Co.,Raymond,Pacific,Olympic Region Clean Air Agency,39695.0,39172.0,0.0,75.0,448.0,0.0,0.0,0.0,0.0,,2.0,"46.688088, -123.737495",,,POINT (-123.737495 46.688088)
Naval Base Kitsap - Bremerton,2022,Government,National Security,928110.0,National Security,US Government,Bremerton,Kitsap,Puget Sound Clean Air Agency,42716.0,0.0,42670.0,21.0,25.0,0.0,0.0,0.0,0.0,,2.0,"47.557047, -122.645933",,,POINT (-122.645933 47.557047)
Puget Sound Energy - Encogen Generating Station - Bellingham,2012,Power Plants,Natural Gas Turbine Plants,221112.0,Fossil Fuel Electric Power Generation,Puget Holdings LLC,Bellingham,Whatcom,Northwest Clean Air Agency,51680.0,0.0,51627.0,24.0,29.0,0.0,0.0,0.0,0.0,,2.0,"48.746, -122.486",,,POINT (-122.486 48.746)
"Ed Staub & Sons Petroleum, Inc - Klamath",2023,Supplier,Other Fuel Supplier,424720.0,Petroleum and Petroleum Products Merchant Wholesalers (except Bulk Stations and Terminals),"Ed Staub & Sons Petroleum, Inc.",Klamath Falls,Klamath,,18751.0,1171.0,17331.0,21.0,228.0,0.0,0.0,0.0,0.0,,,,14586.0,Covered Entity,
Hampton Lumber Mills Washington Inc. - Randle,2022,Wood Products,Lumber Mills,321113.0,Sawmills,Hampton Lumber Mills Washington Inc.,Randle,Lewis,Southwest Clean Air Agency,62230.0,61410.0,0.0,118.0,702.0,0.0,0.0,0.0,0.0,,2.0,"46.533743, -121.917906",,,POINT (-121.917906 46.533743)
HF Sinclair Puget Sound Refinery LLC - Anacortes,2013,Petroleum Systems,Petroleum Refineries,324110.0,Petroleum Refineries,HollyFrontier Puget Sound Refining LLC,Anacortes,Skagit,Northwest Clean Air Agency,2007178.0,0.0,1995767.0,7022.0,4389.0,0.0,0.0,0.0,0.0,Assigned Emissions Level,5.0,"48.470931, -122.559161",,,POINT (-122.559161 48.470931)
Cardinal FG Company - Winlock,2021,Minerals,Glass Production,327211.0,Flat Glass Manufacturing,Cardinal Glass Industries Inc.,Winlock,Lewis,Southwest Clean Air Agency,105912.0,0.0,105838.0,34.0,40.0,0.0,0.0,0.0,0.0,,3.0,"46.544937, -122.926313",,,POINT (-122.926313 46.544937)
McCain Foods - Othello,2020,Food Production,Potato Products,311411.0,"Frozen Fruit, Juice, and Vegetable Manufacturing",McCain USA Inc.,Othello,Adams,Ecology: Eastern Regional Office,56865.0,0.0,34044.0,22803.0,19.0,0.0,0.0,0.0,0.0,,2.0,"46.840102, -119.172705",,,POINT (-119.172705 46.840102)
Puget Sound Energy - Ferndale Generating Station - Ferndale,2018,Power Plants,Natural Gas Turbine Plants,221112.0,Fossil Fuel Electric Power Generation,Puget Holdings LLC,Ferndale,Whatcom,Northwest Clean Air Agency,302529.0,0.0,302223.0,140.0,167.0,0.0,0.0,0.0,0.0,,3.0,"48.828707, -122.685533",,,POINT (-122.685533 48.828707)
NW Natural - Portland,2013,Natural Gas Systems,Natural Gas Local Distribution Companies,221210.0,Natural Gas Distribution,NW Natural,Portland,Multnomah,Southwest Clean Air Agency,7667.0,0.0,9.0,7657.0,0.0,0.0,0.0,0.0,0.0,,1.0,"45.516631, -122.675749",,,POINT (-122.675749 45.516631)
Ardagh Glass Inc. - Seattle,2023,Minerals,Glass Production,327213.0,Glass Container Manufacturing,Ardagh Holdings USA Inc.,Seattle,King,Puget Sound Clean Air Agency,44364.0,0.0,44329.0,16.0,19.0,0.0,0.0,0.0,0.0,Facility curtailed.,2.0,"47.55242, -122.33739",44364.0,Covered Entity,POINT (-122.33739 47.55242)
Air Liquide Electronics Moses Lake Hydrogen Plant,2022,Chemicals,Other Chemicals,325120.0,Industrial Gas Manufacturing,Air Liquide USA Inc.,Moses Lake,Grant,Ecology: Eastern Regional Office,0.0,0.0,0.0,0.0,0.0,0.0,0.0,0.0,0.0,Curtailed in May 2019.,1.0,"47.135844, -119.19962",,,POINT (-119.19962 47.135844)
Sierra Pacific Industries - Aberdeen,2022,Wood Products,Lumber Mills,321113.0,Sawmills,Sierra Pacific Industries,Aberdeen,Grays Harbor,Olympic Region Clean Air Agency,181381.0,175544.0,2696.0,452.0,2689.0,0.0,0.0,0.0,0.0,,3.0,"46.971875, -123.775526",,,POINT (-123.775526 46.971875)
Washington Potato Company - Warden,2015,Food Production,Potato Products,311991.0,Perishable Prepared Food Manufacturing,Washington Potato Co.,Warden,Grant,Ecology: Eastern Regional Office,31553.0,0.0,31521.0,15.0,18.0,0.0,0.0,0.0,0.0,,2.0,"46.970469, -119.063631",,,POINT (-119.063631 46.970469)
McCain Foods - Othello,2015,Food Production,Potato Products,311411.0,"Frozen Fruit, Juice, and Vegetable Manufacturing",McCain USA Inc.,Othello,Adams,Ecology: Eastern Regional Office,77566.0,0.0,38078.0,39467.0,21.0,0.0,0.0,0.0,0.0,,2.0,"46.840102, -119.172705",,,POINT (-119.172705 46.840102)
Bonneville Power Administration - WA Only - statewide,2015,Power Plants,Electrical Transmission and Distribution,221121.0,Electric Bulk Power Transmission and Control,US Government,Vancouver,Clark,Southwest Clean Air Agency,14245.0,0.0,0.0,0.0,0.0,0.0,0.0,14245.0,0.0,,1.0,"45.661178, -122.658608",,,POINT (-122.658608 45.661178)
Cowlitz County Headquarters Landfill - Castle Rock,2014,Waste,Landfills,562212.0,Solid Waste Landfill,Cowlitz County,Castle Rock,Cowlitz,Southwest Clean Air Agency,154619.0,1205.0,0.0,153411.0,4.0,0.0,0.0,0.0,0.0,,3.0,"46.246902, -122.772284",,,POINT (-122.772284 46.246902)
"Horse Heaven Cattle Feeders, Inc. - Sunnyside",2015,Livestock,Cattle Feedlots,112112.0,Cattle Feedlots,"Horse Heaven Cattle Feeders, Inc.",Sunnyside,Yakima,Yakima Regional Clean Air Agency,11142.0,0.0,0.0,860.0,10283.0,0.0,0.0,0.0,0.0,,1.0,"46.284622, -120.019668",,,POINT (-120.019668 46.284622)
City of Ellensburg LDC - supplier,2021,Supplier,Natural Gas Supplier,221210.0,Natural Gas Distribution,City of Ellensburg,Ellensburg,Kittitas,,27613.0,0.0,27585.0,13.0,15.0,0.0,0.0,0.0,0.0,,,,,,
Northwest Pipeline C/S - Sumas,2013,Natural Gas Systems,Natural Gas Transmission/Compression,486210.0,Pipeline Transportation of Natural Gas,"The Williams Companies, Inc.",Sumas,Whatcom,Northwest Clean Air Agency,76727.0,0.0,71662.0,5025.0,40.0,0.0,0.0,0.0,0.0,,2.0,"49.001, -122.2214",,,POINT (-122.2214 49.001)
U.S. Department of Energy Hanford Site - Richland,2013,Government,Other Government,924110.0,Administration of Air and Water Resource and Solid Waste Management Programs,US Government,Richland,Benton,Ecology: NWP,14615.0,0.0,4297.0,10313.0,5.0,0.0,0.0,0.0,0.0,,1.0,"46.55069, -119.489007",,,POINT (-119.489007 46.55069)
U.S. Oil & Refining Co. - Tacoma,2014,Petroleum Systems,Petroleum Refineries,324110.0,Petroleum Refineries,Par Pacific Holdings Inc.,Tacoma,Pierce,Puget Sound Clean Air Agency,179363.0,0.0,176926.0,1857.0,580.0,0.0,0.0,0.0,0.0,,3.0,"47.256813, -122.394952",,,POINT (-122.394952 47.256813)
Alcoa Intalco Works - Ferndale,2020,Metals,Aluminum Production,331312.0,Primary Aluminum Production,Alcoa Corp.,Ferndale,Whatcom,Ecology: Industrial Section,595364.0,0.0,166633.0,8569.0,15.0,0.0,420148.0,0.0,0.0,Curtailed mid 2020.  PFC emissions based on updated source test information.,3.0,"48.8455, -122.7055",,,POINT (-122.7055 48.8455)
Simplot Feeders LTD. - Burbank,2021,Livestock,Cattle Feedlots,112112.0,Cattle Feedlots,J.R. Simplot Company,Burbank,Walla Walla,Ecology: Eastern Regional Office,39056.0,0.0,1480.0,2928.0,34649.0,0.0,0.0,0.0,0.0,Voluntary reporter.  Manure management reporting repealed by Legislature.,2.0,"46.133131, -118.90629",,,POINT (-118.90629 46.133131)
SDS Lumber Company - Bingen,2023,Wood Products,Lumber Mills,321113.0,Sawmills,SDS Lumber Company,Bingen,Klickitat,Ecology: Central Regional Office,48141.0,47338.0,171.0,91.0,541.0,0.0,0.0,0.0,0.0,,2.0,"45.713913, -121.468688",,Reporter,POINT (-121.468688 45.713913)
WestRock LLC - Longview,2017,Pulp and Paper,Kraft Mills,322130.0,Paperboard Mills,Westrock Corp.,Longview,Cowlitz,Ecology: Industrial Section,1646438.0,1462052.0,177823.0,1314.0,5249.0,0.0,0.0,0.0,0.0,,4.0,"46.10361, -122.92167",,,POINT (-122.92167 46.10361)
Frederickson Power LP - Tacoma,2016,Power Plants,Natural Gas Turbine Plants,221112.0,Fossil Fuel Electric Power Generation,"Puget Sound Energy, Inc. and Capital Power (US Holdings) Inc",Tacoma,Pierce,Puget Sound Clean Air Agency,330385.0,0.0,330050.0,153.0,182.0,0.0,0.0,0.0,0.0,,3.0,"47.086342, -122.365686",,,POINT (-122.365686 47.086342)
Graymont Western US. Inc. - Tacoma,2016,Minerals,Lime Production,327410.0,Lime Manufacturing,"Graymont, Inc.",Tacoma,Pierce,Puget Sound Clean Air Agency,42728.0,0.0,42658.0,26.0,44.0,0.0,0.0,0.0,0.0,,2.0,"47.271365, -122.397262",,,POINT (-122.397262 47.271365)
Lamb Weston - Richland,2013,Food Production,Potato Products,311411.0,"Frozen Fruit, Juice, and Vegetable Manufacturing","Lamb Weston, Inc.",Richland,Benton,Benton Clean Air Agency,34225.0,0.0,34190.0,16.0,19.0,0.0,0.0,0.0,0.0,,2.0,"46.309314, -119.297267",,,POINT (-119.297267 46.309314)
HF Sinclair Puget Sound Refinery LLC - Anacortes,2018,Petroleum Systems,Petroleum Refineries,324110.0,Petroleum Refineries,HollyFrontier Puget Sound Refining LLC,Anacortes,Skagit,Northwest Clean Air Agency,1989609.0,0.0,1978165.0,7057.0,4387.0,0.0,0.0,0.0,0.0,Assigned Emissions Level,4.0,"48.470931, -122.559161",,,POINT (-122.559161 48.470931)
REC Solar Grade Silicon - Moses Lake,2021,Metals,Other Metals,331410.0,Primary Smelting and Refining of Nonferrous Metal (except Copper and Aluminum),REC Silicon,Moses Lake,Grant,Ecology: Eastern Regional Office,0.0,0.0,0.0,0.0,0.0,0.0,0.0,0.0,0.0,Curtailed in mid 2019. No emissions in 2021.,1.0,"47.138359, -119.200383",,,POINT (-119.200383 47.138359)
Waste Management Greater Wenatchee Regional Landfill - East Wenatchee,2019,Waste,Landfills,562212.0,Solid Waste Landfill,Waste Management Inc.,East Wenatchee,Douglas,Ecology: Central Regional Office,55694.0,0.0,0.0,55694.0,0.0,0.0,0.0,0.0,0.0,,2.0,"47.405083, -120.167444",,,POINT (-120.167444 47.405083)
bp Cherry Point Refinery - Blaine,2022,Petroleum Systems,Petroleum Refineries,324110.0,Petroleum Refineries,BP America Inc.,Blaine,Whatcom,Northwest Clean Air Agency,2123672.0,0.0,2112799.0,6485.0,4388.0,0.0,0.0,0.0,0.0,,5.0,"48.8864, -122.7353",,,POINT (-122.7353 48.8864)
Phillips 66 Ferndale Refinery - Ferndale,2015,Petroleum Systems,Petroleum Refineries,324110.0,Petroleum Refineries,Phillips 66 Company,Ferndale,Whatcom,Northwest Clean Air Agency,749019.0,0.0,745439.0,1724.0,1856.0,0.0,0.0,0.0,0.0,,3.0,"48.830142, -122.692114",,,POINT (-122.692114 48.830142)
Cardinal FG Company - Winlock,2023,Minerals,Glass Production,327211.0,Flat Glass Manufacturing,Cardinal Glass Industries Inc.,Winlock,Lewis,Southwest Clean Air Agency,107118.0,0.0,107043.0,34.0,41.0,0.0,0.0,0.0,0.0,,3.0,"46.544937, -122.926313",107118.0,Covered Entity,POINT (-122.926313 46.544937)
Great Western Malt - Vancouver,2020,Food Production,Other Food Products,311213.0,Malt Manufacturing,Great Western Malt,Vancouver,Clark,Southwest Clean Air Agency,15286.0,0.0,15270.0,7.0,9.0,0.0,0.0,0.0,0.0,,1.0,"45.631069, -122.690043",,,POINT (-122.690043 45.631069)
"Boise Cascade Wood Products, LLC.  Kettle Falls Lumber - Kettle Falls",2022,Wood Products,Lumber Mills,321912.0,"Cut Stock, Resawing Lumber, and Planing",Boise Cascade Company,Kettle Falls,Stevens,Ecology: Eastern Regional Office,50026.0,49367.0,0.0,95.0,565.0,0.0,0.0,0.0,0.0,,2.0,"48.609799, -118.067441",,,POINT (-118.067441 48.609799)
Georgia-Pacific Gypsum LLC - Tacoma,2017,Manufacturing,Building Products,327420.0,Gypsum Product Manufacturing,Koch Industries Inc.,Tacoma,Pierce,Puget Sound Clean Air Agency,46857.0,0.0,46808.0,22.0,26.0,0.0,0.0,0.0,0.0,,2.0,"47.269558, -122.394869",,,POINT (-122.394869 47.269558)
Puget Sound Energy - Sumas Generating Station - Sumas,2016,Power Plants,Natural Gas Turbine Plants,221112.0,Fossil Fuel Electric Power Generation,Puget Holdings LLC,Sumas,Whatcom,Northwest Clean Air Agency,192574.0,0.0,192378.0,89.0,106.0,0.0,0.0,0.0,0.0,,3.0,"48.9905, -122.2733",,,POINT (-122.2733 48.9905)
LANXESS Corporation - Kalama,2016,Chemicals,Other Chemicals,325199.0,All Other Basic Organic Chemical Manufacturing,Emerald Performance Materials LLC,Kalama,Cowlitz,Southwest Clean Air Agency,70983.0,0.0,70909.0,34.0,40.0,0.0,0.0,0.0,0.0,,2.0,"46.02191, -122.85698",,,POINT (-122.85698 46.02191)
Horn Rapids Sanitary Landfill - Richland,2016,Waste,Landfills,562212.0,Solid Waste Landfill,City of Richland,Richland,Benton,Benton Clean Air Agency,26021.0,0.0,0.0,26021.0,0.0,0.0,0.0,0.0,0.0,,2.0,"46.346663, -119.348118",,,POINT (-119.348118 46.346663)
Lamb Weston - Connell,2017,Food Production,Potato Products,311411.0,"Frozen Fruit, Juice, and Vegetable Manufacturing","Lamb Weston, Inc.",Connell,Franklin,Ecology: Eastern Regional Office,35862.0,0.0,35825.0,17.0,20.0,0.0,0.0,0.0,0.0,,2.0,"46.651389, -118.871944",,,POINT (-118.871944 46.651389)
Imerys Minerals Quincy Plant - Quincy,2023,Minerals,Other Minerals,212399.0,All Other Nonmetallic Mineral Mining,Imerys Filtration Minerals Inc.,Quincy,Grant,Ecology: Eastern Regional Office,15599.0,0.0,15583.0,7.0,9.0,0.0,0.0,0.0,0.0,,1.0,"47.239948, -119.838831",,Reporter,POINT (-119.838831 47.239948)
Ardagh Glass Inc. - Seattle,2018,Minerals,Glass Production,327213.0,Glass Container Manufacturing,Ardagh Holdings USA Inc.,Seattle,King,Puget Sound Clean Air Agency,76476.0,0.0,76415.0,28.0,33.0,0.0,0.0,0.0,0.0,,2.0,"47.55242, -122.33739",,,POINT (-122.33739 47.55242)
"Horse Heaven Cattle Feeders, Inc. - Sunnyside",2017,Livestock,Cattle Feedlots,112112.0,Cattle Feedlots,"Horse Heaven Cattle Feeders, Inc.",Sunnyside,Yakima,Yakima Regional Clean Air Agency,11439.0,0.0,0.0,883.0,10556.0,0.0,0.0,0.0,0.0,,1.0,"46.284622, -120.019668",,,POINT (-120.019668 46.284622)
"Vaagen Bros. Lumber, Inc. - Colville",2018,Wood Products,Lumber Mills,321999.0,All Other Miscellaneous Wood Product Manufacturing,Vaagen Bros. Lumber Inc.,Colville,Stevens,Ecology: Eastern Regional Office,45535.0,44934.0,1.0,86.0,514.0,0.0,0.0,0.0,0.0,,2.0,"48.548525, -117.915469",,,POINT (-117.915469 48.548525)
"Solvay Chemicals, Inc. - Longview",2020,Chemicals,Other Chemicals,325180.0,Other Basic Inorganic Chemical Manufacturing,Solvay Chemicals Inc.,Longview,Cowlitz,Southwest Clean Air Agency,44916.0,0.0,44916.0,0.0,0.0,0.0,0.0,0.0,0.0,,2.0,"46.137218, -122.982847",,,POINT (-122.982847 46.137218)
"NorthStar Energy, LLC - Seattle",2023,Supplier,Other Fuel Supplier,424710.0,Petroleum Bulk Stations and Terminals,"Saltchuk Holdings, Inc.",Seattle,King,,16865.0,331.0,16409.0,17.0,108.0,0.0,0.0,0.0,0.0,,,,13660.0,Covered Entity,
Port Townsend Paper Corporation - Port Townsend,2021,Pulp and Paper,Kraft Mills,322121.0,Paper (except Newsprint) Mills,Port Townsend Paper Corp.,Port Townsend,Jefferson,Ecology: Industrial Section,521622.0,428332.0,88410.0,2448.0,2433.0,0.0,0.0,0.0,0.0,,3.0,"48.093793, -122.796806",,,POINT (-122.796806 48.093793)
Avista Corporation - WA State DOE Reporting - statewide,2019,Natural Gas Systems,Natural Gas Local Distribution Companies,221121.0,Electric Bulk Power Transmission and Control,Avista Corp.,Spokane,Spokane,Spokane Regional Clean Air Agency,3496.0,0.0,0.0,0.0,0.0,0.0,0.0,3496.0,0.0,,1.0,"47.673486, -117.388514",,,POINT (-117.388514 47.673486)
Graymont Western US. Inc. - Tacoma,2017,Minerals,Lime Production,327410.0,Lime Manufacturing,"Graymont, Inc.",Tacoma,Pierce,Puget Sound Clean Air Agency,23.0,0.0,23.0,0.0,0.0,0.0,0.0,0.0,0.0,Facility shut down.,1.0,"47.271365, -122.397262",,,POINT (-122.397262 47.271365)
Cascade Natural Gas Corporation - supplier,2017,Supplier,Natural Gas Supplier,221210.0,Natural Gas Distribution,"MDU Resources Group, Inc.",Kennewick,Benton,,1753309.0,0.0,1751500.0,825.0,984.0,0.0,0.0,0.0,0.0,,,,,,
Darigold - Chehalis,2019,Food Production,Dairy Products,311514.0,"Dry, Condensed, and Evaporated Dairy Product Manufacturing",Darigold Inc.,Chehalis,Lewis,Southwest Clean Air Agency,12351.0,0.0,12338.0,6.0,7.0,0.0,0.0,0.0,0.0,,1.0,"46.659952, -122.970162",,,POINT (-122.970162 46.659952)
Port Angeles Hardwood LLC - Port Angeles,2020,Wood Products,Lumber Mills,321113.0,Sawmills,Port Angeles Hardwood LLC,Port Angeles,Clallam,Olympic Region Clean Air Agency,23253.0,22946.0,0.0,44.0,263.0,0.0,0.0,0.0,0.0,,1.0,"48.100872, -123.485745",,,POINT (-123.485745 48.100872)
"SGL Carbon, LLC - Moses Lake",2022,Manufacturing,Transportation Industry,335991.0,Carbon and Graphite Product Manufacturing,SGL Automotive Carbon Fibers LLC,Moses Lake,Grant,Ecology: Eastern Regional Office,11853.0,0.0,11841.0,6.0,7.0,0.0,0.0,0.0,0.0,,1.0,"47.208993, -119.285437",,,POINT (-119.285437 47.208993)
Johnston's Grain Connected Ltd.,2023,,,,,,,,,21383.0,0.0,21297.0,25.0,61.0,0.0,0.0,0.0,0.0,,,,,Reporter,
"Bio Energy Washington, LLC - Maple Valley",2016,Power Plants,"Other Power, Heating, or Cooling Plants",221119.0,Other Electric Power Generation,Bio Energy Washington,Maple Valley,King,Puget Sound Clean Air Agency,29128.0,27370.0,1612.0,44.0,103.0,0.0,0.0,0.0,0.0,,2.0,"47.455871, -122.041817",,,POINT (-122.041817 47.455871)
"Tyson Fresh Meats, Inc. - Wallula",2013,Food Production,Meat Products,311611.0,Animal (except Poultry) Slaughtering,"Tyson Foods, Inc",Wallula,Walla Walla,Ecology: Eastern Regional Office,65322.0,0.0,23637.0,41672.0,13.0,0.0,0.0,0.0,0.0,,2.0,"46.137521, -118.913051",,,POINT (-118.913051 46.137521)
Georgia-Pacific Consumer Operations LLC - Camas,2014,Pulp and Paper,Kraft Mills,322120.0,Paper Mills,Koch Industries Inc.,Camas,Clark,Ecology: Industrial Section,629619.0,488880.0,131192.0,7781.0,1765.0,0.0,0.0,0.0,0.0,Assigned Emissions Level,3.0,"45.584271, -122.40843",,,POINT (-122.40843 45.584271)
Frito Lay - Vancouver,2016,Food Production,Other Food Products,311919.0,Other Snack Food Manufacturing,PepsiCo Inc,Vancouver,Clark,Southwest Clean Air Agency,16373.0,0.0,16356.0,8.0,9.0,0.0,0.0,0.0,0.0,,1.0,"45.657037, -122.692",,,POINT (-122.692 45.657037)
Puget Sound Energy - Fredonia Generating Station - Mount Vernon,2016,Power Plants,Natural Gas Turbine Plants,221112.0,Fossil Fuel Electric Power Generation,Puget Holdings LLC,Mount Vernon,Skagit,Northwest Clean Air Agency,163717.0,0.0,163548.0,77.0,92.0,0.0,0.0,0.0,0.0,,3.0,"48.4553, -122.435",,,POINT (-122.435 48.4553)
Lamb Weston - Pasco,2022,Food Production,Potato Products,311411.0,"Frozen Fruit, Juice, and Vegetable Manufacturing","Lamb Weston, Inc.",Pasco,Franklin,Ecology: Eastern Regional Office,39066.0,0.0,39026.0,19.0,22.0,0.0,0.0,0.0,0.0,,2.0,"46.288137, -119.115336",,,POINT (-119.115336 46.288137)
"CECO, Inc. - Portland",2023,Supplier,Other Fuel Supplier,424710.0,Petroleum Bulk Stations and Terminals,"CECO, Inc.",Portland,Multnomah,,46952.0,3537.0,43065.0,35.0,316.0,0.0,0.0,0.0,0.0,,,,42706.0,Covered Entity,
WaferTech LLC - Camas,2019,Manufacturing,Electronics Industry,334413.0,Semiconductor and Related Device Manufacturing,WaferTech LLC,Camas,Clark,Southwest Clean Air Agency,88223.0,0.0,14214.0,7.0,5154.0,8320.0,26607.0,9487.0,24436.0,,2.0,"45.619569, -122.454955",,,POINT (-122.454955 45.619569)
Owens-Brockway Glass Container Inc Plant #2 - Kalama,2016,Minerals,Glass Production,327213.0,Glass Container Manufacturing,O-I Glass Inc.,Kalama,Cowlitz,Southwest Clean Air Agency,23284.0,0.0,23268.0,8.0,9.0,0.0,0.0,0.0,0.0,,1.0,"46.031656, -122.866241",,,POINT (-122.866241 46.031656)
Puget Sound Energy - Jackson Prairie Gas Storage - Chehalis,2021,Natural Gas Systems,Natural Gas Storage,486210.0,Pipeline Transportation of Natural Gas,Puget Holdings LLC,Chehalis,Lewis,Southwest Clean Air Agency,13690.0,0.0,11361.0,2323.0,6.0,0.0,0.0,0.0,0.0,,1.0,"46.53461, -122.838569",,,POINT (-122.838569 46.53461)
Washington State University - Pullman,2022,Government,Education,611310.0,"Colleges, Universities, and Professional Schools",State of Washington,Pullman,Whitman,Ecology: Eastern Regional Office,82952.0,0.0,82852.0,42.0,58.0,0.0,0.0,0.0,0.0,,2.0,"46.728702, -117.151481",,,POINT (-117.151481 46.728702)
Washington Potato Company - Warden,2020,Food Production,Potato Products,311991.0,Perishable Prepared Food Manufacturing,Washington Potato Co.,Warden,Grant,Ecology: Eastern Regional Office,32015.0,0.0,31982.0,15.0,18.0,0.0,0.0,0.0,0.0,,2.0,"46.970469, -119.063631",,,POINT (-119.063631 46.970469)
BP Products North America,2023,Supplier,Other Fuel Supplier,324110.0,Petroleum Refineries,BP America Inc,Houston,Harris,,6177491.0,480479.0,5641802.0,6339.0,48871.0,0.0,0.0,0.0,0.0,,,,2803472.0,Covered Entity,
Avista Corporation - supplier,2019,Supplier,Natural Gas Supplier,,,Avista Corporation,Spokane,Spokane,,1159719.0,0.0,1158522.0,546.0,651.0,0.0,0.0,0.0,0.0,,,,,,
Ascensus Specialties LLC - Elma,2012,Chemicals,Other Chemicals,325180.0,Other Basic Inorganic Chemical Manufacturing,VSI Holdings LLC,Elma,Grays Harbor,Olympic Region Clean Air Agency,16809.0,0.0,16791.0,8.0,10.0,0.0,0.0,0.0,0.0,,1.0,"46.995459, -123.382316",,,POINT (-123.382316 46.995459)
Northwest Pipeline Roosevelt C/S - Bickleton,2016,Natural Gas Systems,Natural Gas Transmission/Compression,486210.0,Pipeline Transportation of Natural Gas,"The Williams Companies, Inc.",Bickleton,Klickitat,Ecology: Central Regional Office,9799.0,0.0,7590.0,2205.0,4.0,0.0,0.0,0.0,0.0,,1.0,"45.849504, -120.08083",,,POINT (-120.08083 45.849504)
"Emerald City Renewables, LLC- Graham",2022,Power Plants,"Other Power, Heating, or Cooling Plants",221117.0,Biomass Electric Power Generation,Emerald City Renewables LLC,Graham,Pierce,Puget Sound Clean Air Agency,18587.0,18491.0,0.0,29.0,67.0,0.0,0.0,0.0,0.0,,1.0,"46.975533, -122.290871",,,POINT (-122.290871 46.975533)
LANXESS Corporation - Kalama,2021,Chemicals,Other Chemicals,325199.0,All Other Basic Organic Chemical Manufacturing,Emerald Performance Materials LLC,Kalama,Cowlitz,Southwest Clean Air Agency,67316.0,0.0,67247.0,32.0,38.0,0.0,0.0,0.0,0.0,,2.0,"46.02191, -122.85698",,,POINT (-122.85698 46.02191)
Northwest Pipeline Plymouth C/S - Plymouth,2021,Natural Gas Systems,Natural Gas Transmission/Compression,486210.0,Pipeline Transportation of Natural Gas,"The Williams Companies, Inc.",Plymouth,Benton,Benton Clean Air Agency,6573.0,0.0,4176.0,2395.0,2.0,0.0,0.0,0.0,0.0,,1.0,"45.9309, -119.41019",,,POINT (-119.41019 45.9309)
McKinley Paper Co. - Washington Mill - Port Angeles,2016,Pulp and Paper,Other Pulp and Paper,322121.0,Paper (except Newsprint) Mills,McKinley Paper Co.,Port Angeles,Clallam,Olympic Region Clean Air Agency,198142.0,189143.0,2153.0,4679.0,2168.0,0.0,0.0,0.0,0.0,,3.0,"48.134623, -123.467524",,,POINT (-123.467524 48.134623)
The Boeing Company - Fabrication (Frederickson Site) - Puyallup,2015,Manufacturing,Transportation Industry,336411.0,Aircraft Manufacturing,The Boeing Company,Puyallup,Pierce,Puget Sound Clean Air Agency,20833.0,0.0,20812.0,10.0,12.0,0.0,0.0,0.0,0.0,,1.0,"47.088831, -122.34862",,,POINT (-122.34862 47.088831)
Northwest Pipeline C/S - Snohomish,2018,Natural Gas Systems,Natural Gas Transmission/Compression,486210.0,Pipeline Transportation of Natural Gas,"The Williams Companies, Inc.",Snohomish,Snohomish,Puget Sound Clean Air Agency,50061.0,0.0,48486.0,1548.0,27.0,0.0,0.0,0.0,0.0,,2.0,"47.78825, -122.05859",,,POINT (-122.05859 47.78825)
Sierra Pacific Industries - Shelton,2021,Wood Products,Lumber Mills,321212.0,Softwood Veneer and Plywood Manufacturing,Simpson Lumber Company LLC,Shelton,Mason,Olympic Region Clean Air Agency,79779.0,78728.0,0.0,151.0,901.0,0.0,0.0,0.0,0.0,,2.0,"47.213448, -123.096517",,,POINT (-123.096517 47.213448)
Western Washington University - Bellingham,2017,Government,Education,611310.0,"Colleges, Universities, and Professional Schools",Western Washington University,Bellingham,Whatcom,Northwest Clean Air Agency,10954.0,0.0,10942.0,5.0,6.0,0.0,0.0,0.0,0.0,,1.0,"48.736499, -122.484714",,,POINT (-122.484714 48.736499)
"Emerald City Renewables, LLC- Graham",2015,Power Plants,"Other Power, Heating, or Cooling Plants",221117.0,Biomass Electric Power Generation,Emerald City Renewables LLC,Graham,Pierce,Puget Sound Clean Air Agency,19534.0,19435.0,0.0,30.0,70.0,0.0,0.0,0.0,0.0,,1.0,"46.975533, -122.290871",,,POINT (-122.290871 46.975533)
SDS Lumber Company - Bingen,2013,Wood Products,Lumber Mills,321113.0,Sawmills,SDS Lumber Company,Bingen,Klickitat,Ecology: Central Regional Office,106615.0,105116.0,95.0,202.0,1202.0,0.0,0.0,0.0,0.0,,3.0,"45.713913, -121.468688",,,POINT (-121.468688 45.713913)
Grant County Landfill 1 - Ephrata,2012,Waste,Landfills,562212.0,Solid Waste Landfill,Grant County Washington,Ephrata,Grant,Ecology: Eastern Regional Office,36858.0,0.0,0.0,36858.0,0.0,0.0,0.0,0.0,0.0,,2.0,"47.270759, -119.573764",,,POINT (-119.573764 47.270759)
The Boeing Company - Renton,2012,Manufacturing,Transportation Industry,336411.0,Aircraft Manufacturing,The Boeing Company,Renton,King,Puget Sound Clean Air Agency,17868.0,0.0,17849.0,9.0,10.0,0.0,0.0,0.0,0.0,,1.0,"47.498257, -122.211346",,,POINT (-122.211346 47.498257)
Goodrich Corporation - Spokane,2021,Manufacturing,Transportation Industry,336413.0,Other Aircraft Parts and Auxiliary Equipment Manufacturing,Raytheon Technologies Corp,Spokane,Spokane,Spokane Regional Clean Air Agency,29872.0,0.0,29842.0,14.0,17.0,0.0,0.0,0.0,0.0,,2.0,"47.583604, -117.568511",,,POINT (-117.568511 47.583604)
Nippon Dynawave - Longview,2018,Pulp and Paper,Kraft Mills,322121.0,Paper (except Newsprint) Mills,Nippon Paper Industries Co Ltd,Longview,Cowlitz,Ecology: Industrial Section,1663075.0,1373938.0,281467.0,1645.0,6025.0,0.0,0.0,0.0,0.0,Formerly included North Pacific Paper Company before 2016.,4.0,"46.130495, -122.983637",,,POINT (-122.983637 46.130495)
Cosmo Specialty Fibers Inc - Cosmopolis,2019,Pulp and Paper,Sulfite Mills,322110.0,Pulp Mills,Cosmo Specialty Fibers Inc.,Cosmopolis,Grays Harbor,Ecology: Industrial Section,605828.0,570333.0,29128.0,3973.0,2394.0,0.0,0.0,0.0,0.0,,3.0,"46.952907, -123.76211",,,POINT (-123.76211 46.952907)
Puget Sound Energy - Mint Farm Generating Station - Longview,2012,Power Plants,Natural Gas Turbine Plants,221112.0,Fossil Fuel Electric Power Generation,Puget Holdings LLC,Longview,Cowlitz,Southwest Clean Air Agency,433875.0,0.0,433435.0,201.0,240.0,0.0,0.0,0.0,0.0,,3.0,"46.140095, -122.985138",,,POINT (-122.985138 46.140095)
Boulder Park Generating Station - Spokane Valley,2012,Power Plants,"Other Power, Heating, or Cooling Plants",221112.0,Fossil Fuel Electric Power Generation,Avista Corp.,Spokane Valley,Spokane,Spokane Regional Clean Air Agency,2700.0,0.0,2697.0,1.0,1.0,0.0,0.0,0.0,0.0,,1.0,"47.696999, -117.147223",,,POINT (-117.147223 47.696999)
Northwest Pipeline Willard C/S - Cook,2014,Natural Gas Systems,Natural Gas Transmission/Compression,486210.0,Pipeline Transportation of Natural Gas,"The Williams Companies, Inc.",Cook,Skamania,Southwest Clean Air Agency,9442.0,0.0,8020.0,1418.0,4.0,0.0,0.0,0.0,0.0,,1.0,"45.778087, -121.626311",,,POINT (-121.626311 45.778087)
Cowlitz County Tennant Way Landfill - Longview,2013,Waste,Landfills,562212.0,Solid Waste Landfill,Cowlitz County Washington,Longview,Cowlitz,Southwest Clean Air Agency,19709.0,0.0,0.0,19709.0,0.0,0.0,0.0,0.0,0.0,,1.0,"46.107229, -122.905601",,,POINT (-122.905601 46.107229)
Northwest Pipeline C/S - Goldendale,2023,Natural Gas Systems,Natural Gas Transmission/Compression,486210.0,Pipeline Transportation of Natural Gas,"The Williams Companies, Inc.",Goldendale,Klickitat,Ecology: Central Regional Office,20993.0,0.0,18668.0,2315.0,10.0,0.0,0.0,0.0,0.0,,1.0,"45.771216, -120.799267",20993.0,Covered Entity,POINT (-120.799267 45.771216)
Air Liquide Hydrogen Plant  - Anacortes,2019,Petroleum Systems,Other Petroleum Systems,325120.0,Industrial Gas Manufacturing,Air Liquide USA Inc.,Anacortes,Skagit,Northwest Clean Air Agency,66107.0,0.0,66107.0,0.0,0.0,0.0,0.0,0.0,0.0,,2.0,"48.465617, -122.556032",,,POINT (-122.556032 48.465617)
Hampton Lumber Mills Washington Inc. - Randle,2020,Wood Products,Lumber Mills,321113.0,Sawmills,Hampton Lumber Mills Washington Inc.,Randle,Lewis,Southwest Clean Air Agency,67883.0,66989.0,0.0,129.0,766.0,0.0,0.0,0.0,0.0,,2.0,"46.533743, -121.917906",,,POINT (-121.917906 46.533743)
Star Forge LLC dba Jorgensen Forge - Tukwila,2012,Metals,Other Metals,332111.0,Iron and Steel Forging,Jorgensen Forge Corp.,Tukwila,King,Puget Sound Clean Air Agency,20917.0,0.0,20896.0,10.0,11.0,0.0,0.0,0.0,0.0,,1.0,"47.526872, -122.303906",,,POINT (-122.303906 47.526872)
Sierra Pacific Industries - Burlington - Mount Vernon,2014,Wood Products,Lumber Mills,321113.0,Sawmills,Sierra Pacific Industries,Mount Vernon,Skagit,Northwest Clean Air Agency,279566.0,272006.0,3923.0,524.0,3113.0,0.0,0.0,0.0,0.0,,3.0,"48.448553, -122.434613",,,POINT (-122.434613 48.448553)
The Boeing Company: DC/MFC - Tukwila,2020,Manufacturing,Transportation Industry,336411.0,Aircraft Manufacturing,The Boeing Company,Tukwila,King,Puget Sound Clean Air Agency,12613.0,0.0,12599.0,6.0,7.0,0.0,0.0,0.0,0.0,,1.0,"47.516246, -122.298613",,,POINT (-122.298613 47.516246)
Northwest Pipeline C/S - Sumas,2023,Natural Gas Systems,Natural Gas Transmission/Compression,486210.0,Pipeline Transportation of Natural Gas,"The Williams Companies, Inc.",Sumas,Whatcom,Northwest Clean Air Agency,105282.0,0.0,102379.0,2846.0,58.0,0.0,0.0,0.0,0.0,,3.0,"49.001, -122.2214",105282.0,Covered Entity,POINT (-122.2214 49.001)
Naval Base Kitsap - Bremerton,2017,Government,National Security,928110.0,National Security,US Government,Bremerton,Kitsap,Puget Sound Clean Air Agency,46625.0,0.0,46576.0,22.0,27.0,0.0,0.0,0.0,0.0,,2.0,"47.557047, -122.645933",,,POINT (-122.645933 47.557047)
Sonoco Products - Sumner,2020,Pulp and Paper,Other Pulp and Paper,322130.0,Paperboard Mills,Sonoco Products Company,Sumner,Pierce,Puget Sound Clean Air Agency,11582.0,0.0,11570.0,6.0,7.0,0.0,0.0,0.0,0.0,,1.0,"47.210641, -122.239474",,,POINT (-122.239474 47.210641)
Grays Harbor Energy Center - Elma,2013,Power Plants,Natural Gas Turbine Plants,221112.0,Fossil Fuel Electric Power Generation,Invenergy Investment Company LLC,Elma,Grays Harbor,EFSEC,579561.0,0.0,578972.0,269.0,320.0,0.0,0.0,0.0,0.0,,3.0,"46.9688, -123.48",,,POINT (-123.48 46.9688)
University of Washington Seattle Campus - Seattle,2021,Government,Education,611310.0,"Colleges, Universities, and Professional Schools",State of Washington,Seattle,King,Puget Sound Clean Air Agency,89624.0,0.0,89531.0,42.0,51.0,0.0,0.0,0.0,0.0,,2.0,"47.653614, -122.303608",,,POINT (-122.303608 47.653614)
Sierra Pacific Industries - Centralia,2016,Wood Products,Lumber Mills,321113.0,Sawmills,Sierra Pacific Industries,Centralia,Lewis,Southwest Clean Air Agency,42540.0,41979.0,0.0,81.0,480.0,0.0,0.0,0.0,0.0,,2.0,"46.756413, -122.995433",,,POINT (-122.995433 46.756413)
Ponderay Industries - Usk,2015,Pulp and Paper,Other Pulp and Paper,322122.0,Newsprint Mills,Ponderay Industries,Usk,Pend Oreille,Ecology: Eastern Regional Office,44680.0,41661.0,2452.0,83.0,483.0,0.0,0.0,0.0,0.0,,2.0,"48.289771, -117.271359",,,POINT (-117.271359 48.289771)
TransAlta Centralia Generation LLC - Centralia,2020,Power Plants,Coal Plants,221112.0,Fossil Fuel Electric Power Generation,Transalta Centralia Generation/Mining,Centralia,Lewis,Southwest Clean Air Agency,5844587.0,0.0,5798775.0,16757.0,29055.0,0.0,0.0,0.0,0.0,Unit 1 permanently shut down 12/31/20.,5.0,"46.7559, -122.8578",,,POINT (-122.8578 46.7559)
Central Washington University - Ellensburg,2017,Government,Education,611310.0,"Colleges, Universities, and Professional Schools",State of Washington,Ellensburg,Kittitas,Ecology: Central Regional Office,14479.0,0.0,14465.0,7.0,8.0,0.0,0.0,0.0,0.0,,1.0,"47.003202, -120.544513",,,POINT (-120.544513 47.003202)
"Flashpoint Energy Partners, LLC - Tulsa",2023,Supplier,Other Fuel Supplier,,,"Flashpoint Industries, LLC",Tulsa,Tulsa,,14347.0,0.0,14290.0,17.0,41.0,0.0,0.0,0.0,0.0,,,,,Reporter,
River Road Generating Plant - Vancouver,2018,Power Plants,Natural Gas Turbine Plants,221112.0,Fossil Fuel Electric Power Generation,Clark Public Utilities,Vancouver,Clark,Southwest Clean Air Agency,474250.0,0.0,473768.0,220.0,262.0,0.0,0.0,0.0,0.0,,3.0,"45.64958, -122.724806",,,POINT (-122.724806 45.64958)
Spectrum Glass Company - Woodinville,2012,Minerals,Glass Production,327211.0,Flat Glass Manufacturing,Vanguard Properties Co.,Woodinville,King,Puget Sound Clean Air Agency,12025.0,0.0,12014.0,5.0,6.0,0.0,0.0,0.0,0.0,,1.0,"47.777004, -122.148978",,,POINT (-122.148978 47.777004)
Spokane Waste to Energy Facility - Spokane,2020,Power Plants,"Other Power, Heating, or Cooling Plants",562213.0,Solid Waste Combustors and Incinerators,City of Spokane,Spokane,Spokane,Spokane Regional Clean Air Agency,234431.0,140581.0,88699.0,2009.0,3142.0,0.0,0.0,0.0,0.0,,3.0,"47.626529, -117.504278",,,POINT (-117.504278 47.626529)
Pembina Midstream (USA) Inc. - Houston,2022,Supplier,Other Fuel Supplier,221210.0,Natural Gas Distribution,Pembina NGL Corporation,Houston,Harris,,48646.0,0.0,48451.0,58.0,137.0,0.0,0.0,0.0,0.0,,,,,,
The Boeing Company - Auburn Site - Auburn,2013,Manufacturing,Transportation Industry,336413.0,Other Aircraft Parts and Auxiliary Equipment Manufacturing,The Boeing Company,Auburn,King,Puget Sound Clean Air Agency,38558.0,0.0,38518.0,18.0,22.0,0.0,0.0,0.0,0.0,,2.0,"47.285551, -122.242298",,,POINT (-122.242298 47.285551)
Hampton Lumber Mills Washington Inc. - Morton,2015,Wood Products,Lumber Mills,321113.0,Sawmills,Hampton Lumber Mills Washington Inc.,Morton,Lewis,Southwest Clean Air Agency,31789.0,31370.0,0.0,60.0,359.0,0.0,0.0,0.0,0.0,,2.0,"46.565997, -122.269573",,,POINT (-122.269573 46.565997)
Starbucks Kent Flexible Plant - Kent,2022,Food Production,Other Food Products,311920.0,Coffee and Tea Manufacturing,Starbucks Corp.,Kent,King,Puget Sound Clean Air Agency,12664.0,0.0,12651.0,6.0,7.0,0.0,0.0,0.0,0.0,,1.0,"47.436276, -122.237648",,,POINT (-122.237648 47.436276)
Cascade Natural Gas Corporation LDC - statewide,2019,Natural Gas Systems,Natural Gas Local Distribution Companies,221210.0,Natural Gas Distribution,MDU Resources Group Inc.,Kennewick,Benton,Benton Clean Air Agency,23358.0,0.0,242.0,23116.0,0.0,0.0,0.0,0.0,0.0,,1.0,"46.21875, -119.22987",,,POINT (-119.22987 46.21875)
Puget Sound Energy - Frederickson Generating Station - Tacoma,2019,Power Plants,Natural Gas Turbine Plants,221112.0,Fossil Fuel Electric Power Generation,Puget Holdings LLC,Tacoma,Pierce,Puget Sound Clean Air Agency,70031.0,0.0,69958.0,33.0,40.0,0.0,0.0,0.0,0.0,,2.0,"47.079716, -122.364711",,,POINT (-122.364711 47.079716)
Matheson - Anacortes,2019,Petroleum Systems,Other Petroleum Systems,325120.0,Industrial Gas Manufacturing,Linde Gas North America LLC,Anacortes,Skagit,Northwest Clean Air Agency,41845.0,0.0,41845.0,0.0,0.0,0.0,0.0,0.0,0.0,,2.0,"48.467646, -122.554343",,,POINT (-122.554343 48.467646)
Packaging Corporation of America - Wallula,2020,Pulp and Paper,Kraft Mills,322121.0,Paper (except Newsprint) Mills,Packaging Corp of America,Wallula,Walla Walla,Ecology: Industrial Section,853083.0,630030.0,207409.0,14183.0,1461.0,0.0,0.0,0.0,0.0,,3.0,"46.10396, -118.9184",,,POINT (-118.9184 46.10396)
Hampton Lumber Mills Washington Inc. - Darrington,2012,Wood Products,Lumber Mills,321113.0,Sawmills,Hampton Lumber Mills Washington Inc.,Darrington,Snohomish,Puget Sound Clean Air Agency,81603.0,79856.0,0.0,681.0,1066.0,0.0,0.0,0.0,0.0,,2.0,"48.262797, -121.597608",,,POINT (-121.597608 48.262797)
Northwest Pipeline C/S - Sumas,2018,Natural Gas Systems,Natural Gas Transmission/Compression,486210.0,Pipeline Transportation of Natural Gas,"The Williams Companies, Inc.",Sumas,Whatcom,Northwest Clean Air Agency,90783.0,0.0,86855.0,3879.0,49.0,0.0,0.0,0.0,0.0,,2.0,"49.001, -122.2214",,,POINT (-122.2214 49.001)
Puget Sound Energy - Ferndale Generating Station - Ferndale,2014,Power Plants,Natural Gas Turbine Plants,221112.0,Fossil Fuel Electric Power Generation,Puget Holdings LLC,Ferndale,Whatcom,Northwest Clean Air Agency,333193.0,0.0,332855.0,154.0,184.0,0.0,0.0,0.0,0.0,,3.0,"48.828707, -122.685533",,,POINT (-122.685533 48.828707)
Avista Corporation LDC - WA - statewide,2016,Natural Gas Systems,Natural Gas Local Distribution Companies,221210.0,Natural Gas Distribution,Avista Corp.,Spokane,Spokane,Spokane Regional Clean Air Agency,15513.0,0.0,19.0,15494.0,0.0,0.0,0.0,0.0,0.0,,1.0,"47.673662, -117.388735",,,POINT (-117.388735 47.673662)
The Boeing Company: Boeing Plant 2 - Seattle,2021,Manufacturing,Transportation Industry,336411.0,Aircraft Manufacturing,The Boeing Company,Seattle,King,Puget Sound Clean Air Agency,21233.0,0.0,21211.0,10.0,12.0,0.0,0.0,0.0,0.0,,1.0,"47.532524, -122.311623",,,POINT (-122.311623 47.532524)
J.R. Simplot Company - Othello,2023,Food Production,Potato Products,311411.0,"Frozen Fruit, Juice, and Vegetable Manufacturing",J.R. Simplot Company,Othello,Adams,Ecology: Eastern Regional Office,107817.0,0.0,53175.0,54613.0,30.0,0.0,0.0,0.0,0.0,,3.0,"46.837778, -119.176389",107817.0,Covered Entity,POINT (-119.176389 46.837778)
"Gas Transmission Northwest Compressor Station 8, LLC -Wallula",2013,Natural Gas Systems,Natural Gas Transmission/Compression,486210.0,Pipeline Transportation of Natural Gas,TransCanada Northern Border Inc.,Wallula,Walla Walla,Ecology: Eastern Regional Office,100354.0,0.0,94964.0,5337.0,53.0,0.0,0.0,0.0,0.0,,3.0,"46.053153, -118.843934",,,POINT (-118.843934 46.053153)
Hidden Valley Landfill - Puyallup,2022,Waste,Landfills,562212.0,Solid Waste Landfill,Waste Connections US Inc.,Puyallup,Pierce,Puget Sound Clean Air Agency,98816.0,1609.0,0.0,97202.0,6.0,0.0,0.0,0.0,0.0,,2.0,"47.095, -122.2878",,,POINT (-122.2878 47.095)
Avista Corporation LDC - WA - statewide,2021,Natural Gas Systems,Natural Gas Local Distribution Companies,221210.0,Natural Gas Distribution,Avista Corp.,Spokane,Spokane,Spokane Regional Clean Air Agency,16108.0,0.0,19.0,16089.0,0.0,0.0,0.0,0.0,0.0,,1.0,"47.673662, -117.388735",,,POINT (-117.388735 47.673662)
Tree Top - Selah Campus,2022,Food Production,Fruit Products,311423.0,Dried and Dehydrated Food Manufacturing,Tree Top Inc.,Selah,Yakima,Yakima Regional Clean Air Agency,16908.0,0.0,16890.0,8.0,10.0,0.0,0.0,0.0,0.0,,1.0,"46.64992, -120.52755",,,POINT (-120.52755 46.64992)
Phillips 66 Ferndale Refinery - Ferndale,2020,Petroleum Systems,Petroleum Refineries,324110.0,Petroleum Refineries,Phillips 66 Company,Ferndale,Whatcom,Northwest Clean Air Agency,801159.0,0.0,797447.0,1728.0,1984.0,0.0,0.0,0.0,0.0,,3.0,"48.830142, -122.692114",,,POINT (-122.692114 48.830142)
Cowlitz County Tennant Way Landfill - Longview,2023,Waste,Landfills,562212.0,Solid Waste Landfill,Cowlitz County Washington,Longview,Cowlitz,Southwest Clean Air Agency,29327.0,2529.0,0.0,26789.0,9.0,0.0,0.0,0.0,0.0,Emissions under review.,2.0,"46.107229, -122.905601",,Reporter,POINT (-122.905601 46.107229)
TransAlta Centralia Generation LLC - Centralia,2013,Power Plants,Coal Plants,221112.0,Fossil Fuel Electric Power Generation,Transalta Centralia Generation/Mining,Centralia,Lewis,Southwest Clean Air Agency,7547845.0,0.0,7488677.0,21643.0,37525.0,0.0,0.0,0.0,0.0,,5.0,"46.7559, -122.8578",,,POINT (-122.8578 46.7559)
"Horse Heaven Cattle Feeders, Inc. - Sunnyside",2012,Livestock,Cattle Feedlots,112112.0,Cattle Feedlots,"Horse Heaven Cattle Feeders, Inc.",Sunnyside,Yakima,Yakima Regional Clean Air Agency,17421.0,0.0,0.0,1102.0,16319.0,0.0,0.0,0.0,0.0,,1.0,"46.284622, -120.019668",,,POINT (-120.019668 46.284622)
CHS Inc.,2023,Supplier,Other Fuel Supplier,424720.0,Petroleum and Petroleum Products Merchant Wholesalers (except Bulk Stations and Terminals),CHS Inc.,Inver Grove Heights,Dakota,,451648.0,10578.0,437553.0,388.0,3130.0,0.0,0.0,0.0,0.0,,,,366752.0,Covered Entity,
"Interfor US, Inc. - Port Angeles",2019,Wood Products,Lumber Mills,321113.0,Sawmills,Interfor US Inc.,Port Angeles,Clallam,Olympic Region Clean Air Agency,41886.0,41334.0,0.0,79.0,473.0,0.0,0.0,0.0,0.0,,2.0,"48.103425, -123.518642",,,POINT (-123.518642 48.103425)
Lamb Weston - Warden,2021,Food Production,Potato Products,311411.0,"Frozen Fruit, Juice, and Vegetable Manufacturing","Lamb Weston, Inc.",Warden,Grant,Ecology: Eastern Regional Office,15407.0,0.0,15391.0,7.0,9.0,0.0,0.0,0.0,0.0,,1.0,"46.971504, -119.055427",,,POINT (-119.055427 46.971504)
NW Natural - supplier,2020,Supplier,Natural Gas Supplier,221210.0,Natural Gas Distribution,,Portland,Multnomah,,479845.0,0.0,479353.0,225.0,268.0,0.0,0.0,0.0,0.0,,,,,,
The Boeing Company - Auburn Site - Auburn,2018,Manufacturing,Transportation Industry,336413.0,Other Aircraft Parts and Auxiliary Equipment Manufacturing,The Boeing Company,Auburn,King,Puget Sound Clean Air Agency,37028.0,0.0,36990.0,18.0,21.0,0.0,0.0,0.0,0.0,,2.0,"47.285551, -122.242298",,,POINT (-122.242298 47.285551)
Cascade Natural Gas Corporation LDC - statewide,2014,Natural Gas Systems,Natural Gas Local Distribution Companies,221210.0,Natural Gas Distribution,MDU Resources Group Inc.,Kennewick,Benton,Benton Clean Air Agency,13506.0,0.0,63.0,13443.0,0.0,0.0,0.0,0.0,0.0,,1.0,"46.21875, -119.22987",,,POINT (-119.22987 46.21875)
Wilson Oil Inc,2023,Supplier,Other Fuel Supplier,424720.0,Petroleum and Petroleum Products Merchant Wholesalers (except Bulk Stations and Terminals),Wilson Oil Inc,Longview,Cowlitz,,294993.0,13279.0,278159.0,296.0,3260.0,0.0,0.0,0.0,0.0,,,,277882.0,Covered Entity,
City of Tacoma Solid Waste Facility - Tacoma,2013,Waste,Landfills,562212.0,Solid Waste Landfill,City of Tacoma,Tacoma,Pierce,Puget Sound Clean Air Agency,26643.0,0.0,0.0,26643.0,0.0,0.0,0.0,0.0,0.0,,2.0,"47.223413, -122.499775",,,POINT (-122.499775 47.223413)
River Road Generating Plant - Vancouver,2013,Power Plants,Natural Gas Turbine Plants,221112.0,Fossil Fuel Electric Power Generation,Clark Public Utilities,Vancouver,Clark,Southwest Clean Air Agency,668345.0,0.0,667667.0,310.0,369.0,0.0,0.0,0.0,0.0,,3.0,"45.64958, -122.724806",,,POINT (-122.724806 45.64958)
Weyerhaeuser Raymond Lumber - Raymond,2015,Wood Products,Lumber Mills,321113.0,Sawmills,Weyerhaeuser Co.,Raymond,Pacific,Olympic Region Clean Air Agency,45228.0,44632.0,0.0,86.0,510.0,0.0,0.0,0.0,0.0,,2.0,"46.688088, -123.737495",,,POINT (-123.737495 46.688088)
City of Enumclaw Gas Utility - supplier,2016,Supplier,Natural Gas Supplier,221210.0,Natural Gas Distribution,City of Enumclaw,Enumclaw,King,,21131.0,0.0,21109.0,10.0,12.0,0.0,0.0,0.0,0.0,,,,,,
Keyes Fibre Corporation - Wenatchee,2020,Pulp and Paper,Other Pulp and Paper,322299.0,All Other Converted Paper Product Manufacturing,Tekni-Plex Wenatchee Fiber Consumer Porducts,Wenatchee,Chelan,Ecology: Central Regional Office,17588.0,0.0,17570.0,8.0,10.0,0.0,0.0,0.0,0.0,,1.0,"47.485987, -120.316363",,,POINT (-120.316363 47.485987)
Sierra Pacific Industries - Aberdeen,2018,Wood Products,Lumber Mills,321113.0,Sawmills,Sierra Pacific Industries,Aberdeen,Grays Harbor,Olympic Region Clean Air Agency,247114.0,243145.0,721.0,467.0,2782.0,0.0,0.0,0.0,0.0,,3.0,"46.971875, -123.775526",,,POINT (-123.775526 46.971875)
Lamb Weston - Pasco,2012,Food Production,Potato Products,311411.0,"Frozen Fruit, Juice, and Vegetable Manufacturing","Lamb Weston, Inc.",Pasco,Franklin,Ecology: Eastern Regional Office,48326.0,0.0,48276.0,23.0,27.0,0.0,0.0,0.0,0.0,,2.0,"46.288137, -119.115336",,,POINT (-119.115336 46.288137)
REG Grays Harbor LLC - Hoquiam,2019,Petroleum Systems,Other Petroleum Systems,325199.0,All Other Basic Organic Chemical Manufacturing,Chevron Corporation,Hoquiam,Grays Harbor,Olympic Region Clean Air Agency,17720.0,0.0,17702.0,8.0,10.0,0.0,0.0,0.0,0.0,,1.0,"46.968196, -123.853622",,,POINT (-123.853622 46.968196)
SDS Lumber Company - Bingen,2019,Wood Products,Lumber Mills,321113.0,Sawmills,SDS Lumber Company,Bingen,Klickitat,Ecology: Central Regional Office,35326.0,34680.0,183.0,67.0,397.0,0.0,0.0,0.0,0.0,,2.0,"45.713913, -121.468688",,,POINT (-121.468688 45.713913)
King County Solid Waste Cedar Hills Landfill - Maple Valley,2021,Waste,Landfills,562212.0,Solid Waste Landfill,King County Solid Waste Division,Maple Valley,King,Puget Sound Clean Air Agency,245042.0,0.0,179.0,244862.0,0.0,0.0,0.0,0.0,0.0,,3.0,"47.462625, -122.046025",,,POINT (-122.046025 47.462625)
"Greif, Tacoma Mill - Tacoma",2018,Pulp and Paper,Other Pulp and Paper,322130.0,Paperboard Mills,Paperboard Parent Inc.,Tacoma,Pierce,Puget Sound Clean Air Agency,14859.0,0.0,14844.0,7.0,8.0,0.0,0.0,0.0,0.0,,1.0,"47.239235, -122.421909",,,POINT (-122.421909 47.239235)
"Tyson Fresh Meats, Inc. - Wallula",2022,Food Production,Meat Products,311611.0,Animal (except Poultry) Slaughtering,"Tyson Foods, Inc",Wallula,Walla Walla,Ecology: Eastern Regional Office,94596.0,0.0,25967.0,68613.0,16.0,0.0,0.0,0.0,0.0,,2.0,"46.137521, -118.913051",,,POINT (-118.913051 46.137521)
Puget Sound Energy - Goldendale Generating Station - Goldendale,2022,Power Plants,Natural Gas Turbine Plants,221112.0,Fossil Fuel Electric Power Generation,Puget Holdings LLC,Goldendale,Klickitat,Ecology: Central Regional Office,595946.0,0.0,595341.0,276.0,329.0,0.0,0.0,0.0,0.0,,3.0,"45.8114, -120.833",,,POINT (-120.833 45.8114)
Puget Sound Energy - Whitehorn Generating Station - Blaine,2012,Power Plants,Natural Gas Turbine Plants,221112.0,Fossil Fuel Electric Power Generation,Puget Holdings LLC,Blaine,Whatcom,Northwest Clean Air Agency,27310.0,0.0,27279.0,14.0,18.0,0.0,0.0,0.0,0.0,,2.0,"48.885475, -122.724299",,,POINT (-122.724299 48.885475)
Marathon Anacortes Refinery - Anacortes,2014,Petroleum Systems,Petroleum Refineries,324110.0,Petroleum Refineries,Marathon Petroleum Corp,Anacortes,Skagit,Northwest Clean Air Agency,1344336.0,0.0,1335703.0,4083.0,4550.0,0.0,0.0,0.0,0.0,,4.0,"48.493816, -122.564845",,,POINT (-122.564845 48.493816)
Northwest Pipeline C/S - Goldendale,2013,Natural Gas Systems,Natural Gas Transmission/Compression,486210.0,Pipeline Transportation of Natural Gas,"The Williams Companies, Inc.",Goldendale,Klickitat,Ecology: Central Regional Office,35893.0,0.0,29936.0,5940.0,17.0,0.0,0.0,0.0,0.0,,2.0,"45.771216, -120.799267",,,POINT (-120.799267 45.771216)
WestRock LLC - Longview,2021,Pulp and Paper,Kraft Mills,322130.0,Paperboard Mills,Westrock Corp.,Longview,Cowlitz,Ecology: Industrial Section,1475085.0,1271745.0,197077.0,1228.0,5035.0,0.0,0.0,0.0,0.0,,4.0,"46.10361, -122.92167",,,POINT (-122.92167 46.10361)
Tree Top - Prosser,2023,Food Production,Fruit Products,311411.0,"Frozen Fruit, Juice, and Vegetable Manufacturing",Tree Top Inc.,Prosser,Benton,Benton Clean Air Agency,18249.0,0.0,18231.0,9.0,10.0,0.0,0.0,0.0,0.0,,1.0,"46.21842, -119.73397",,Reporter,POINT (-119.73397 46.21842)
DH Feeders - Eltopia,2016,Livestock,Cattle Feedlots,112112.0,Cattle Feedlots,Easterday Ranches,Eltopia,Franklin,Ecology: Eastern Regional Office,15384.0,0.0,1172.0,1101.0,13112.0,0.0,0.0,0.0,0.0,,1.0,"46.50919, -118.881203",,,POINT (-118.881203 46.50919)
Ardagh Glass Inc. - Seattle,2014,Minerals,Glass Production,327213.0,Glass Container Manufacturing,Ardagh Holdings USA Inc.,Seattle,King,Puget Sound Clean Air Agency,78044.0,0.0,77984.0,28.0,33.0,0.0,0.0,0.0,0.0,,2.0,"47.55242, -122.33739",,,POINT (-122.33739 47.55242)
Ash Grove Cement Company - Seattle,2021,Minerals,Cement Production,327310.0,Cement Manufacturing,Ash Grove Cement Co.,Seattle,King,Puget Sound Clean Air Agency,359054.0,0.0,358395.0,262.0,396.0,0.0,0.0,0.0,0.0,,3.0,"47.56799, -122.34255",,,POINT (-122.34255 47.56799)
"Interfor US, Inc. - Port Angeles",2014,Wood Products,Lumber Mills,321113.0,Sawmills,Interfor US Inc.,Port Angeles,Clallam,Olympic Region Clean Air Agency,45263.0,44666.0,0.0,86.0,511.0,0.0,0.0,0.0,0.0,,2.0,"48.103425, -123.518642",,,POINT (-123.518642 48.103425)
Frederickson Power LP - Tacoma,2021,Power Plants,Natural Gas Turbine Plants,221112.0,Fossil Fuel Electric Power Generation,"Puget Sound Energy, Inc. and Capital Power (US Holdings) Inc",Tacoma,Pierce,Puget Sound Clean Air Agency,493541.0,0.0,493040.0,229.0,273.0,0.0,0.0,0.0,0.0,,3.0,"47.086342, -122.365686",,,POINT (-122.365686 47.086342)
Cascade Hardwood LLC - Chehalis,2018,Wood Products,Lumber Mills,321113.0,Sawmills,Cascade Hardwood LLC,Chehalis,Lewis,Southwest Clean Air Agency,9801.0,9667.0,5.0,19.0,111.0,0.0,0.0,0.0,0.0,,1.0,"46.635062, -122.930338",,,POINT (-122.930338 46.635062)
LRI Landfill - Graham,2023,Waste,Landfills,562212.0,Solid Waste Landfill,Waste Connections Inc.,Graham,Pierce,Puget Sound Clean Air Agency,163427.0,44056.0,0.0,119212.0,159.0,0.0,0.0,0.0,0.0,,3.0,"46.972405, -122.292799",,Reporter,POINT (-122.292799 46.972405)
Air Liquide Electronics Moses Lake Hydrogen Plant,2015,Chemicals,Other Chemicals,325120.0,Industrial Gas Manufacturing,Air Liquide USA Inc.,Moses Lake,Grant,Ecology: Eastern Regional Office,15163.0,0.0,15163.0,0.0,0.0,0.0,0.0,0.0,0.0,,1.0,"47.135844, -119.19962",,,POINT (-119.19962 47.135844)
US Army Joint Base Lewis-McChord - Pierce Co.,2018,Government,National Security,928110.0,National Security,US Government,Joint Base Lewis-McChord,Pierce,Puget Sound Clean Air Agency,84389.0,0.0,66731.0,17619.0,39.0,0.0,0.0,0.0,0.0,,2.0,"47.1142, -122.5365",,,POINT (-122.5365 47.1142)
Puget Sound Energy - Encogen Generating Station - Bellingham,2015,Power Plants,Natural Gas Turbine Plants,221112.0,Fossil Fuel Electric Power Generation,Puget Holdings LLC,Bellingham,Whatcom,Northwest Clean Air Agency,143119.0,0.0,142974.0,66.0,79.0,0.0,0.0,0.0,0.0,,3.0,"48.746, -122.486",,,POINT (-122.486 48.746)
Sierra Pacific Industries - Aberdeen,2013,Wood Products,Lumber Mills,321113.0,Sawmills,Sierra Pacific Industries,Aberdeen,Grays Harbor,Olympic Region Clean Air Agency,244793.0,240941.0,634.0,463.0,2756.0,0.0,0.0,0.0,0.0,,3.0,"46.971875, -123.775526",,,POINT (-123.775526 46.971875)
Waste Management Greater Wenatchee Regional Landfill - East Wenatchee,2015,Waste,Landfills,562212.0,Solid Waste Landfill,Waste Management Inc.,East Wenatchee,Douglas,Ecology: Central Regional Office,31208.0,0.0,0.0,31208.0,0.0,0.0,0.0,0.0,0.0,,2.0,"47.405083, -120.167444",,,POINT (-120.167444 47.405083)
Lamb Weston - Pasco,2017,Food Production,Potato Products,311411.0,"Frozen Fruit, Juice, and Vegetable Manufacturing","Lamb Weston, Inc.",Pasco,Franklin,Ecology: Eastern Regional Office,50961.0,0.0,50908.0,24.0,29.0,0.0,0.0,0.0,0.0,,2.0,"46.288137, -119.115336",,,POINT (-119.115336 46.288137)
Northwest Pipeline C/S - Snohomish,2013,Natural Gas Systems,Natural Gas Transmission/Compression,486210.0,Pipeline Transportation of Natural Gas,"The Williams Companies, Inc.",Snohomish,Snohomish,Puget Sound Clean Air Agency,33173.0,0.0,32566.0,590.0,18.0,0.0,0.0,0.0,0.0,,2.0,"47.78825, -122.05859",,,POINT (-122.05859 47.78825)
Ponderay Industries - Usk,2019,Pulp and Paper,Other Pulp and Paper,322122.0,Newsprint Mills,Ponderay Industries,Usk,Pend Oreille,Ecology: Eastern Regional Office,43796.0,39882.0,3368.0,81.0,466.0,0.0,0.0,0.0,0.0,,2.0,"48.289771, -117.271359",,,POINT (-117.271359 48.289771)
Pasco Processing LLC - Pasco,2019,Food Production,Other Food Products,311991.0,Perishable Prepared Food Manufacturing,Oregon Potato Co.,Pasco,Franklin,Ecology: Eastern Regional Office,13231.0,0.0,13217.0,6.0,7.0,0.0,0.0,0.0,0.0,,1.0,"46.28274, -119.097528",,,POINT (-119.097528 46.28274)
Mutual Materials Mica Brick Plant - Spokane,2017,Minerals,Other Minerals,327120.0,Clay Building Material and Refractories Manufacturing,Mutual Materials Co.,Spokane,Spokane,Spokane Regional Clean Air Agency,10603.0,0.0,10592.0,5.0,6.0,0.0,0.0,0.0,0.0,,1.0,"47.55833, -117.2117",,,POINT (-117.2117 47.55833)
Imerys Minerals Quincy Plant - Quincy,2013,Minerals,Other Minerals,212399.0,All Other Nonmetallic Mineral Mining,Imerys Filtration Minerals Inc.,Quincy,Grant,Ecology: Eastern Regional Office,22556.0,0.0,22533.0,11.0,13.0,0.0,0.0,0.0,0.0,,1.0,"47.239948, -119.838831",,,POINT (-119.838831 47.239948)
Georgia-Pacific Gypsum LLC - Tacoma,2021,Manufacturing,Building Products,327420.0,Gypsum Product Manufacturing,Koch Industries Inc.,Tacoma,Pierce,Puget Sound Clean Air Agency,39502.0,0.0,39461.0,19.0,22.0,0.0,0.0,0.0,0.0,,2.0,"47.269558, -122.394869",,,POINT (-122.394869 47.269558)
Great Western Malt - Vancouver,2016,Food Production,Other Food Products,311213.0,Malt Manufacturing,Great Western Malt,Vancouver,Clark,Southwest Clean Air Agency,17085.0,0.0,17067.0,8.0,10.0,0.0,0.0,0.0,0.0,,1.0,"45.631069, -122.690043",,,POINT (-122.690043 45.631069)
Alon Asphalt Company - Seattle,2017,Petroleum Systems,Other Petroleum Systems,424710.0,Petroleum Bulk Stations and Terminals,Delek US Holdings Inc.,Seattle,King,Puget Sound Clean Air Agency,14818.0,0.0,14782.0,29.0,8.0,0.0,0.0,0.0,0.0,,1.0,"47.781642, -122.395299",,,POINT (-122.395299 47.781642)
"Par Petroleum, LLC -Houston",2022,Supplier,Other Fuel Supplier,324110.0,Petroleum Refineries,"Par Pacific Holdings, LLC",Houston,Harris,,2442552.0,139671.0,2274883.0,2213.0,25786.0,0.0,0.0,0.0,0.0,,,,,,
Tree Top - Selah Campus,2017,Food Production,Fruit Products,311423.0,Dried and Dehydrated Food Manufacturing,Tree Top Inc.,Selah,Yakima,Yakima Regional Clean Air Agency,14762.0,0.0,14746.0,7.0,8.0,0.0,0.0,0.0,0.0,,1.0,"46.64992, -120.52755",,,POINT (-120.52755 46.64992)
Seattle-Tacoma International Airport - Seattle,2012,Government,Other Government,488119.0,Other Airport Operations,Port of Seattle,Seattle,King,Puget Sound Clean Air Agency,14272.0,0.0,14257.0,7.0,8.0,0.0,0.0,0.0,0.0,,1.0,"47.443643, -122.302452",,,POINT (-122.302452 47.443643)
Nutrien US LLC. - Kennewick,2017,Chemicals,Fertilizer Production,325311.0,Nitrogenous Fertilizer Manufacturing,Agrium US Inc.,Kennewick,Benton,Benton Clean Air Agency,144080.0,0.0,10992.0,1.0,133087.0,0.0,0.0,0.0,0.0,,3.0,"46.165957, -119.017218",,,POINT (-119.017218 46.165957)
Public Utility District No. 1 of Grays Harbor County - Aberdeen,2023,Power,COU,2211.0,"Electric Power Generation, Transmission and Distribution",Public Utility District No. 1 of Grays Harbor County,Aberdeen,Grays Harbor,,21680.0,,,,,,,,,,,,,Reporter,
Cardinal FG Company - Winlock,2016,Minerals,Glass Production,327211.0,Flat Glass Manufacturing,Cardinal Glass Industries Inc.,Winlock,Lewis,Southwest Clean Air Agency,107246.0,0.0,107170.0,35.0,41.0,0.0,0.0,0.0,0.0,,3.0,"46.544937, -122.926313",,,POINT (-122.926313 46.544937)
Puget Sound Energy - Mint Farm Generating Station - Longview,2017,Power Plants,Natural Gas Turbine Plants,221112.0,Fossil Fuel Electric Power Generation,Puget Holdings LLC,Longview,Cowlitz,Southwest Clean Air Agency,356270.0,0.0,355908.0,165.0,197.0,0.0,0.0,0.0,0.0,,3.0,"46.140095, -122.985138",,,POINT (-122.985138 46.140095)
Goodrich Corporation - Spokane,2016,Manufacturing,Transportation Industry,336413.0,Other Aircraft Parts and Auxiliary Equipment Manufacturing,Raytheon Technologies Corp,Spokane,Spokane,Spokane Regional Clean Air Agency,45107.0,0.0,45064.0,20.0,24.0,0.0,0.0,0.0,0.0,,2.0,"47.583604, -117.568511",,,POINT (-117.568511 47.583604)
Inland Power & Light Co - Spokane,2023,Power,COU,221122.0,Electric Power Distribution,,Spokane,Spokane,,15561.0,,,,,,,,,,,,,Reporter,
McKinley Paper Co. - Washington Mill - Port Angeles,2012,Pulp and Paper,Other Pulp and Paper,322121.0,Paper (except Newsprint) Mills,McKinley Paper Co.,Port Angeles,Clallam,Olympic Region Clean Air Agency,117631.0,109231.0,1724.0,5214.0,1462.0,0.0,0.0,0.0,0.0,,3.0,"48.134623, -123.467524",,,POINT (-123.467524 48.134623)
King County Solid Waste Cedar Hills Landfill - Maple Valley,2015,Waste,Landfills,562212.0,Solid Waste Landfill,King County Solid Waste Division,Maple Valley,King,Puget Sound Clean Air Agency,74823.0,0.0,176.0,74648.0,0.0,0.0,0.0,0.0,0.0,Assigned emissions level: reported under obsolete method.,2.0,"47.462625, -122.046025",,,POINT (-122.046025 47.462625)
Tree Top - Prosser,2022,Food Production,Fruit Products,311411.0,"Frozen Fruit, Juice, and Vegetable Manufacturing",Tree Top Inc.,Prosser,Benton,Benton Clean Air Agency,14570.0,0.0,14555.0,7.0,8.0,0.0,0.0,0.0,0.0,,1.0,"46.21842, -119.73397",,,POINT (-119.73397 46.21842)
"Bio Energy Washington, LLC - Maple Valley",2020,Power Plants,"Other Power, Heating, or Cooling Plants",221119.0,Other Electric Power Generation,Bio Energy Washington,Maple Valley,King,Puget Sound Clean Air Agency,23405.0,22271.0,1016.0,35.0,83.0,0.0,0.0,0.0,0.0,,1.0,"47.455871, -122.041817",,,POINT (-122.041817 47.455871)
Mason Public Utility District 3 - Shelton,2022,Power,COU,2211.0,"Electric Power Generation, Transmission and Distribution",Mason Public Utility District 3,Shelton,Mason,,11614.0,,,,,,,,,,,,,,
Marathon Anacortes Refinery - Anacortes,2023,Petroleum Systems,Petroleum Refineries,324110.0,Petroleum Refineries,Marathon Petroleum Corp,Anacortes,Skagit,Northwest Clean Air Agency,1202267.0,0.0,1196960.0,2228.0,3079.0,0.0,0.0,0.0,0.0,,4.0,"48.493816, -122.564845",1202228.0,Covered Entity,POINT (-122.564845 48.493816)
U.S. Department of Energy Hanford Site - Richland,2017,Government,Other Government,924110.0,Administration of Air and Water Resource and Solid Waste Management Programs,US Government,Richland,Benton,Ecology: NWP,14744.0,0.0,5157.0,9523.0,8.0,0.0,0.0,57.0,0.0,,1.0,"46.55069, -119.489007",,,POINT (-119.489007 46.55069)
Bonneville Power Administration - WA Only - statewide,2020,Power Plants,Electrical Transmission and Distribution,221121.0,Electric Bulk Power Transmission and Control,US Government,Vancouver,Clark,Southwest Clean Air Agency,10395.0,0.0,0.0,0.0,0.0,0.0,0.0,10395.0,0.0,,1.0,"45.661178, -122.658608",,,POINT (-122.658608 45.661178)
Cowlitz County Headquarters Landfill - Castle Rock,2019,Waste,Landfills,562212.0,Solid Waste Landfill,Cowlitz County,Castle Rock,Cowlitz,Southwest Clean Air Agency,253886.0,7603.0,0.0,246255.0,27.0,0.0,0.0,0.0,0.0,,3.0,"46.246902, -122.772284",,,POINT (-122.772284 46.246902)
Northwest Pipeline Willard C/S - Cook,2020,Natural Gas Systems,Natural Gas Transmission/Compression,486210.0,Pipeline Transportation of Natural Gas,"The Williams Companies, Inc.",Cook,Skamania,Southwest Clean Air Agency,20101.0,0.0,18154.0,1937.0,10.0,0.0,0.0,0.0,0.0,,1.0,"45.778087, -121.626311",,,POINT (-121.626311 45.778087)
Puget Sound Energy - Bellevue,2022,Power,IOU,,,Puget Sound Energy,Bellevue,King,,3419340.0,,,,,,,,,,,,,,
"Solvay Chemicals, Inc. - Longview",2016,Chemicals,Other Chemicals,325180.0,Other Basic Inorganic Chemical Manufacturing,Solvay Chemicals Inc.,Longview,Cowlitz,Southwest Clean Air Agency,47667.0,0.0,47667.0,0.0,0.0,0.0,0.0,0.0,0.0,,2.0,"46.137218, -122.982847",,,POINT (-122.982847 46.137218)
"Gas Transmission Northwest Compressor Station 6, LLC - Rosalia",2014,Natural Gas Systems,Natural Gas Transmission/Compression,486210.0,Pipeline Transportation of Natural Gas,TransCanada Northern Border Inc.,Rosalia,Whitman,Spokane Regional Clean Air Agency,75083.0,0.0,73574.0,1468.0,41.0,0.0,0.0,0.0,0.0,,2.0,"47.277256, -117.406737",,,POINT (-117.406737 47.277256)
"El Oro Cattle Feeders, LLC - Moses Lake",2018,Livestock,Cattle Feedlots,112112.0,Cattle Feedlots,Agri Beef Co.,Moses Lake,Grant,Ecology: Eastern Regional Office,26710.0,0.0,0.0,2068.0,24642.0,0.0,0.0,0.0,0.0,,2.0,"47.052176, -119.093815",,,POINT (-119.093815 47.052176)
PUD No1 of Clallam County - Clallam,2022,Power,COU,221121.0,Electric Bulk Power Transmission and Control,PUD No1 of Clallam County,Sequim,Clallam,,11536.0,,,,,,,,,,,,,,
Darigold - Lynden,2014,Food Production,Dairy Products,311514.0,"Dry, Condensed, and Evaporated Dairy Product Manufacturing",Darigold Inc.,Lynden,Whatcom,Northwest Clean Air Agency,21683.0,0.0,21661.0,10.0,12.0,0.0,0.0,0.0,0.0,,1.0,"48.947567, -122.451915",,,POINT (-122.451915 48.947567)
Puget Sound Energy - Sumas Generating Station - Sumas,2021,Power Plants,Natural Gas Turbine Plants,221112.0,Fossil Fuel Electric Power Generation,Puget Holdings LLC,Sumas,Whatcom,Northwest Clean Air Agency,246885.0,0.0,246634.0,114.0,136.0,0.0,0.0,0.0,0.0,,3.0,"48.9905, -122.2733",,,POINT (-122.2733 48.9905)
Basic American Foods - Moses Lake,2013,Food Production,Potato Products,311423.0,Dried and Dehydrated Food Manufacturing,Basic American Inc.,Moses Lake,Grant,Ecology: Eastern Regional Office,28312.0,0.0,28283.0,13.0,16.0,0.0,0.0,0.0,0.0,,2.0,"47.075183, -119.220408",,,POINT (-119.220408 47.075183)
The Boeing Company - Fabrication (Frederickson Site) - Puyallup,2022,Manufacturing,Transportation Industry,336411.0,Aircraft Manufacturing,The Boeing Company,Puyallup,Pierce,Puget Sound Clean Air Agency,14289.0,0.0,14275.0,7.0,8.0,0.0,0.0,0.0,0.0,,1.0,"47.088831, -122.34862",,,POINT (-122.34862 47.088831)
Seattle-Tacoma International Airport - Seattle,2022,Government,Other Government,488119.0,Other Airport Operations,Port of Seattle,Seattle,King,Puget Sound Clean Air Agency,16094.0,0.0,16077.0,8.0,10.0,0.0,0.0,0.0,0.0,,1.0,"47.443643, -122.302452",,,POINT (-122.302452 47.443643)
"Interfor US, Inc. - Tacoma",2014,Wood Products,Lumber Mills,321113.0,Sawmills,Simpson Lumber Company LLC,Tacoma,Pierce,Puget Sound Clean Air Agency,16287.0,0.0,16270.0,8.0,9.0,0.0,0.0,0.0,0.0,Last year reporting.  Facility shut down.,1.0,"47.260211, -122.426476",,,POINT (-122.426476 47.260211)
Fred Meyer Stores Inc,2023,Supplier,Other Fuel Supplier,457120.0,Other Gasoline Stations,KROGER CO,Hutchinson,Reno,,30580.0,2020.0,28021.0,44.0,495.0,0.0,0.0,0.0,0.0,,,,28560.0,Covered Entity,
Naval Air Station Whidbey Island - Oak Harbor,2020,Government,National Security,928110.0,National Security,US Government,Oak Harbor,Island,Northwest Clean Air Agency,14078.0,0.0,14063.0,7.0,9.0,0.0,0.0,0.0,0.0,,1.0,"48.345281, -122.669741",,,POINT (-122.669741 48.345281)
Washington State University - Pullman,2018,Government,Education,611310.0,"Colleges, Universities, and Professional Schools",State of Washington,Pullman,Whitman,Ecology: Eastern Regional Office,61882.0,0.0,61816.0,30.0,36.0,0.0,0.0,0.0,0.0,,2.0,"46.728702, -117.151481",,,POINT (-117.151481 46.728702)
Olympic View Sanitary Landfill - Bremerton,2022,Waste,Landfills,562212.0,Solid Waste Landfill,Waste Management Inc.,Bremerton,Kitsap,Puget Sound Clean Air Agency,69328.0,1431.0,0.0,67892.0,5.0,0.0,0.0,0.0,0.0,,2.0,"47.501359, -122.783272",,,POINT (-122.783272 47.501359)
Owens-Brockway Glass Container Inc Plant #2 - Kalama,2020,Minerals,Glass Production,327213.0,Glass Container Manufacturing,O-I Glass Inc.,Kalama,Cowlitz,Southwest Clean Air Agency,22983.0,0.0,22967.0,8.0,9.0,0.0,0.0,0.0,0.0,,1.0,"46.031656, -122.866241",,,POINT (-122.866241 46.031656)
Port Angeles Hardwood LLC - Port Angeles,2015,Wood Products,Lumber Mills,321113.0,Sawmills,Port Angeles Hardwood LLC,Port Angeles,Clallam,Olympic Region Clean Air Agency,25563.0,25226.0,0.0,49.0,288.0,0.0,0.0,0.0,0.0,,2.0,"48.100872, -123.485745",,,POINT (-123.485745 48.100872)
Puget Sound Energy - Goldendale Generating Station - Goldendale,2017,Power Plants,Natural Gas Turbine Plants,221112.0,Fossil Fuel Electric Power Generation,Puget Holdings LLC,Goldendale,Klickitat,Ecology: Central Regional Office,415075.0,0.0,414653.0,192.0,229.0,0.0,0.0,0.0,0.0,,3.0,"45.8114, -120.833",,,POINT (-120.833 45.8114)
CenTrio Energy Seattle LLC - Seattle,2020,Power Plants,"Other Power, Heating, or Cooling Plants",221330.0,Steam and Air-Conditioning Supply,Seattle Steam Company LLC,Seattle,King,Puget Sound Clean Air Agency,63699.0,0.0,63633.0,30.0,36.0,0.0,0.0,0.0,0.0,,2.0,"47.6068, -122.340179",,,POINT (-122.340179 47.6068)
Sierra Pacific Industries - Centralia,2019,Wood Products,Lumber Mills,321113.0,Sawmills,Sierra Pacific Industries,Centralia,Lewis,Southwest Clean Air Agency,58328.0,57559.0,0.0,111.0,658.0,0.0,0.0,0.0,0.0,,2.0,"46.756413, -122.995433",,,POINT (-122.995433 46.756413)
Northwest Pipeline C/S - Mount Vernon,2015,Natural Gas Systems,Natural Gas Transmission/Compression,486210.0,Pipeline Transportation of Natural Gas,"The Williams Companies, Inc.",Mount Vernon,Skagit,Northwest Clean Air Agency,65776.0,0.0,63063.0,2678.0,35.0,0.0,0.0,0.0,0.0,,2.0,"48.421967, -122.21547",,,POINT (-122.21547 48.421967)
Northwest Pipeline C/S - Washougal,2017,Natural Gas Systems,Natural Gas Transmission/Compression,486210.0,Pipeline Transportation of Natural Gas,"The Williams Companies, Inc.",Washougal,Clark,Southwest Clean Air Agency,14951.0,0.0,12242.0,2703.0,7.0,0.0,0.0,0.0,0.0,,1.0,"45.63236, -122.36516",,,POINT (-122.36516 45.63236)
"Kaiser Aluminum Washington, LLC (Trentwood Works) - Spokane Valley",2018,Metals,Other Metals,331315.0,"Aluminum Sheet, Plate, and Foil Manufacturing",Kaiser Aluminum Corp.,Spokane Valley,Spokane,Spokane Regional Clean Air Agency,130646.0,0.0,130512.0,62.0,73.0,0.0,0.0,0.0,0.0,,3.0,"47.687074, -117.212673",,,POINT (-117.212673 47.687074)
"Tyson Fresh Meats, Inc. - Wallula",2017,Food Production,Meat Products,311611.0,Animal (except Poultry) Slaughtering,"Tyson Foods, Inc",Wallula,Walla Walla,Ecology: Eastern Regional Office,113369.0,0.0,23080.0,90276.0,13.0,0.0,0.0,0.0,0.0,,3.0,"46.137521, -118.913051",,,POINT (-118.913051 46.137521)
Naval Base Kitsap Bangor - Silverdale,2015,Government,National Security,928110.0,National Security,US Government,Silverdale,Kitsap,Puget Sound Clean Air Agency,20166.0,0.0,20142.0,10.0,13.0,0.0,0.0,0.0,0.0,,1.0,"47.699284, -122.696926",,,POINT (-122.696926 47.699284)
Northwest Hardwoods Inc. - Centralia,2021,Wood Products,Lumber Mills,321113.0,Sawmills,Littlejohn & Co. LLC,Centralia,Lewis,Southwest Clean Air Agency,9877.0,5863.0,3932.0,13.0,69.0,0.0,0.0,0.0,0.0,,1.0,"46.734454, -122.991963",,,POINT (-122.991963 46.734454)
Star Forge LLC dba Jorgensen Forge - Tukwila,2017,Metals,Other Metals,332111.0,Iron and Steel Forging,Jorgensen Forge Corp.,Tukwila,King,Puget Sound Clean Air Agency,8739.0,0.0,8730.0,4.0,5.0,0.0,0.0,0.0,0.0,,1.0,"47.526872, -122.303906",,,POINT (-122.303906 47.526872)
Boulder Park Generating Station - Spokane Valley,2019,Power Plants,"Other Power, Heating, or Cooling Plants",221112.0,Fossil Fuel Electric Power Generation,Avista Corp.,Spokane Valley,Spokane,Spokane Regional Clean Air Agency,32387.0,0.0,32353.0,15.0,18.0,0.0,0.0,0.0,0.0,,2.0,"47.696999, -117.147223",,,POINT (-117.147223 47.696999)
Murphy Veneer - Elma,2023,Wood Products,Other Wood Products,321212.0,Softwood Veneer and Plywood Manufacturing,Murphy Co.,Elma,Grays Harbor,Olympic Region Clean Air Agency,8690.0,0.0,8681.0,4.0,5.0,0.0,0.0,0.0,0.0,,1.0,"47.040323, -123.334339",,Reporter,POINT (-123.334339 47.040323)
Cardinal FG Company - Winlock,2013,Minerals,Glass Production,327211.0,Flat Glass Manufacturing,Cardinal Glass Industries Inc.,Winlock,Lewis,Southwest Clean Air Agency,102904.0,0.0,102830.0,34.0,40.0,0.0,0.0,0.0,0.0,,3.0,"46.544937, -122.926313",,,POINT (-122.926313 46.544937)
H.W. Hill Landfill Gas Power Plant - Roosevelt,2014,Power Plants,"Other Power, Heating, or Cooling Plants",221119.0,Other Electric Power Generation,Public Utility District No. 1 of Klickitat County,Roosevelt,Klickitat,Ecology: Central Regional Office,86626.0,86183.0,0.0,133.0,311.0,0.0,0.0,0.0,0.0,,2.0,"45.807765, -120.166354",,,POINT (-120.166354 45.807765)
Nippon Dynawave - Longview,2014,Pulp and Paper,Kraft Mills,322121.0,Paper (except Newsprint) Mills,Nippon Paper Industries Co Ltd,Longview,Cowlitz,Ecology: Industrial Section,1544182.0,1183044.0,352244.0,1944.0,6950.0,0.0,0.0,0.0,0.0,Assigned emissions level.  Formerly included North Pacific Paper before 2016.  Ecology split emissions for consistency with cooperation from facility.,4.0,"46.130495, -122.983637",,,POINT (-122.983637 46.130495)
Nutrien US LLC. - Kennewick,2012,Chemicals,Fertilizer Production,325311.0,Nitrogenous Fertilizer Manufacturing,Agrium US Inc.,Kennewick,Benton,Benton Clean Air Agency,146926.0,0.0,7759.0,1.0,139167.0,0.0,0.0,0.0,0.0,,3.0,"46.165957, -119.017218",,,POINT (-119.017218 46.165957)
"Gas Transmission Northwest Compressor Station 8, LLC -Wallula",2017,Natural Gas Systems,Natural Gas Transmission/Compression,486210.0,Pipeline Transportation of Natural Gas,TransCanada Northern Border Inc.,Wallula,Walla Walla,Ecology: Eastern Regional Office,161512.0,0.0,118074.0,43371.0,66.0,0.0,0.0,0.0,0.0,,3.0,"46.053153, -118.843934",,,POINT (-118.843934 46.053153)
Cosmo Specialty Fibers Inc - Cosmopolis,2017,Pulp and Paper,Sulfite Mills,322110.0,Pulp Mills,Cosmo Specialty Fibers Inc.,Cosmopolis,Grays Harbor,Ecology: Industrial Section,556957.0,528092.0,22456.0,4257.0,2152.0,0.0,0.0,0.0,0.0,,3.0,"46.952907, -123.76211",,,POINT (-123.76211 46.952907)
The Boeing Company - Renton,2023,Manufacturing,Transportation Industry,336411.0,Aircraft Manufacturing,The Boeing Company,Renton,King,Puget Sound Clean Air Agency,19424.0,0.0,19404.0,9.0,11.0,0.0,0.0,0.0,0.0,,1.0,"47.498257, -122.211346",,Reporter,POINT (-122.211346 47.498257)
Northwest Hardwoods Inc. - Longview,2018,Wood Products,Lumber Mills,321113.0,Sawmills,Littlejohn & Co. LLC,Longview,Cowlitz,Southwest Clean Air Agency,15521.0,10175.0,5205.0,22.0,119.0,0.0,0.0,0.0,0.0,,1.0,"46.114537, -122.916806",,,POINT (-122.916806 46.114537)
Eastern Washington University,2023,Government,Education,611310.0,"Colleges, Universities, and Professional Schools",State of Washington,Cheney,Spokane,Spokane Regional Clean Air Agency,14065.0,0.0,14051.0,7.0,8.0,0.0,0.0,0.0,0.0,,1.0,"47.490091, -117.579702",,Reporter,POINT (-117.579702 47.490091)
US Army Joint Base Lewis-McChord - Pierce Co.,2013,Government,National Security,928110.0,National Security,US Government,Joint Base Lewis-McChord,Pierce,Puget Sound Clean Air Agency,83806.0,0.0,60203.0,23560.0,43.0,0.0,0.0,0.0,0.0,,2.0,"47.1142, -122.5365",,,POINT (-122.5365 47.1142)
"Christensen, Inc. - Richland",2022,Supplier,Other Fuel Supplier,424720.0,Petroleum and Petroleum Products Merchant Wholesalers (except Bulk Stations and Terminals),"Christensen, Inc.",Richland,Benton,,17529.0,752.0,16562.0,17.0,197.0,0.0,0.0,0.0,0.0,,,,,,
Darling Ingredients Inc - Tacoma,2020,Food Production,Meat Products,311613.0,Rendering and Meat Byproduct Processing,Darling Ingredients Inc.,Tacoma,Pierce,Puget Sound Clean Air Agency,9953.0,0.0,9943.0,5.0,6.0,0.0,0.0,0.0,0.0,,1.0,"47.250503, -122.406461",,,POINT (-122.406461 47.250503)
"Coleman Oil Company, LLC",2022,Supplier,Other Fuel Supplier,424720.0,Petroleum and Petroleum Products Merchant Wholesalers (except Bulk Stations and Terminals),"Coleman Oil Company, LLC",Lewiston,Nez Perce,,276013.0,4204.0,270614.0,108.0,1087.0,0.0,0.0,0.0,0.0,,,,,,
"North Pacific Paper Company, LLC - Longview",2021,Pulp and Paper,Other Pulp and Paper,322122.0,Newsprint Mills,NP Paper Investor Holdings LLC,Longview,Cowlitz,Southwest Clean Air Agency,44358.0,0.0,44312.0,21.0,25.0,0.0,0.0,0.0,0.0,Formerly part of Nippon Dynawave before 2016.,2.0,"46.125662, -122.976788",,,POINT (-122.976788 46.125662)
"Space Age Fuel, Inc - Clackamas",2022,Supplier,Other Fuel Supplier,424710.0,Petroleum Bulk Stations and Terminals,"SPACE AGE FUEL, INC",Clackamas,Clackamas,,118403.0,5909.0,110996.0,123.0,1375.0,0.0,0.0,0.0,0.0,,,,,,
Michelsen Packaging - Yakima,2023,Pulp and Paper,Other Pulp and Paper,322299.0,All Other Converted Paper Product Manufacturing,Michelson Packaging Co.,Yakima,Yakima,Yakima Regional Clean Air Agency,11886.0,0.0,11874.0,6.0,7.0,0.0,0.0,0.0,0.0,,1.0,"46.604058, -120.513015",,Reporter,POINT (-120.513015 46.604058)
Steelscape - Kalama,2015,Metals,Other Metals,331221.0,Rolled Steel Shape Manufacturing,NS BlueScope USA LLC,Kalama,Cowlitz,Southwest Clean Air Agency,23274.0,0.0,23250.0,11.0,13.0,0.0,0.0,0.0,0.0,,1.0,"46.04326, -122.871703",,,POINT (-122.871703 46.04326)
Gas Transmission Northwest Compressor Station 7 -Prescott,2017,Natural Gas Systems,Natural Gas Transmission/Compression,486210.0,Pipeline Transportation of Natural Gas,TransCanada Northern Border Inc.,Starbuck,Columbia,Ecology: Eastern Regional Office,41961.0,0.0,41065.0,872.0,23.0,0.0,0.0,0.0,0.0,,2.0,"46.53558, -118.293441",,,POINT (-118.293441 46.53558)
Michelsen Packaging - Yakima,2012,Pulp and Paper,Other Pulp and Paper,322299.0,All Other Converted Paper Product Manufacturing,Michelson Packaging Co.,Yakima,Yakima,Yakima Regional Clean Air Agency,11261.0,0.0,11249.0,5.0,6.0,0.0,0.0,0.0,0.0,,1.0,"46.604058, -120.513015",,,POINT (-120.513015 46.604058)
CenTrio Energy Seattle LLC - Seattle,2013,Power Plants,"Other Power, Heating, or Cooling Plants",221330.0,Steam and Air-Conditioning Supply,Seattle Steam Company LLC,Seattle,King,Puget Sound Clean Air Agency,89429.0,14787.0,74242.0,161.0,239.0,0.0,0.0,0.0,0.0,,2.0,"47.6068, -122.340179",,,POINT (-122.340179 47.6068)
Cheyne Landfill - Zillah,2018,Waste,Landfills,562212.0,Solid Waste Landfill,Yakima County Public Services,Zillah,Yakima,Yakima Regional Clean Air Agency,38861.0,0.0,0.0,38861.0,0.0,0.0,0.0,0.0,0.0,,2.0,"46.4785, -120.2688",,,POINT (-120.2688 46.4785)
Air Liquide Hydrogen Plant  - Anacortes,2015,Petroleum Systems,Other Petroleum Systems,325120.0,Industrial Gas Manufacturing,Air Liquide USA Inc.,Anacortes,Skagit,Northwest Clean Air Agency,64385.0,0.0,64385.0,0.0,0.0,0.0,0.0,0.0,0.0,,2.0,"48.465617, -122.556032",,,POINT (-122.556032 48.465617)
Darigold - Sunnyside,2023,Food Production,Dairy Products,311513.0,Cheese Manufacturing,Darigold Inc.,Sunnyside,Yakima,Yakima Regional Clean Air Agency,36711.0,0.0,36673.0,18.0,21.0,0.0,0.0,0.0,0.0,,2.0,"46.30058, -120.015675",36711.0,Covered Entity,POINT (-120.015675 46.30058)
Okanogan County Central Landfill - Okanogan,2020,Waste,Landfills,562212.0,Solid Waste Landfill,Okanogan County,Okanogan,Okanogan,Ecology: Central Regional Office,15597.0,0.0,0.0,15597.0,0.0,0.0,0.0,0.0,0.0,,1.0,"48.341148, -119.620109",,,POINT (-119.620109 48.341148)
Northwest Pipeline C/S - Washougal,2022,Natural Gas Systems,Natural Gas Transmission/Compression,486210.0,Pipeline Transportation of Natural Gas,"The Williams Companies, Inc.",Washougal,Clark,Southwest Clean Air Agency,11198.0,0.0,9624.0,1569.0,5.0,0.0,0.0,0.0,0.0,,1.0,"45.63236, -122.36516",,,POINT (-122.36516 45.63236)
Pasco Processing LLC - Pasco,2021,Food Production,Other Food Products,311991.0,Perishable Prepared Food Manufacturing,Oregon Potato Co.,Pasco,Franklin,Ecology: Eastern Regional Office,22488.0,0.0,22465.0,11.0,13.0,0.0,0.0,0.0,0.0,,1.0,"46.28274, -119.097528",,,POINT (-119.097528 46.28274)
Guy Bennett Lumber Company - Clarkston,2020,Wood Products,Lumber Mills,321113.0,Sawmills,Bennett Lumber Products Inc.,Clarkston,Asotin,Ecology: Eastern Regional Office,14289.0,14101.0,0.0,27.0,161.0,0.0,0.0,0.0,0.0,,1.0,"46.423108, -117.086487",,,POINT (-117.086487 46.423108)
Alcoa Wenatchee Works - Malaga,2016,Metals,Aluminum Production,331312.0,Primary Aluminum Production,Alcoa Corp.,Malaga,Chelan,Ecology: Industrial Section,898.0,0.0,897.0,1.0,1.0,0.0,0.0,0.0,0.0,Facility curtailed.,1.0,"47.3567, -120.1273",,,POINT (-120.1273 47.3567)
LRI Landfill - Graham,2013,Waste,Landfills,562212.0,Solid Waste Landfill,Waste Connections Inc.,Graham,Pierce,Puget Sound Clean Air Agency,49567.0,0.0,0.0,49567.0,0.0,0.0,0.0,0.0,0.0,,2.0,"46.972405, -122.292799",,,POINT (-122.292799 46.972405)
Kettle Falls Generating Station - Kettle Falls,2021,Power Plants,"Other Power, Heating, or Cooling Plants",221117.0,Biomass Electric Power Generation,Avista Corp.,Kettle Falls,Stevens,Ecology: Eastern Regional Office,442864.0,428428.0,2446.0,7089.0,4902.0,0.0,0.0,0.0,0.0,,3.0,"48.620335, -118.110841",,,POINT (-118.110841 48.620335)
"Interfor US, Inc. - Forks",2012,Wood Products,Lumber Mills,321912.0,"Cut Stock, Resawing Lumber, and Planing",Interfor US Inc.,Forks,Clallam,Olympic Region Clean Air Agency,25268.0,24727.0,0.0,211.0,330.0,0.0,0.0,0.0,0.0,,2.0,"47.971946, -124.399193",,,POINT (-124.399193 47.971946)
Sonoco Products - Sumner,2018,Pulp and Paper,Other Pulp and Paper,322130.0,Paperboard Mills,Sonoco Products Company,Sumner,Pierce,Puget Sound Clean Air Agency,11448.0,0.0,11436.0,6.0,7.0,0.0,0.0,0.0,0.0,,1.0,"47.210641, -122.239474",,,POINT (-122.239474 47.210641)
WaferTech LLC - Camas,2016,Manufacturing,Electronics Industry,334413.0,Semiconductor and Related Device Manufacturing,WaferTech LLC,Camas,Clark,Southwest Clean Air Agency,147211.0,0.0,13143.0,6.0,7988.0,10014.0,56930.0,39471.0,19657.0,Assigned Emissions Level,3.0,"45.619569, -122.454955",,,POINT (-122.454955 45.619569)
Naval Base Kitsap Bangor - Silverdale,2020,Government,National Security,928110.0,National Security,US Government,Silverdale,Kitsap,Puget Sound Clean Air Agency,20093.0,0.0,20069.0,10.0,13.0,0.0,0.0,0.0,0.0,,1.0,"47.699284, -122.696926",,,POINT (-122.696926 47.699284)
Air Liquide Electronics Moses Lake Hydrogen Plant,2017,Chemicals,Other Chemicals,325120.0,Industrial Gas Manufacturing,Air Liquide USA Inc.,Moses Lake,Grant,Ecology: Eastern Regional Office,9120.0,0.0,9120.0,0.0,0.0,0.0,0.0,0.0,0.0,,1.0,"47.135844, -119.19962",,,POINT (-119.19962 47.135844)
The Boeing Company - Renton,2016,Manufacturing,Transportation Industry,336411.0,Aircraft Manufacturing,The Boeing Company,Renton,King,Puget Sound Clean Air Agency,17578.0,0.0,17560.0,8.0,10.0,0.0,0.0,0.0,0.0,,1.0,"47.498257, -122.211346",,,POINT (-122.211346 47.498257)
Steelscape - Kalama,2020,Metals,Other Metals,331221.0,Rolled Steel Shape Manufacturing,NS BlueScope USA LLC,Kalama,Cowlitz,Southwest Clean Air Agency,21774.0,0.0,21752.0,10.0,12.0,0.0,0.0,0.0,0.0,,1.0,"46.04326, -122.871703",,,POINT (-122.871703 46.04326)
"Analog Devices, Inc. - Camas",2021,Manufacturing,Electronics Industry,334413.0,Semiconductor and Related Device Manufacturing,Linear Technology Corporation,Camas,Clark,Southwest Clean Air Agency,15173.0,0.0,1960.0,1.0,1480.0,2377.0,5524.0,3641.0,189.0,,1.0,"45.598844, -122.45232",,,POINT (-122.45232 45.598844)
Northwest Pipeline C/S - Mount Vernon,2021,Natural Gas Systems,Natural Gas Transmission/Compression,486210.0,Pipeline Transportation of Natural Gas,"The Williams Companies, Inc.",Mount Vernon,Skagit,Northwest Clean Air Agency,54572.0,0.0,52205.0,2338.0,29.0,0.0,0.0,0.0,0.0,,2.0,"48.421967, -122.21547",,,POINT (-122.21547 48.421967)
J.R. Simplot Company - Othello,2019,Food Production,Potato Products,311411.0,"Frozen Fruit, Juice, and Vegetable Manufacturing",J.R. Simplot Company,Othello,Adams,Ecology: Eastern Regional Office,92473.0,0.0,49806.0,42639.0,28.0,0.0,0.0,0.0,0.0,,2.0,"46.837778, -119.176389",,,POINT (-119.176389 46.837778)
Hampton Lumber Mills Washington Inc. - Darrington,2023,Wood Products,Lumber Mills,321113.0,Sawmills,Hampton Lumber Mills Washington Inc.,Darrington,Snohomish,Puget Sound Clean Air Agency,83298.0,82200.0,0.0,158.0,940.0,0.0,0.0,0.0,0.0,,2.0,"48.262797, -121.597608",,Reporter,POINT (-121.597608 48.262797)
"Horse Heaven Cattle Feeders, Inc. - Sunnyside",2020,Livestock,Cattle Feedlots,112112.0,Cattle Feedlots,"Horse Heaven Cattle Feeders, Inc.",Sunnyside,Yakima,Yakima Regional Clean Air Agency,9508.0,0.0,0.0,734.0,8774.0,0.0,0.0,0.0,0.0,,1.0,"46.284622, -120.019668",,,POINT (-120.019668 46.284622)
Sierra Pacific Industries - Burlington - Mount Vernon,2021,Wood Products,Lumber Mills,321113.0,Sawmills,Sierra Pacific Industries,Mount Vernon,Skagit,Northwest Clean Air Agency,291687.0,279769.0,8173.0,541.0,3204.0,0.0,0.0,0.0,0.0,,3.0,"48.448553, -122.434613",,,POINT (-122.434613 48.448553)
REG Grays Harbor LLC - Hoquiam,2021,Petroleum Systems,Other Petroleum Systems,325199.0,All Other Basic Organic Chemical Manufacturing,Chevron Corporation,Hoquiam,Grays Harbor,Olympic Region Clean Air Agency,16499.0,0.0,16482.0,8.0,9.0,0.0,0.0,0.0,0.0,,1.0,"46.968196, -123.853622",,,POINT (-123.853622 46.968196)
Puget Sound Energy T&D - statewide,2012,Power Plants,Electrical Transmission and Distribution,221122.0,Electric Power Distribution,Puget Holdings LLC,Bellevue,King,Puget Sound Clean Air Agency,12271.0,0.0,0.0,0.0,0.0,0.0,0.0,12271.0,0.0,,1.0,"47.61345, -122.19454",,,POINT (-122.19454 47.61345)
The Boeing Company: Boeing Plant 2 - Seattle,2017,Manufacturing,Transportation Industry,336411.0,Aircraft Manufacturing,The Boeing Company,Seattle,King,Puget Sound Clean Air Agency,24085.0,0.0,24061.0,11.0,13.0,0.0,0.0,0.0,0.0,,1.0,"47.532524, -122.311623",,,POINT (-122.311623 47.532524)
Central Washington University - Ellensburg,2013,Government,Education,611310.0,"Colleges, Universities, and Professional Schools",State of Washington,Ellensburg,Kittitas,Ecology: Central Regional Office,13451.0,0.0,13436.0,7.0,8.0,0.0,0.0,0.0,0.0,,1.0,"47.003202, -120.544513",,,POINT (-120.544513 47.003202)
Northwest Hardwoods Inc. - Longview,2017,Wood Products,Lumber Mills,321113.0,Sawmills,Littlejohn & Co. LLC,Longview,Cowlitz,Southwest Clean Air Agency,10444.0,4867.0,5507.0,12.0,59.0,0.0,0.0,0.0,0.0,,1.0,"46.114537, -122.916806",,,POINT (-122.916806 46.114537)
Northwest Pipeline C/S - Chehalis,2023,Natural Gas Systems,Natural Gas Transmission/Compression,486210.0,Pipeline Transportation of Natural Gas,"The Williams Companies, Inc.",Chehalis,Lewis,Southwest Clean Air Agency,22485.0,0.0,21535.0,938.0,12.0,0.0,0.0,0.0,0.0,,1.0,"46.533325, -122.87373",22485.0,Covered Entity,POINT (-122.87373 46.533325)
Packaging Corporation of America - Wallula,2016,Pulp and Paper,Kraft Mills,322121.0,Paper (except Newsprint) Mills,Packaging Corp of America,Wallula,Walla Walla,Ecology: Industrial Section,814165.0,645182.0,153343.0,13427.0,2213.0,0.0,0.0,0.0,0.0,,3.0,"46.10396, -118.9184",,,POINT (-118.9184 46.10396)
Keyes Fibre Corporation - Wenatchee,2015,Pulp and Paper,Other Pulp and Paper,322299.0,All Other Converted Paper Product Manufacturing,Tekni-Plex Wenatchee Fiber Consumer Porducts,Wenatchee,Chelan,Ecology: Central Regional Office,17715.0,0.0,17697.0,8.0,10.0,0.0,0.0,0.0,0.0,,1.0,"47.485987, -120.316363",,,POINT (-120.316363 47.485987)
Chehalis Generation Facility - Chehalis,2021,Power Plants,Natural Gas Turbine Plants,221112.0,Fossil Fuel Electric Power Generation,Berkshire Hathaway,Chehalis,Lewis,EFSEC,910383.0,0.0,909459.0,422.0,503.0,0.0,0.0,0.0,0.0,,3.0,"46.6226, -122.9145",,,POINT (-122.9145 46.6226)
Basic American Foods - Moses Lake,2023,Food Production,Potato Products,311423.0,Dried and Dehydrated Food Manufacturing,Basic American Inc.,Moses Lake,Grant,Ecology: Eastern Regional Office,24544.0,0.0,24519.0,12.0,14.0,0.0,0.0,0.0,0.0,,1.0,"47.075183, -119.220408",24544.0,Covered Entity,POINT (-119.220408 47.075183)
"Rainier Veneer, Inc. - Spanaway",2021,Wood Products,Other Wood Products,321212.0,Softwood Veneer and Plywood Manufacturing,Rainier Veneer Inc.,Spanaway,Pierce,Puget Sound Clean Air Agency,17170.0,14033.0,2946.0,29.0,162.0,0.0,0.0,0.0,0.0,,1.0,"47.062059, -122.318981",,,POINT (-122.318981 47.062059)
Ash Grove Cement Company - Seattle,2016,Minerals,Cement Production,327310.0,Cement Manufacturing,Ash Grove Cement Co.,Seattle,King,Puget Sound Clean Air Agency,381581.0,0.0,381081.0,197.0,303.0,0.0,0.0,0.0,0.0,,3.0,"47.56799, -122.34255",,,POINT (-122.34255 47.56799)
The Boeing Company - Auburn Site - Auburn,2022,Manufacturing,Transportation Industry,336413.0,Other Aircraft Parts and Auxiliary Equipment Manufacturing,The Boeing Company,Auburn,King,Puget Sound Clean Air Agency,34665.0,0.0,34630.0,16.0,19.0,0.0,0.0,0.0,0.0,,2.0,"47.285551, -122.242298",,,POINT (-122.242298 47.285551)
Spokane Waste to Energy Facility - Spokane,2015,Power Plants,"Other Power, Heating, or Cooling Plants",562213.0,Solid Waste Combustors and Incinerators,City of Spokane,Spokane,Spokane,Spokane Regional Clean Air Agency,226238.0,121724.0,99530.0,1944.0,3041.0,0.0,0.0,0.0,0.0,,3.0,"47.626529, -117.504278",,,POINT (-117.504278 47.626529)
"WestRock CP, LLC - Tacoma",2013,Pulp and Paper,Kraft Mills,322130.0,Paperboard Mills,Westrock Corp.,Tacoma,Pierce,Ecology: Industrial Section,1038798.0,925082.0,108083.0,1018.0,4616.0,0.0,0.0,0.0,0.0,,4.0,"47.260953, -122.421765",,,POINT (-122.421765 47.260953)
Grays Harbor Energy Center - Elma,2020,Power Plants,Natural Gas Turbine Plants,221112.0,Fossil Fuel Electric Power Generation,Invenergy Investment Company LLC,Elma,Grays Harbor,EFSEC,980346.0,0.0,979351.0,454.0,541.0,0.0,0.0,0.0,0.0,,3.0,"46.9688, -123.48",,,POINT (-123.48 46.9688)
Cathcart Landfill - Snohomish,2020,Waste,Landfills,562212.0,Solid Waste Landfill,Snohomish County,Snohomish,Snohomish,Puget Sound Clean Air Agency,11396.0,0.0,251.0,11145.0,0.0,0.0,0.0,0.0,0.0,,1.0,"47.870014, -122.118284",,,POINT (-122.118284 47.870014)
"North Pacific Paper Company, LLC - Longview",2014,Pulp and Paper,Other Pulp and Paper,322122.0,Newsprint Mills,NP Paper Investor Holdings LLC,Longview,Cowlitz,Southwest Clean Air Agency,39975.0,0.0,39934.0,19.0,22.0,0.0,0.0,0.0,0.0,Assigned emissions level.  Formerly part of Nippon Dynawave before 2016.  Ecology split emissions for consistency with cooperation from facility.,2.0,"46.125662, -122.976788",,,POINT (-122.976788 46.125662)
Cowlitz County Tennant Way Landfill - Longview,2018,Waste,Landfills,562212.0,Solid Waste Landfill,Cowlitz County Washington,Longview,Cowlitz,Southwest Clean Air Agency,20542.0,0.0,0.0,20542.0,0.0,0.0,0.0,0.0,0.0,,1.0,"46.107229, -122.905601",,,POINT (-122.905601 46.107229)
Avista Corporation LDC - WA - statewide,2012,Natural Gas Systems,Natural Gas Local Distribution Companies,221210.0,Natural Gas Distribution,Avista Corp.,Spokane,Spokane,Spokane Regional Clean Air Agency,12716.0,0.0,18.0,12698.0,0.0,0.0,0.0,0.0,0.0,,1.0,"47.673662, -117.388735",,,POINT (-117.388735 47.673662)
Sonoco Products - Sumner,2015,Pulp and Paper,Other Pulp and Paper,322130.0,Paperboard Mills,Sonoco Products Company,Sumner,Pierce,Puget Sound Clean Air Agency,11464.0,0.0,11452.0,6.0,7.0,0.0,0.0,0.0,0.0,,1.0,"47.210641, -122.239474",,,POINT (-122.239474 47.210641)
Roosevelt Regional Landfill - Roosevelt,2017,Waste,Landfills,562212.0,Solid Waste Landfill,"Republic Services, Inc.",Roosevelt,Klickitat,Ecology: Central Regional Office,208590.0,0.0,387.0,208202.0,1.0,0.0,0.0,0.0,0.0,,3.0,"45.807146, -120.179785",,,POINT (-120.179785 45.807146)
Northwest Pipeline C/S - Sumner,2018,Natural Gas Systems,Natural Gas Transmission/Compression,486210.0,Pipeline Transportation of Natural Gas,"The Williams Companies, Inc.",Sumner,Pierce,Puget Sound Clean Air Agency,35848.0,0.0,35129.0,699.0,20.0,0.0,0.0,0.0,0.0,,2.0,"47.228986, -122.209551",,,POINT (-122.209551 47.228986)
Puget Sound Energy - Encogen Generating Station - Bellingham,2020,Power Plants,Natural Gas Turbine Plants,221112.0,Fossil Fuel Electric Power Generation,Puget Holdings LLC,Bellingham,Whatcom,Northwest Clean Air Agency,178317.0,0.0,178135.0,83.0,99.0,0.0,0.0,0.0,0.0,,3.0,"48.746, -122.486",,,POINT (-122.486 48.746)
Northwest Hardwoods Inc. - Centralia,2016,Wood Products,Lumber Mills,321113.0,Sawmills,Littlejohn & Co. LLC,Centralia,Lewis,Southwest Clean Air Agency,10483.0,6759.0,3631.0,15.0,79.0,0.0,0.0,0.0,0.0,,1.0,"46.734454, -122.991963",,,POINT (-122.991963 46.734454)
Lamb Weston - Quincy,2017,Food Production,Potato Products,311411.0,"Frozen Fruit, Juice, and Vegetable Manufacturing","Lamb Weston, Inc.",Quincy,Grant,Ecology: Eastern Regional Office,34928.0,0.0,34892.0,17.0,20.0,0.0,0.0,0.0,0.0,,2.0,"47.234413, -119.869914",,,POINT (-119.869914 47.234413)
Northwest Pipeline C/S - Snohomish,2012,Natural Gas Systems,Natural Gas Transmission/Compression,486210.0,Pipeline Transportation of Natural Gas,"The Williams Companies, Inc.",Snohomish,Snohomish,Puget Sound Clean Air Agency,31357.0,0.0,30804.0,536.0,18.0,0.0,0.0,0.0,0.0,,2.0,"47.78825, -122.05859",,,POINT (-122.05859 47.78825)
Sierra Pacific Industries - Centralia,2013,Wood Products,Lumber Mills,321113.0,Sawmills,Sierra Pacific Industries,Centralia,Lewis,Southwest Clean Air Agency,42412.0,41853.0,0.0,80.0,479.0,0.0,0.0,0.0,0.0,,2.0,"46.756413, -122.995433",,,POINT (-122.995433 46.756413)
Inland Empire Paper Company - Spokane,2013,Pulp and Paper,Other Pulp and Paper,322122.0,Newsprint Mills,Cowles Publishing Co.,Spokane,Spokane,Spokane Regional Clean Air Agency,28038.0,18131.0,9501.0,159.0,247.0,0.0,0.0,0.0,0.0,,2.0,"47.688295, -117.279323",,,POINT (-117.279323 47.688295)
Naval Base Kitsap - Bremerton,2013,Government,National Security,928110.0,National Security,US Government,Bremerton,Kitsap,Puget Sound Clean Air Agency,46551.0,0.0,46501.0,23.0,27.0,0.0,0.0,0.0,0.0,,2.0,"47.557047, -122.645933",,,POINT (-122.645933 47.557047)
Hampton Lumber Mills Washington Inc. - Darrington,2018,Wood Products,Lumber Mills,321113.0,Sawmills,Hampton Lumber Mills Washington Inc.,Darrington,Snohomish,Puget Sound Clean Air Agency,86688.0,85545.0,0.0,164.0,978.0,0.0,0.0,0.0,0.0,,2.0,"48.262797, -121.597608",,,POINT (-121.597608 48.262797)
Great Western Malt - Vancouver,2012,Food Production,Other Food Products,311213.0,Malt Manufacturing,Great Western Malt,Vancouver,Clark,Southwest Clean Air Agency,19560.0,0.0,19540.0,9.0,11.0,0.0,0.0,0.0,0.0,,1.0,"45.631069, -122.690043",,,POINT (-122.690043 45.631069)
US Army Joint Base Lewis-McChord - Pierce Co.,2023,Government,National Security,928110.0,National Security,US Government,Joint Base Lewis-McChord,Pierce,Puget Sound Clean Air Agency,71411.0,0.0,56808.0,14570.0,33.0,0.0,0.0,0.0,0.0,,2.0,"47.1142, -122.5365",,Reporter,POINT (-122.5365 47.1142)
Kettle Falls Generating Station - Kettle Falls,2022,Power Plants,"Other Power, Heating, or Cooling Plants",221117.0,Biomass Electric Power Generation,Avista Corp.,Kettle Falls,Stevens,Ecology: Eastern Regional Office,444695.0,429129.0,3469.0,7188.0,4910.0,0.0,0.0,0.0,0.0,,3.0,"48.620335, -118.110841",,,POINT (-118.110841 48.620335)
McKinley Paper Co. - Washington Mill - Port Angeles,2013,Pulp and Paper,Other Pulp and Paper,322121.0,Paper (except Newsprint) Mills,McKinley Paper Co.,Port Angeles,Clallam,Olympic Region Clean Air Agency,121356.0,112469.0,3059.0,4536.0,1292.0,0.0,0.0,0.0,0.0,,3.0,"48.134623, -123.467524",,,POINT (-123.467524 48.134623)
Northwest Pipeline Willard C/S - Cook,2021,Natural Gas Systems,Natural Gas Transmission/Compression,486210.0,Pipeline Transportation of Natural Gas,"The Williams Companies, Inc.",Cook,Skamania,Southwest Clean Air Agency,15988.0,0.0,13863.0,2117.0,8.0,0.0,0.0,0.0,0.0,,1.0,"45.778087, -121.626311",,,POINT (-121.626311 45.778087)
Cowlitz County Headquarters Landfill - Castle Rock,2022,Waste,Landfills,562212.0,Solid Waste Landfill,Cowlitz County,Castle Rock,Cowlitz,Southwest Clean Air Agency,300795.0,10208.0,0.0,290551.0,37.0,0.0,0.0,0.0,0.0,,3.0,"46.246902, -122.772284",,,POINT (-122.772284 46.246902)
Northwest Pipeline LLC - Houston,2022,Supplier,Natural Gas Supplier,486210.0,Pipeline Transportation of Natural Gas,The Williams Companies Inc.,Houston,Harris,,,,,,,,,,,,,,,,
Marathon Anacortes Refinery - Anacortes,2018,Petroleum Systems,Petroleum Refineries,324110.0,Petroleum Refineries,Marathon Petroleum Corp,Anacortes,Skagit,Northwest Clean Air Agency,1234174.0,0.0,1228806.0,2184.0,3184.0,0.0,0.0,0.0,0.0,,4.0,"48.493816, -122.564845",,,POINT (-122.564845 48.493816)
Star Forge LLC dba Jorgensen Forge - Tukwila,2018,Metals,Other Metals,332111.0,Iron and Steel Forging,Jorgensen Forge Corp.,Tukwila,King,Puget Sound Clean Air Agency,1238.0,0.0,1237.0,1.0,1.0,0.0,0.0,0.0,0.0,,1.0,"47.526872, -122.303906",,,POINT (-122.303906 47.526872)
Lamb Weston - Richland,2020,Food Production,Potato Products,311411.0,"Frozen Fruit, Juice, and Vegetable Manufacturing","Lamb Weston, Inc.",Richland,Benton,Benton Clean Air Agency,86387.0,11549.0,57724.0,17040.0,74.0,0.0,0.0,0.0,0.0,,2.0,"46.309314, -119.297267",,,POINT (-119.297267 46.309314)
Thurston County Public Works/WARC - Lacey,2023,Waste,Landfills,562212.0,Solid Waste Landfill,US Government,Lacey,Thurston,Olympic Region Clean Air Agency,15614.0,0.0,0.0,15614.0,0.0,0.0,0.0,0.0,0.0,,1.0,"46.948119, -122.90894",,Reporter,POINT (-122.90894 46.948119)
"Greif, Tacoma Mill - Tacoma",2022,Pulp and Paper,Other Pulp and Paper,322130.0,Paperboard Mills,Paperboard Parent Inc.,Tacoma,Pierce,Puget Sound Clean Air Agency,13203.0,0.0,13189.0,6.0,7.0,0.0,0.0,0.0,0.0,,1.0,"47.239235, -122.421909",,,POINT (-122.421909 47.239235)
"Tyson Fresh Meats, Inc. - Wallula",2018,Food Production,Meat Products,311611.0,Animal (except Poultry) Slaughtering,"Tyson Foods, Inc",Wallula,Walla Walla,Ecology: Eastern Regional Office,98817.0,0.0,23009.0,75796.0,13.0,0.0,0.0,0.0,0.0,,2.0,"46.137521, -118.913051",,,POINT (-118.913051 46.137521)
Bonneville Power Administration - WA Only - statewide,2023,Power Plants,Electrical Transmission and Distribution,221121.0,Electric Bulk Power Transmission and Control,US Government,Vancouver,Clark,Southwest Clean Air Agency,21935.0,0.0,0.0,0.0,0.0,0.0,0.0,21935.0,0.0,,1.0,"45.661178, -122.658608",,Reporter,POINT (-122.658608 45.661178)
Northwest Pipeline C/S - Snohomish,2023,Natural Gas Systems,Natural Gas Transmission/Compression,486210.0,Pipeline Transportation of Natural Gas,"The Williams Companies, Inc.",Snohomish,Snohomish,Puget Sound Clean Air Agency,69638.0,0.0,67266.0,2335.0,38.0,0.0,0.0,0.0,0.0,,2.0,"47.78825, -122.05859",69638.0,Covered Entity,POINT (-122.05859 47.78825)
Naval Air Station Whidbey Island - Oak Harbor,2021,Government,National Security,928110.0,National Security,US Government,Oak Harbor,Island,Northwest Clean Air Agency,13773.0,0.0,13758.0,7.0,9.0,0.0,0.0,0.0,0.0,,1.0,"48.345281, -122.669741",,,POINT (-122.669741 48.345281)
REC Solar Grade Silicon - Moses Lake,2012,Metals,Other Metals,331410.0,Primary Smelting and Refining of Nonferrous Metal (except Copper and Aluminum),REC Silicon,Moses Lake,Grant,Ecology: Eastern Regional Office,133823.0,0.0,133685.0,63.0,75.0,0.0,0.0,0.0,0.0,,3.0,"47.138359, -119.200383",,,POINT (-119.200383 47.138359)
Puget Sound Energy - Ferndale Generating Station - Ferndale,2021,Power Plants,Natural Gas Turbine Plants,221112.0,Fossil Fuel Electric Power Generation,Puget Holdings LLC,Ferndale,Whatcom,Northwest Clean Air Agency,637260.0,0.0,636613.0,295.0,352.0,0.0,0.0,0.0,0.0,,3.0,"48.828707, -122.685533",,,POINT (-122.685533 48.828707)
Puget Sound Energy - Frederickson Generating Station - Tacoma,2012,Power Plants,Natural Gas Turbine Plants,221112.0,Fossil Fuel Electric Power Generation,Puget Holdings LLC,Tacoma,Pierce,Puget Sound Clean Air Agency,30729.0,0.0,30696.0,15.0,19.0,0.0,0.0,0.0,0.0,,2.0,"47.079716, -122.364711",,,POINT (-122.364711 47.079716)
"Solvay Chemicals, Inc. - Longview",2012,Chemicals,Other Chemicals,325180.0,Other Basic Inorganic Chemical Manufacturing,Solvay Chemicals Inc.,Longview,Cowlitz,Southwest Clean Air Agency,48881.0,0.0,48881.0,0.0,0.0,0.0,0.0,0.0,0.0,,2.0,"46.137218, -122.982847",,,POINT (-122.982847 46.137218)
Ponderay Industries - Usk,2023,Pulp and Paper,Other Pulp and Paper,322122.0,Newsprint Mills,Ponderay Industries,Usk,Pend Oreille,Ecology: Eastern Regional Office,0.0,0.0,0.0,0.0,0.0,0.0,0.0,0.0,0.0,Facility closed June 2020.,1.0,"48.289771, -117.271359",,Reporter,POINT (-117.271359 48.289771)
Owens-Brockway Glass Container Inc Plant #2 - Kalama,2019,Minerals,Glass Production,327213.0,Glass Container Manufacturing,O-I Glass Inc.,Kalama,Cowlitz,Southwest Clean Air Agency,22844.0,0.0,22828.0,8.0,9.0,0.0,0.0,0.0,0.0,,1.0,"46.031656, -122.866241",,,POINT (-122.866241 46.031656)
The Boeing Company: Boeing Plant 2 - Seattle,2022,Manufacturing,Transportation Industry,336411.0,Aircraft Manufacturing,The Boeing Company,Seattle,King,Puget Sound Clean Air Agency,20526.0,0.0,20504.0,10.0,12.0,0.0,0.0,0.0,0.0,,1.0,"47.532524, -122.311623",,,POINT (-122.311623 47.532524)
Alon Asphalt Company - Seattle,2021,Petroleum Systems,Other Petroleum Systems,424710.0,Petroleum Bulk Stations and Terminals,Delek US Holdings Inc.,Seattle,King,Puget Sound Clean Air Agency,2.0,0.0,2.0,0.0,0.0,0.0,0.0,0.0,0.0,Suspended operations May 2020.,1.0,"47.781642, -122.395299",,,POINT (-122.395299 47.781642)
Puget Sound Energy - Fredonia Generating Station - Mount Vernon,2019,Power Plants,Natural Gas Turbine Plants,221112.0,Fossil Fuel Electric Power Generation,Puget Holdings LLC,Mount Vernon,Skagit,Northwest Clean Air Agency,154544.0,0.0,154384.0,73.0,87.0,0.0,0.0,0.0,0.0,,3.0,"48.4553, -122.435",,,POINT (-122.435 48.4553)
bp Cherry Point Refinery - Blaine,2013,Petroleum Systems,Petroleum Refineries,324110.0,Petroleum Refineries,BP America Inc.,Blaine,Whatcom,Northwest Clean Air Agency,2206320.0,0.0,2191288.0,10126.0,4906.0,0.0,0.0,0.0,0.0,Assigned Emissions Level,5.0,"48.8864, -122.7353",,,POINT (-122.7353 48.8864)
CertainTeed Gypsum - Seattle,2016,Manufacturing,Building Products,327420.0,Gypsum Product Manufacturing,Saint-Gobain Corporation,Seattle,King,Puget Sound Clean Air Agency,47948.0,0.0,47898.0,23.0,27.0,0.0,0.0,0.0,0.0,,2.0,"47.548056, -122.336944",,,POINT (-122.336944 47.548056)
"Gas Transmission Northwest Compressor Station 6, LLC - Rosalia",2018,Natural Gas Systems,Natural Gas Transmission/Compression,486210.0,Pipeline Transportation of Natural Gas,TransCanada Northern Border Inc.,Rosalia,Whitman,Spokane Regional Clean Air Agency,111688.0,0.0,111218.0,407.0,62.0,0.0,0.0,0.0,0.0,,3.0,"47.277256, -117.406737",,,POINT (-117.406737 47.277256)
Cowlitz County Headquarters Landfill - Castle Rock,2015,Waste,Landfills,562212.0,Solid Waste Landfill,Cowlitz County,Castle Rock,Cowlitz,Southwest Clean Air Agency,190202.0,2097.0,0.0,188098.0,7.0,0.0,0.0,0.0,0.0,,3.0,"46.246902, -122.772284",,,POINT (-122.772284 46.246902)
Inland Empire Paper Company - Spokane,2018,Pulp and Paper,Other Pulp and Paper,322122.0,Newsprint Mills,Cowles Publishing Co.,Spokane,Spokane,Spokane Regional Clean Air Agency,28858.0,17716.0,10895.0,39.0,209.0,0.0,0.0,0.0,0.0,,2.0,"47.688295, -117.279323",,,POINT (-117.279323 47.688295)
REG Grays Harbor LLC - Hoquiam,2020,Petroleum Systems,Other Petroleum Systems,325199.0,All Other Basic Organic Chemical Manufacturing,Chevron Corporation,Hoquiam,Grays Harbor,Olympic Region Clean Air Agency,18305.0,0.0,18286.0,9.0,10.0,0.0,0.0,0.0,0.0,,1.0,"46.968196, -123.853622",,,POINT (-123.853622 46.968196)
Hattenhauer Distributing Co - The Dalles,2022,Supplier,Other Fuel Supplier,,,Hattenhauer Distributing Co.,The Dalles,Wasco,,11085.0,704.0,10210.0,14.0,157.0,0.0,0.0,0.0,0.0,,,,,,
Terrace Heights Landfill - Yakima,2022,Waste,Landfills,562212.0,Solid Waste Landfill,Yakima County Public Services - Solid Waste Division,Yakima,Yakima,Yakima Regional Clean Air Agency,128470.0,0.0,14.0,128456.0,0.0,0.0,0.0,0.0,0.0,,3.0,"46.610031, -120.39408",,,POINT (-120.39408 46.610031)
Darigold - Lynden,2021,Food Production,Dairy Products,311514.0,"Dry, Condensed, and Evaporated Dairy Product Manufacturing",Darigold Inc.,Lynden,Whatcom,Northwest Clean Air Agency,19186.0,0.0,19166.0,9.0,11.0,0.0,0.0,0.0,0.0,,1.0,"48.947567, -122.451915",,,POINT (-122.451915 48.947567)
Cascade Natural Gas Corporation - supplier,2023,Supplier,Natural Gas Supplier,221210.0,Natural Gas Distribution,"MDU Resources Group, Inc.",Kennewick,Benton,,1690675.0,0.0,1688931.0,796.0,949.0,0.0,0.0,0.0,0.0,,,,1905915.0,Covered Entity,
Public Utility District No. 1 of Clark County - Vancouver,2023,Power,COU,2211.0,"Electric Power Generation, Transmission and Distribution",Clark Public Utilities,Vancouver,Clark,,98142.0,,,,,,,,,,,,98142.0,Covered Entity,
Cardinal FG Company - Winlock,2020,Minerals,Glass Production,327211.0,Flat Glass Manufacturing,Cardinal Glass Industries Inc.,Winlock,Lewis,Southwest Clean Air Agency,103025.0,0.0,102955.0,32.0,38.0,0.0,0.0,0.0,0.0,,3.0,"46.544937, -122.926313",,,POINT (-122.926313 46.544937)
Tree Top - Wenatchee,2018,Food Production,Fruit Products,311423.0,Dried and Dehydrated Food Manufacturing,Tree Top Inc.,Wenatchee,Chelan,Ecology: Central Regional Office,10912.0,0.0,10901.0,5.0,6.0,0.0,0.0,0.0,0.0,,1.0,"47.48938, -120.31426",,,POINT (-120.31426 47.48938)
Terrace Heights Landfill - Yakima,2017,Waste,Landfills,562212.0,Solid Waste Landfill,Yakima County Public Services - Solid Waste Division,Yakima,Yakima,Yakima Regional Clean Air Agency,114513.0,0.0,20.0,114494.0,0.0,0.0,0.0,0.0,0.0,,3.0,"46.610031, -120.39408",,,POINT (-120.39408 46.610031)
Sierra Pacific Industries - Burlington - Mount Vernon,2018,Wood Products,Lumber Mills,321113.0,Sawmills,Sierra Pacific Industries,Mount Vernon,Skagit,Northwest Clean Air Agency,291595.0,284091.0,3706.0,547.0,3251.0,0.0,0.0,0.0,0.0,,3.0,"48.448553, -122.434613",,,POINT (-122.434613 48.448553)
NW Natural - Portland,2017,Natural Gas Systems,Natural Gas Local Distribution Companies,221210.0,Natural Gas Distribution,NW Natural,Portland,Multnomah,Southwest Clean Air Agency,8183.0,0.0,10.0,8173.0,0.0,0.0,0.0,0.0,0.0,Last year reporting.,1.0,"45.516631, -122.675749",,,POINT (-122.675749 45.516631)
Marathon Anacortes Refinery - Anacortes,2019,Petroleum Systems,Petroleum Refineries,324110.0,Petroleum Refineries,Marathon Petroleum Corp,Anacortes,Skagit,Northwest Clean Air Agency,1421372.0,0.0,1415470.0,2325.0,3577.0,0.0,0.0,0.0,0.0,,4.0,"48.493816, -122.564845",,,POINT (-122.564845 48.493816)
"Greif, Tacoma Mill - Tacoma",2017,Pulp and Paper,Other Pulp and Paper,322130.0,Paperboard Mills,Paperboard Parent Inc.,Tacoma,Pierce,Puget Sound Clean Air Agency,15721.0,0.0,15705.0,8.0,9.0,0.0,0.0,0.0,0.0,First year reporting.,1.0,"47.239235, -122.421909",,,POINT (-122.421909 47.239235)
James Hardie Building Products - Tacoma,2020,Manufacturing,Building Products,327390.0,Other Concrete Product Manufacturing,James Hardie Building Products Inc.,Tacoma,Pierce,Puget Sound Clean Air Agency,16304.0,0.0,16288.0,8.0,9.0,0.0,0.0,0.0,0.0,,1.0,"47.092145, -122.364656",,,POINT (-122.364656 47.092145)
Okanogan County Central Landfill - Okanogan,2017,Waste,Landfills,562212.0,Solid Waste Landfill,Okanogan County,Okanogan,Okanogan,Ecology: Central Regional Office,13567.0,0.0,0.0,13567.0,0.0,0.0,0.0,0.0,0.0,First year reporting.,1.0,"48.341148, -119.620109",,,POINT (-119.620109 48.341148)
City of Richland - Energy Services - Richland,2023,Power,COU,2211.0,"Electric Power Generation, Transmission and Distribution",City of Richland,Richland,Benton,,17933.0,,,,,,,,,,,,,Reporter,
U.S. Department of Energy Hanford Site - Richland,2021,Government,Other Government,924110.0,Administration of Air and Water Resource and Solid Waste Management Programs,US Government,Richland,Benton,Ecology: NWP,33240.0,0.0,24375.0,8811.0,55.0,0.0,0.0,0.0,0.0,,2.0,"46.55069, -119.489007",,,POINT (-119.489007 46.55069)
PetroCard Inc.,2023,Supplier,Other Fuel Supplier,424720.0,Petroleum and Petroleum Products Merchant Wholesalers (except Bulk Stations and Terminals),Bristol Bay Native Corporation,Kent,King,,22719.0,2057.0,20618.0,5.0,39.0,0.0,0.0,0.0,0.0,,,,,Reporter,
Puget Sound Energy LDC Supplier - Bellevue,2017,Supplier,Natural Gas Supplier,221210.0,Natural Gas Distribution,PUGET HOLDINGS LLC,Bellevue,King,,5460198.0,0.0,5454565.0,2570.0,3063.0,0.0,0.0,0.0,0.0,,,,,,
"Boise Cascade Wood Products, LLC.  Kettle Falls Plywood - Kettle Falls",2018,Wood Products,Other Wood Products,321219.0,Reconstituted Wood Product Manufacturing,Boise Cascade Company,Kettle Falls,Stevens,Ecology: Eastern Regional Office,64534.0,54312.0,9487.0,109.0,626.0,0.0,0.0,0.0,0.0,,2.0,"48.613175, -118.116106",,,POINT (-118.116106 48.613175)
Northwest Pipeline C/S - Washougal,2021,Natural Gas Systems,Natural Gas Transmission/Compression,486210.0,Pipeline Transportation of Natural Gas,"The Williams Companies, Inc.",Washougal,Clark,Southwest Clean Air Agency,13645.0,0.0,11563.0,2076.0,7.0,0.0,0.0,0.0,0.0,,1.0,"45.63236, -122.36516",,,POINT (-122.36516 45.63236)
U.S. Department of Energy Hanford Site - Richland,2014,Government,Other Government,924110.0,Administration of Air and Water Resource and Solid Waste Management Programs,US Government,Richland,Benton,Ecology: NWP,15792.0,0.0,5670.0,10112.0,10.0,0.0,0.0,0.0,0.0,,1.0,"46.55069, -119.489007",,,POINT (-119.489007 46.55069)
Spokane Waste to Energy Facility - Spokane,2012,Power Plants,"Other Power, Heating, or Cooling Plants",562213.0,Solid Waste Combustors and Incinerators,City of Spokane,Spokane,Spokane,Spokane Regional Clean Air Agency,249248.0,146284.0,97470.0,2142.0,3351.0,0.0,0.0,0.0,0.0,,3.0,"47.626529, -117.504278",,,POINT (-117.504278 47.626529)
Tidewater Barge Lines - Vancouver,2023,Supplier,Other Fuel Supplier,424710.0,Petroleum Bulk Stations and Terminals,Tidewater Holdings,Vancouver,Clark,,16438.0,0.0,16424.0,2.0,12.0,0.0,0.0,0.0,0.0,,,,,Reporter,
Mutual Materials Mica Brick Plant - Spokane,2018,Minerals,Other Minerals,327120.0,Clay Building Material and Refractories Manufacturing,Mutual Materials Co.,Spokane,Spokane,Spokane Regional Clean Air Agency,11072.0,0.0,11061.0,5.0,6.0,0.0,0.0,0.0,0.0,,1.0,"47.55833, -117.2117",,,POINT (-117.2117 47.55833)
Ascensus Specialties LLC - Elma,2020,Chemicals,Other Chemicals,325180.0,Other Basic Inorganic Chemical Manufacturing,VSI Holdings LLC,Elma,Grays Harbor,Olympic Region Clean Air Agency,18037.0,0.0,18019.0,9.0,10.0,0.0,0.0,0.0,0.0,,1.0,"46.995459, -123.382316",,,POINT (-123.382316 46.995459)
DH Feeders - Eltopia,2014,Livestock,Cattle Feedlots,112112.0,Cattle Feedlots,Easterday Ranches,Eltopia,Franklin,Ecology: Eastern Regional Office,14416.0,0.0,867.0,1035.0,12513.0,0.0,0.0,0.0,0.0,,1.0,"46.50919, -118.881203",,,POINT (-118.881203 46.50919)
bp Cherry Point Refinery - Blaine,2023,Petroleum Systems,Petroleum Refineries,324110.0,Petroleum Refineries,BP America Inc.,Blaine,Whatcom,Northwest Clean Air Agency,2188015.0,0.0,2052443.0,7314.0,4828.0,0.0,0.0,0.0,0.0,,5.0,"48.8864, -122.7353",2188007.0,Covered Entity,POINT (-122.7353 48.8864)
Northwest Pipeline C/S - Goldendale,2020,Natural Gas Systems,Natural Gas Transmission/Compression,486210.0,Pipeline Transportation of Natural Gas,"The Williams Companies, Inc.",Goldendale,Klickitat,Ecology: Central Regional Office,27717.0,0.0,24740.0,2963.0,14.0,0.0,0.0,0.0,0.0,,2.0,"45.771216, -120.799267",,,POINT (-120.799267 45.771216)
City of Spokane Northside Landfill - Spokane,2013,Waste,Landfills,562212.0,Solid Waste Landfill,City of Spokane,Spokane,Spokane,Spokane Regional Clean Air Agency,9883.0,0.0,0.0,9883.0,0.0,0.0,0.0,0.0,0.0,Last year reporting.  Voluntary reporter.,1.0,"47.727246, -117.487442",,,POINT (-117.487442 47.727246)
"Vaagen Bros. Lumber, Inc. - Colville",2020,Wood Products,Lumber Mills,321999.0,All Other Miscellaneous Wood Product Manufacturing,Vaagen Bros. Lumber Inc.,Colville,Stevens,Ecology: Eastern Regional Office,45471.0,44872.0,0.0,86.0,513.0,0.0,0.0,0.0,0.0,,2.0,"48.548525, -117.915469",,,POINT (-117.915469 48.548525)
Puget Sound Energy - Sumas Generating Station - Sumas,2017,Power Plants,Natural Gas Turbine Plants,221112.0,Fossil Fuel Electric Power Generation,Puget Holdings LLC,Sumas,Whatcom,Northwest Clean Air Agency,125472.0,0.0,125345.0,58.0,69.0,0.0,0.0,0.0,0.0,,3.0,"48.9905, -122.2733",,,POINT (-122.2733 48.9905)
Starbucks Kent Flexible Plant - Kent,2015,Food Production,Other Food Products,311920.0,Coffee and Tea Manufacturing,Starbucks Corp.,Kent,King,Puget Sound Clean Air Agency,13542.0,0.0,13529.0,6.0,7.0,0.0,0.0,0.0,0.0,First year reporting.,1.0,"47.436276, -122.237648",,,POINT (-122.237648 47.436276)
"Nucor Steel Seattle, Inc, - Seattle",2017,Metals,Iron and Steel Production,331110.0,Iron and Steel Mills and Ferroalloy Manufacturing,Nucor Corporation,Seattle,King,Puget Sound Clean Air Agency,89466.0,0.0,89425.0,19.0,22.0,0.0,0.0,0.0,0.0,,2.0,"47.569331, -122.367332",,,POINT (-122.367332 47.569331)
Washington State University - Pullman,2014,Government,Education,611310.0,"Colleges, Universities, and Professional Schools",State of Washington,Pullman,Whitman,Ecology: Eastern Regional Office,59384.0,0.0,59321.0,28.0,35.0,0.0,0.0,0.0,0.0,,2.0,"46.728702, -117.151481",,,POINT (-117.151481 46.728702)
Lamb Weston - Pasco,2016,Food Production,Potato Products,311411.0,"Frozen Fruit, Juice, and Vegetable Manufacturing","Lamb Weston, Inc.",Pasco,Franklin,Ecology: Eastern Regional Office,42188.0,0.0,42144.0,20.0,24.0,0.0,0.0,0.0,0.0,,2.0,"46.288137, -119.115336",,,POINT (-119.115336 46.288137)
REG Grays Harbor LLC - Hoquiam,2015,Petroleum Systems,Other Petroleum Systems,325199.0,All Other Basic Organic Chemical Manufacturing,Chevron Corporation,Hoquiam,Grays Harbor,Olympic Region Clean Air Agency,13806.0,0.0,13792.0,7.0,8.0,0.0,0.0,0.0,0.0,,1.0,"46.968196, -123.853622",,,POINT (-123.853622 46.968196)
LRI Landfill - Graham,2020,Waste,Landfills,562212.0,Solid Waste Landfill,Waste Connections Inc.,Graham,Pierce,Puget Sound Clean Air Agency,77224.0,0.0,0.0,77224.0,0.0,0.0,0.0,0.0,0.0,,2.0,"46.972405, -122.292799",,,POINT (-122.292799 46.972405)
Puget Sound Energy - Goldendale Generating Station - Goldendale,2012,Power Plants,Natural Gas Turbine Plants,221112.0,Fossil Fuel Electric Power Generation,Puget Holdings LLC,Goldendale,Klickitat,Ecology: Central Regional Office,325691.0,0.0,325360.0,151.0,180.0,0.0,0.0,0.0,0.0,,3.0,"45.8114, -120.833",,,POINT (-120.833 45.8114)
Tree Top - Selah Campus,2023,Food Production,Fruit Products,311423.0,Dried and Dehydrated Food Manufacturing,Tree Top Inc.,Selah,Yakima,Yakima Regional Clean Air Agency,15742.0,0.0,15726.0,8.0,9.0,0.0,0.0,0.0,0.0,,1.0,"46.64992, -120.52755",,Reporter,POINT (-120.52755 46.64992)
Kettle Falls Generating Station - Kettle Falls,2017,Power Plants,"Other Power, Heating, or Cooling Plants",221117.0,Biomass Electric Power Generation,Avista Corp.,Kettle Falls,Stevens,Ecology: Eastern Regional Office,423808.0,408477.0,3925.0,6732.0,4674.0,0.0,0.0,0.0,0.0,,3.0,"48.620335, -118.110841",,,POINT (-118.110841 48.620335)
Packaging Corporation of America - Wallula,2021,Pulp and Paper,Kraft Mills,322121.0,Paper (except Newsprint) Mills,Packaging Corp of America,Wallula,Walla Walla,Ecology: Industrial Section,801746.0,568917.0,217457.0,14514.0,859.0,0.0,0.0,0.0,0.0,,3.0,"46.10396, -118.9184",,,POINT (-118.9184 46.10396)
Naval Base Kitsap Bangor - Silverdale,2023,Government,National Security,928110.0,National Security,US Government,Silverdale,Kitsap,Puget Sound Clean Air Agency,19431.0,0.0,19409.0,10.0,13.0,0.0,0.0,0.0,0.0,,1.0,"47.699284, -122.696926",,Reporter,POINT (-122.696926 47.699284)
Cheyne Landfill - Zillah,2015,Waste,Landfills,562212.0,Solid Waste Landfill,Yakima County Public Services,Zillah,Yakima,Yakima Regional Clean Air Agency,34450.0,0.0,0.0,34450.0,0.0,0.0,0.0,0.0,0.0,,2.0,"46.4785, -120.2688",,,POINT (-120.2688 46.4785)
Gas Transmission Northwest Compressor Station 7 -Prescott,2021,Natural Gas Systems,Natural Gas Transmission/Compression,486210.0,Pipeline Transportation of Natural Gas,TransCanada Northern Border Inc.,Starbuck,Columbia,Ecology: Eastern Regional Office,90620.0,0.0,88828.0,1742.0,50.0,0.0,0.0,0.0,0.0,,2.0,"46.53558, -118.293441",,,POINT (-118.293441 46.53558)
Michelsen Packaging - Yakima,2016,Pulp and Paper,Other Pulp and Paper,322299.0,All Other Converted Paper Product Manufacturing,Michelson Packaging Co.,Yakima,Yakima,Yakima Regional Clean Air Agency,8817.0,0.0,8808.0,4.0,5.0,0.0,0.0,0.0,0.0,,1.0,"46.604058, -120.513015",,,POINT (-120.513015 46.604058)
Northwest Pipeline C/S - Chehalis,2014,Natural Gas Systems,Natural Gas Transmission/Compression,486210.0,Pipeline Transportation of Natural Gas,"The Williams Companies, Inc.",Chehalis,Lewis,Southwest Clean Air Agency,6521.0,0.0,5724.0,793.0,3.0,0.0,0.0,0.0,0.0,,1.0,"46.533325, -122.87373",,,POINT (-122.87373 46.533325)
Devin Oil Co Inc - Hermiston,2023,Supplier,Other Fuel Supplier,424710.0,Petroleum Bulk Stations and Terminals,Devin Oil Co. Inc.,Hermiston,Umatilla,,12199.0,1202.0,10826.0,14.0,157.0,0.0,0.0,0.0,0.0,,,,,Reporter,
Sierra Pacific Industries - Burlington - Mount Vernon,2022,Wood Products,Lumber Mills,321113.0,Sawmills,Sierra Pacific Industries,Mount Vernon,Skagit,Northwest Clean Air Agency,220041.0,198401.0,18970.0,390.0,2280.0,0.0,0.0,0.0,0.0,,3.0,"48.448553, -122.434613",,,POINT (-122.434613 48.448553)
Puget Sound Energy T&D - statewide,2015,Power Plants,Electrical Transmission and Distribution,221122.0,Electric Power Distribution,Puget Holdings LLC,Bellevue,King,Puget Sound Clean Air Agency,2864.0,0.0,0.0,0.0,0.0,0.0,0.0,2864.0,0.0,,1.0,"47.61345, -122.19454",,,POINT (-122.19454 47.61345)
Northwest Pipeline C/S - Sumner,2014,Natural Gas Systems,Natural Gas Transmission/Compression,486210.0,Pipeline Transportation of Natural Gas,"The Williams Companies, Inc.",Sumner,Pierce,Puget Sound Clean Air Agency,28561.0,0.0,27970.0,576.0,16.0,0.0,0.0,0.0,0.0,,2.0,"47.228986, -122.209551",,,POINT (-122.209551 47.228986)
"Gas Transmission Northwest Compressor Station 8, LLC -Wallula",2021,Natural Gas Systems,Natural Gas Transmission/Compression,486210.0,Pipeline Transportation of Natural Gas,TransCanada Northern Border Inc.,Wallula,Walla Walla,Ecology: Eastern Regional Office,136751.0,0.0,134541.0,2135.0,75.0,0.0,0.0,0.0,0.0,,3.0,"46.053153, -118.843934",,,POINT (-118.843934 46.053153)
HF Sinclair Puget Sound Refinery LLC - Anacortes,2021,Petroleum Systems,Petroleum Refineries,324110.0,Petroleum Refineries,HollyFrontier Puget Sound Refining LLC,Anacortes,Skagit,Northwest Clean Air Agency,1837958.0,0.0,1827784.0,6417.0,3757.0,0.0,0.0,0.0,0.0,,4.0,"48.470931, -122.559161",,,POINT (-122.559161 48.470931)
"Vaagen Bros. Lumber, Inc. - Colville",2015,Wood Products,Lumber Mills,321999.0,All Other Miscellaneous Wood Product Manufacturing,Vaagen Bros. Lumber Inc.,Colville,Stevens,Ecology: Eastern Regional Office,44422.0,43836.0,0.0,84.0,501.0,0.0,0.0,0.0,0.0,,2.0,"48.548525, -117.915469",,,POINT (-117.915469 48.548525)
"SEH America, Inc - Vancouver",2015,Manufacturing,Electronics Industry,334413.0,Semiconductor and Related Device Manufacturing,SEH America Inc.,Vancouver,Clark,Southwest Clean Air Agency,9615.0,0.0,9605.0,5.0,5.0,0.0,0.0,0.0,0.0,,1.0,"45.649912, -122.553612",,,POINT (-122.553612 45.649912)
The Boeing Company: DC/MFC - Tukwila,2014,Manufacturing,Transportation Industry,336411.0,Aircraft Manufacturing,The Boeing Company,Tukwila,King,Puget Sound Clean Air Agency,15276.0,0.0,15260.0,7.0,9.0,0.0,0.0,0.0,0.0,,1.0,"47.516246, -122.298613",,,POINT (-122.298613 47.516246)
Imerys Minerals Quincy Plant - Quincy,2014,Minerals,Other Minerals,212399.0,All Other Nonmetallic Mineral Mining,Imerys Filtration Minerals Inc.,Quincy,Grant,Ecology: Eastern Regional Office,21865.0,0.0,21842.0,10.0,12.0,0.0,0.0,0.0,0.0,,1.0,"47.239948, -119.838831",,,POINT (-119.838831 47.239948)
"Boise Cascade Wood Products, LLC.  Kettle Falls Plywood - Kettle Falls",2023,Wood Products,Other Wood Products,321219.0,Reconstituted Wood Product Manufacturing,Boise Cascade Company,Kettle Falls,Stevens,Ecology: Eastern Regional Office,74476.0,56228.0,17480.0,116.0,653.0,0.0,0.0,0.0,0.0,,2.0,"48.613175, -118.116106",,Reporter,POINT (-118.116106 48.613175)
City of Tacoma Solid Waste Facility - Tacoma,2022,Waste,Landfills,562212.0,Solid Waste Landfill,City of Tacoma,Tacoma,Pierce,Puget Sound Clean Air Agency,13811.0,6013.0,0.0,7776.0,22.0,0.0,0.0,0.0,0.0,,1.0,"47.223413, -122.499775",,,POINT (-122.499775 47.223413)
Darigold - Sunnyside,2019,Food Production,Dairy Products,311513.0,Cheese Manufacturing,Darigold Inc.,Sunnyside,Yakima,Yakima Regional Clean Air Agency,42702.0,0.0,42658.0,20.0,24.0,0.0,0.0,0.0,0.0,,2.0,"46.30058, -120.015675",,,POINT (-120.015675 46.30058)
Northwest Hardwoods Inc. - Longview,2016,Wood Products,Lumber Mills,321113.0,Sawmills,Littlejohn & Co. LLC,Longview,Cowlitz,Southwest Clean Air Agency,12808.0,7628.0,5073.0,17.0,90.0,0.0,0.0,0.0,0.0,,1.0,"46.114537, -122.916806",,,POINT (-122.916806 46.114537)
Alon Asphalt Company - Seattle,2016,Petroleum Systems,Other Petroleum Systems,424710.0,Petroleum Bulk Stations and Terminals,Delek US Holdings Inc.,Seattle,King,Puget Sound Clean Air Agency,14096.0,0.0,14069.0,19.0,8.0,0.0,0.0,0.0,0.0,,1.0,"47.781642, -122.395299",,,POINT (-122.395299 47.781642)
Sierra Pacific Industries - Shelton,2016,Wood Products,Lumber Mills,321212.0,Softwood Veneer and Plywood Manufacturing,Simpson Lumber Company LLC,Shelton,Mason,Olympic Region Clean Air Agency,13896.0,13713.0,0.0,26.0,157.0,0.0,0.0,0.0,0.0,,1.0,"47.213448, -123.096517",,,POINT (-123.096517 47.213448)
Michelsen Packaging - Yakima,2019,Pulp and Paper,Other Pulp and Paper,322299.0,All Other Converted Paper Product Manufacturing,Michelson Packaging Co.,Yakima,Yakima,Yakima Regional Clean Air Agency,10695.0,0.0,10685.0,5.0,6.0,0.0,0.0,0.0,0.0,,1.0,"46.604058, -120.513015",,,POINT (-120.513015 46.604058)
"Ed Staub & Sons Petroleum, Inc - Klamath",2022,Supplier,Other Fuel Supplier,424710.0,Petroleum Bulk Stations and Terminals,"Ed Staub & Sons Petroleum, Inc.",Klamath Falls,Klamath,,34176.0,2118.0,31556.0,41.0,461.0,0.0,0.0,0.0,0.0,,,,,,
Tree Top - Prosser,2017,Food Production,Fruit Products,311411.0,"Frozen Fruit, Juice, and Vegetable Manufacturing",Tree Top Inc.,Prosser,Benton,Benton Clean Air Agency,16242.0,0.0,16225.0,8.0,9.0,0.0,0.0,0.0,0.0,,1.0,"46.21842, -119.73397",,,POINT (-119.73397 46.21842)
The Boeing Company - Renton,2020,Manufacturing,Transportation Industry,336411.0,Aircraft Manufacturing,The Boeing Company,Renton,King,Puget Sound Clean Air Agency,14794.0,0.0,14779.0,7.0,8.0,0.0,0.0,0.0,0.0,,1.0,"47.498257, -122.211346",,,POINT (-122.211346 47.498257)
Basic American Foods - Moses Lake,2016,Food Production,Potato Products,311423.0,Dried and Dehydrated Food Manufacturing,Basic American Inc.,Moses Lake,Grant,Ecology: Eastern Regional Office,28977.0,0.0,28947.0,14.0,16.0,0.0,0.0,0.0,0.0,,2.0,"47.075183, -119.220408",,,POINT (-119.220408 47.075183)
Cheyne Landfill - Zillah,2022,Waste,Landfills,562212.0,Solid Waste Landfill,Yakima County Public Services,Zillah,Yakima,Yakima Regional Clean Air Agency,45783.0,0.0,0.0,45783.0,0.0,0.0,0.0,0.0,0.0,,2.0,"46.4785, -120.2688",,,POINT (-120.2688 46.4785)
Matheson - Anacortes,2021,Petroleum Systems,Other Petroleum Systems,325120.0,Industrial Gas Manufacturing,Linde Gas North America LLC,Anacortes,Skagit,Northwest Clean Air Agency,57526.0,0.0,57526.0,0.0,0.0,0.0,0.0,0.0,0.0,,2.0,"48.467646, -122.554343",,,POINT (-122.554343 48.467646)
Air Liquide Electronics Moses Lake Hydrogen Plant,2021,Chemicals,Other Chemicals,325120.0,Industrial Gas Manufacturing,Air Liquide USA Inc.,Moses Lake,Grant,Ecology: Eastern Regional Office,0.0,0.0,0.0,0.0,0.0,0.0,0.0,0.0,0.0,Curtailed in May 2019.,1.0,"47.135844, -119.19962",,,POINT (-119.19962 47.135844)
Northwest Hardwoods Inc. - Mount Vernon,2017,Wood Products,Lumber Mills,321113.0,Sawmills,Littlejohn & Co. LLC,Mount Vernon,Skagit,Northwest Clean Air Agency,10531.0,7441.0,2987.0,16.0,87.0,0.0,0.0,0.0,0.0,,1.0,"48.451642, -122.443028",,,POINT (-122.443028 48.451642)
Fairchild AFB - Spokane Co.,2021,Government,National Security,928110.0,National Security,US Government,Fairchild Air Force Base,Spokane,Spokane Regional Clean Air Agency,12462.0,0.0,12449.0,6.0,7.0,0.0,0.0,0.0,0.0,,1.0,"47.641332, -117.644832",,,POINT (-117.644832 47.641332)
Murphy Veneer - Elma,2019,Wood Products,Other Wood Products,321212.0,Softwood Veneer and Plywood Manufacturing,Murphy Co.,Elma,Grays Harbor,Olympic Region Clean Air Agency,10010.0,0.0,9999.0,5.0,6.0,0.0,0.0,0.0,0.0,,1.0,"47.040323, -123.334339",,,POINT (-123.334339 47.040323)
WaferTech LLC - Camas,2012,Manufacturing,Electronics Industry,334413.0,Semiconductor and Related Device Manufacturing,WaferTech LLC,Camas,Clark,Southwest Clean Air Agency,182166.0,0.0,13943.0,7.0,6560.0,8226.0,87291.0,45978.0,20161.0,Assigned Emissions Level,3.0,"45.619569, -122.454955",,,POINT (-122.454955 45.619569)
Northwest Pipeline Roosevelt C/S - Bickleton,2019,Natural Gas Systems,Natural Gas Transmission/Compression,486210.0,Pipeline Transportation of Natural Gas,"The Williams Companies, Inc.",Bickleton,Klickitat,Ecology: Central Regional Office,35402.0,0.0,31155.0,4229.0,18.0,0.0,0.0,0.0,0.0,,2.0,"45.849504, -120.08083",,,POINT (-120.08083 45.849504)
Olympic View Sanitary Landfill - Bremerton,2023,Waste,Landfills,562212.0,Solid Waste Landfill,Waste Management Inc.,Bremerton,Kitsap,Puget Sound Clean Air Agency,65209.0,1536.0,0.0,63667.0,6.0,0.0,0.0,0.0,0.0,,2.0,"47.501359, -122.783272",,Reporter,POINT (-122.783272 47.501359)
Northwest Pipeline C/S - Sumner,2013,Natural Gas Systems,Natural Gas Transmission/Compression,486210.0,Pipeline Transportation of Natural Gas,"The Williams Companies, Inc.",Sumner,Pierce,Puget Sound Clean Air Agency,19881.0,0.0,19342.0,528.0,11.0,0.0,0.0,0.0,0.0,,1.0,"47.228986, -122.209551",,,POINT (-122.209551 47.228986)
Boeing Commercial Airplanes - Everett,2014,Manufacturing,Transportation Industry,336411.0,Aircraft Manufacturing,The Boeing Company,Everett,Snohomish,Puget Sound Clean Air Agency,73522.0,0.0,73446.0,35.0,42.0,0.0,0.0,0.0,0.0,,2.0,"47.918622, -122.276987",,,POINT (-122.276987 47.918622)
SDS Lumber Company - Bingen,2014,Wood Products,Lumber Mills,321113.0,Sawmills,SDS Lumber Company,Bingen,Klickitat,Ecology: Central Regional Office,110009.0,108451.0,110.0,208.0,1240.0,0.0,0.0,0.0,0.0,,3.0,"45.713913, -121.468688",,,POINT (-121.468688 45.713913)
City of Ellensburg LDC - supplier,2016,Supplier,Natural Gas Supplier,221210.0,Natural Gas Distribution,City of Ellensburg,Ellensburg,Kittitas,,25373.0,0.0,25347.0,12.0,14.0,0.0,0.0,0.0,0.0,,,,,,
"Analog Devices, Inc. - Camas",2017,Manufacturing,Electronics Industry,334413.0,Semiconductor and Related Device Manufacturing,Linear Technology Corporation,Camas,Clark,Southwest Clean Air Agency,22525.0,0.0,2012.0,1.0,1417.0,1803.0,14428.0,2729.0,136.0,,1.0,"45.598844, -122.45232",,,POINT (-122.45232 45.598844)
Guy Bennett Lumber Company - Clarkston,2015,Wood Products,Lumber Mills,321113.0,Sawmills,Bennett Lumber Products Inc.,Clarkston,Asotin,Ecology: Eastern Regional Office,20455.0,20185.0,0.0,39.0,231.0,0.0,0.0,0.0,0.0,,1.0,"46.423108, -117.086487",,,POINT (-117.086487 46.423108)
Riverside Feeders SFL - Kennewick,2020,Livestock,Cattle Feedlots,112112.0,Cattle Feedlots,Easterday Ranches,Kennewick,Benton,Benton Clean Air Agency,19610.0,0.0,2294.0,1343.0,15974.0,0.0,0.0,0.0,0.0,,1.0,"45.991872, -119.136497",,,POINT (-119.136497 45.991872)
Pasco Processing LLC - Pasco,2015,Food Production,Other Food Products,311991.0,Perishable Prepared Food Manufacturing,Oregon Potato Co.,Pasco,Franklin,Ecology: Eastern Regional Office,19224.0,0.0,19204.0,9.0,11.0,0.0,0.0,0.0,0.0,,1.0,"46.28274, -119.097528",,,POINT (-119.097528 46.28274)
Lamb Weston - Warden,2013,Food Production,Potato Products,311411.0,"Frozen Fruit, Juice, and Vegetable Manufacturing","Lamb Weston, Inc.",Warden,Grant,Ecology: Eastern Regional Office,18227.0,0.0,18208.0,9.0,10.0,0.0,0.0,0.0,0.0,,1.0,"46.971504, -119.055427",,,POINT (-119.055427 46.971504)
Reser's Fine Foods Industrial Way Plant - Pasco,2022,Food Production,Other Food Products,311991.0,Perishable Prepared Food Manufacturing,"Resers Fine Foods, Inc",Pasco,Franklin,Ecology: Eastern Regional Office,2974.0,0.0,2970.0,2.0,2.0,0.0,0.0,0.0,0.0,Only year reporting. Voluntary reporter.,1.0,"46.272621, -119.094644",,,POINT (-119.094644 46.272621)
Northwest Pipeline C/S - Chehalis,2019,Natural Gas Systems,Natural Gas Transmission/Compression,486210.0,Pipeline Transportation of Natural Gas,"The Williams Companies, Inc.",Chehalis,Lewis,Southwest Clean Air Agency,3980.0,0.0,2903.0,1076.0,1.0,0.0,0.0,0.0,0.0,,1.0,"46.533325, -122.87373",,,POINT (-122.87373 46.533325)
Steelscape - Kalama,2016,Metals,Other Metals,331221.0,Rolled Steel Shape Manufacturing,NS BlueScope USA LLC,Kalama,Cowlitz,Southwest Clean Air Agency,25336.0,0.0,25310.0,12.0,14.0,0.0,0.0,0.0,0.0,,2.0,"46.04326, -122.871703",,,POINT (-122.871703 46.04326)
Tacoma LNG - Facility,2023,Natural Gas Systems,Natural Gas Local Distribution Companies,221210.0,Natural Gas Distribution,Puget Sound Energy,Tacoma,Pierce,Puget Sound Clean Air Agency,15537.0,0.0,15516.0,21.0,0.0,0.0,0.0,0.0,0.0,,1.0,"47.274788, -122.400326",,Reporter,POINT (-122.400326 47.274788)
Puget Sound Energy - Whitehorn Generating Station - Blaine,2015,Power Plants,Natural Gas Turbine Plants,221112.0,Fossil Fuel Electric Power Generation,Puget Holdings LLC,Blaine,Whatcom,Northwest Clean Air Agency,37884.0,0.0,37844.0,18.0,22.0,0.0,0.0,0.0,0.0,,2.0,"48.885475, -122.724299",,,POINT (-122.724299 48.885475)
"Boise Cascade Wood Products, LLC.  Kettle Falls Lumber - Kettle Falls",2013,Wood Products,Lumber Mills,321912.0,"Cut Stock, Resawing Lumber, and Planing",Boise Cascade Company,Kettle Falls,Stevens,Ecology: Eastern Regional Office,56885.0,56136.0,0.0,108.0,642.0,0.0,0.0,0.0,0.0,,2.0,"48.609799, -118.067441",,,POINT (-118.067441 48.609799)
Cascade Natural Gas Corporation - supplier,2022,Supplier,Natural Gas Supplier,221210.0,Natural Gas Distribution,"MDU Resources Group, Inc.",Kennewick,Benton,,1807265.0,0.0,1805401.0,851.0,1014.0,0.0,0.0,0.0,0.0,,,,,,
H.W. Hill Landfill Gas Power Plant - Roosevelt,2021,Power Plants,"Other Power, Heating, or Cooling Plants",221119.0,Other Electric Power Generation,Public Utility District No. 1 of Klickitat County,Roosevelt,Klickitat,Ecology: Central Regional Office,1423.0,0.0,1422.0,1.0,1.0,0.0,0.0,0.0,0.0,"Last year reporting. 3 consecutive years of GHG emissions below 5,000 MTCO2e.",1.0,"45.807765, -120.166354",,,POINT (-120.166354 45.807765)
Weyerhaeuser Raymond Lumber - Raymond,2023,Wood Products,Lumber Mills,321113.0,Sawmills,Weyerhaeuser Co.,Raymond,Pacific,Olympic Region Clean Air Agency,33233.0,32795.0,0.0,63.0,375.0,0.0,0.0,0.0,0.0,,2.0,"46.688088, -123.737495",,Reporter,POINT (-123.737495 46.688088)
"Rainier Veneer, Inc. - Spanaway",2017,Wood Products,Other Wood Products,321212.0,Softwood Veneer and Plywood Manufacturing,Rainier Veneer Inc.,Spanaway,Pierce,Puget Sound Clean Air Agency,18569.0,16721.0,1624.0,33.0,192.0,0.0,0.0,0.0,0.0,,1.0,"47.062059, -122.318981",,,POINT (-122.318981 47.062059)
"Rainier Veneer, Inc. - Spanaway",2022,Wood Products,Other Wood Products,321212.0,Softwood Veneer and Plywood Manufacturing,Rainier Veneer Inc.,Spanaway,Pierce,Puget Sound Clean Air Agency,17353.0,14604.0,2551.0,29.0,168.0,0.0,0.0,0.0,0.0,,1.0,"47.062059, -122.318981",,,POINT (-122.318981 47.062059)
Eastern Washington University,2019,Government,Education,611310.0,"Colleges, Universities, and Professional Schools",State of Washington,Cheney,Spokane,Spokane Regional Clean Air Agency,13367.0,0.0,13353.0,7.0,8.0,0.0,0.0,0.0,0.0,,1.0,"47.490091, -117.579702",,,POINT (-117.579702 47.490091)
River Road Generating Plant - Vancouver,2021,Power Plants,Natural Gas Turbine Plants,221112.0,Fossil Fuel Electric Power Generation,Clark Public Utilities,Vancouver,Clark,Southwest Clean Air Agency,737163.0,0.0,736414.0,342.0,407.0,0.0,0.0,0.0,0.0,,3.0,"45.64958, -122.724806",,,POINT (-122.724806 45.64958)
Cowlitz County Tennant Way Landfill - Longview,2014,Waste,Landfills,562212.0,Solid Waste Landfill,Cowlitz County Washington,Longview,Cowlitz,Southwest Clean Air Agency,10826.0,0.0,0.0,10826.0,0.0,0.0,0.0,0.0,0.0,,1.0,"46.107229, -122.905601",,,POINT (-122.905601 46.107229)
Chevron U.S.A. Inc.,2022,Supplier,Other Fuel Supplier,424710.0,Petroleum Bulk Stations and Terminals,Chevron Corporation,San Ramon,Contra Costa,,3148439.0,195670.0,2902054.0,4231.0,46483.0,0.0,0.0,0.0,0.0,,,,,,
Georgia-Pacific Consumer Operations LLC - Camas,2019,Pulp and Paper,Kraft Mills,322120.0,Paper Mills,Koch Industries Inc.,Camas,Clark,Ecology: Industrial Section,95534.0,0.0,88970.0,6515.0,50.0,0.0,0.0,0.0,0.0,Pulp production shut down in 2018,2.0,"45.584271, -122.40843",,,POINT (-122.40843 45.584271)
Roosevelt Regional Landfill - Roosevelt,2021,Waste,Landfills,562212.0,Solid Waste Landfill,"Republic Services, Inc.",Roosevelt,Klickitat,Ecology: Central Regional Office,244655.0,0.0,329.0,244326.0,1.0,0.0,0.0,0.0,0.0,,3.0,"45.807146, -120.179785",,,POINT (-120.179785 45.807146)
Cathcart Landfill - Snohomish,2015,Waste,Landfills,562212.0,Solid Waste Landfill,Snohomish County,Snohomish,Snohomish,Puget Sound Clean Air Agency,23520.0,0.0,190.0,23329.0,0.0,0.0,0.0,0.0,0.0,,1.0,"47.870014, -122.118284",,,POINT (-122.118284 47.870014)
"North Pacific Paper Company, LLC - Longview",2018,Pulp and Paper,Other Pulp and Paper,322122.0,Newsprint Mills,NP Paper Investor Holdings LLC,Longview,Cowlitz,Southwest Clean Air Agency,37345.0,0.0,37306.0,18.0,21.0,0.0,0.0,0.0,0.0,Formerly part of Nippon Dynawave before 2016.,2.0,"46.125662, -122.976788",,,POINT (-122.976788 46.125662)
Northwest Hardwoods Inc. - Centralia,2012,Wood Products,Lumber Mills,321113.0,Sawmills,Littlejohn & Co. LLC,Centralia,Lewis,Southwest Clean Air Agency,13136.0,7186.0,5787.0,64.0,99.0,0.0,0.0,0.0,0.0,,1.0,"46.734454, -122.991963",,,POINT (-122.991963 46.734454)
Seattle-Tacoma International Airport - Seattle,2015,Government,Other Government,488119.0,Other Airport Operations,Port of Seattle,Seattle,King,Puget Sound Clean Air Agency,13660.0,0.0,13645.0,7.0,8.0,0.0,0.0,0.0,0.0,,1.0,"47.443643, -122.302452",,,POINT (-122.302452 47.443643)
Darigold - Sunnyside,2014,Food Production,Dairy Products,311513.0,Cheese Manufacturing,Darigold Inc.,Sunnyside,Yakima,Yakima Regional Clean Air Agency,18329.0,0.0,18310.0,9.0,10.0,0.0,0.0,0.0,0.0,,1.0,"46.30058, -120.015675",,,POINT (-120.015675 46.30058)
Lamb Weston - Warden,2018,Food Production,Potato Products,311411.0,"Frozen Fruit, Juice, and Vegetable Manufacturing","Lamb Weston, Inc.",Warden,Grant,Ecology: Eastern Regional Office,18006.0,0.0,17987.0,9.0,10.0,0.0,0.0,0.0,0.0,,1.0,"46.971504, -119.055427",,,POINT (-119.055427 46.971504)
Avista Corporation - WA State DOE Reporting - statewide,2014,Natural Gas Systems,Natural Gas Local Distribution Companies,221121.0,Electric Bulk Power Transmission and Control,Avista Corp.,Spokane,Spokane,Spokane Regional Clean Air Agency,16420.0,0.0,18.0,15234.0,0.0,0.0,0.0,1167.0,0.0,,1.0,"47.673486, -117.388514",,,POINT (-117.388514 47.673486)
"Boise Cascade Wood Products, LLC.  Kettle Falls Lumber - Kettle Falls",2018,Wood Products,Lumber Mills,321912.0,"Cut Stock, Resawing Lumber, and Planing",Boise Cascade Company,Kettle Falls,Stevens,Ecology: Eastern Regional Office,57150.0,56397.0,0.0,108.0,645.0,0.0,0.0,0.0,0.0,,2.0,"48.609799, -118.067441",,,POINT (-118.067441 48.609799)
Puget Sound Energy - Ferndale Generating Station - Ferndale,2017,Power Plants,Natural Gas Turbine Plants,221112.0,Fossil Fuel Electric Power Generation,Puget Holdings LLC,Ferndale,Whatcom,Northwest Clean Air Agency,350887.0,0.0,350531.0,163.0,194.0,0.0,0.0,0.0,0.0,,3.0,"48.828707, -122.685533",,,POINT (-122.685533 48.828707)
Steelscape - Kalama,2021,Metals,Other Metals,331221.0,Rolled Steel Shape Manufacturing,NS BlueScope USA LLC,Kalama,Cowlitz,Southwest Clean Air Agency,22183.0,0.0,22160.0,11.0,13.0,0.0,0.0,0.0,0.0,,1.0,"46.04326, -122.871703",,,POINT (-122.871703 46.04326)
Lamb Weston - Warden,2012,Food Production,Potato Products,311411.0,"Frozen Fruit, Juice, and Vegetable Manufacturing","Lamb Weston, Inc.",Warden,Grant,Ecology: Eastern Regional Office,17141.0,0.0,17123.0,8.0,10.0,0.0,0.0,0.0,0.0,,1.0,"46.971504, -119.055427",,,POINT (-119.055427 46.971504)
University of Washington Seattle Campus - Seattle,2015,Government,Education,611310.0,"Colleges, Universities, and Professional Schools",State of Washington,Seattle,King,Puget Sound Clean Air Agency,82430.0,0.0,82345.0,39.0,46.0,0.0,0.0,0.0,0.0,,2.0,"47.653614, -122.303608",,,POINT (-122.303608 47.653614)
U.S. Oil & Refining Co. - Tacoma,2018,Petroleum Systems,Petroleum Refineries,324110.0,Petroleum Refineries,Par Pacific Holdings Inc.,Tacoma,Pierce,Puget Sound Clean Air Agency,139445.0,0.0,138230.0,748.0,467.0,0.0,0.0,0.0,0.0,,3.0,"47.256813, -122.394952",,,POINT (-122.394952 47.256813)
Providence Sacred Heart Medical Center - Spokane,2021,Health Care,Hospitals,622110.0,General Medical and Surgical Hospitals,Providence Health Services,Spokane,Spokane,Spokane Regional Clean Air Agency,11774.0,0.0,11762.0,6.0,7.0,0.0,0.0,0.0,0.0,,1.0,"47.648848, -117.412461",,,POINT (-117.412461 47.648848)
Frito Lay - Vancouver,2023,Food Production,Other Food Products,311919.0,Other Snack Food Manufacturing,PepsiCo Inc,Vancouver,Clark,Southwest Clean Air Agency,13363.0,0.0,13350.0,6.0,7.0,0.0,0.0,0.0,0.0,,1.0,"45.657037, -122.692",,Reporter,POINT (-122.692 45.657037)
Lamb Weston - Quincy,2013,Food Production,Potato Products,311411.0,"Frozen Fruit, Juice, and Vegetable Manufacturing","Lamb Weston, Inc.",Quincy,Grant,Ecology: Eastern Regional Office,39846.0,0.0,39804.0,19.0,23.0,0.0,0.0,0.0,0.0,,2.0,"47.234413, -119.869914",,,POINT (-119.869914 47.234413)
WestRock LLC - Longview,2013,Pulp and Paper,Kraft Mills,322130.0,Paperboard Mills,Westrock Corp.,Longview,Cowlitz,Ecology: Industrial Section,1729898.0,1535785.0,188074.0,1284.0,4755.0,0.0,0.0,0.0,0.0,,4.0,"46.10361, -122.92167",,,POINT (-122.92167 46.10361)
DH Feeders - Eltopia,2017,Livestock,Cattle Feedlots,112112.0,Cattle Feedlots,Easterday Ranches,Eltopia,Franklin,Ecology: Eastern Regional Office,13991.0,0.0,1067.0,1002.0,11923.0,0.0,0.0,0.0,0.0,,1.0,"46.50919, -118.881203",,,POINT (-118.881203 46.50919)
LANXESS Corporation - Kalama,2015,Chemicals,Other Chemicals,325199.0,All Other Basic Organic Chemical Manufacturing,Emerald Performance Materials LLC,Kalama,Cowlitz,Southwest Clean Air Agency,69314.0,0.0,69242.0,33.0,39.0,0.0,0.0,0.0,0.0,,2.0,"46.02191, -122.85698",,,POINT (-122.85698 46.02191)
DH Feeders - Eltopia,2022,Livestock,Cattle Feedlots,112112.0,Cattle Feedlots,Easterday Ranches,Eltopia,Franklin,Ecology: Eastern Regional Office,15771.0,0.0,1106.0,1150.0,13515.0,0.0,0.0,0.0,0.0,Voluntary reporter.  Manure management reporting repealed by Legislature.,1.0,"46.50919, -118.881203",,,POINT (-118.881203 46.50919)
Public Utility District No.1 of Cowlitz County,2022,Power,COU,2211.0,"Electric Power Generation, Transmission and Distribution",Public Utility District No.1 of Cowlitz County,Longview,Cowlitz,,116085.0,,,,,,,,,,,,,,
Tree Top - Selah Campus,2012,Food Production,Fruit Products,311423.0,Dried and Dehydrated Food Manufacturing,Tree Top Inc.,Selah,Yakima,Yakima Regional Clean Air Agency,17458.0,0.0,17440.0,8.0,10.0,0.0,0.0,0.0,0.0,,1.0,"46.64992, -120.52755",,,POINT (-120.52755 46.64992)
Cosmo Specialty Fibers Inc - Cosmopolis,2014,Pulp and Paper,Sulfite Mills,322110.0,Pulp Mills,Cosmo Specialty Fibers Inc.,Cosmopolis,Grays Harbor,Ecology: Industrial Section,480378.0,451065.0,22511.0,4768.0,2033.0,0.0,0.0,0.0,0.0,,3.0,"46.952907, -123.76211",,,POINT (-123.76211 46.952907)
REC Solar Grade Silicon - Moses Lake,2017,Metals,Other Metals,331410.0,Primary Smelting and Refining of Nonferrous Metal (except Copper and Aluminum),REC Silicon,Moses Lake,Grant,Ecology: Eastern Regional Office,71340.0,0.0,71267.0,34.0,40.0,0.0,0.0,0.0,0.0,,2.0,"47.138359, -119.200383",,,POINT (-119.200383 47.138359)
Weyerhaeuser Raymond Lumber - Raymond,2018,Wood Products,Lumber Mills,321113.0,Sawmills,Weyerhaeuser Co.,Raymond,Pacific,Olympic Region Clean Air Agency,45103.0,44508.0,0.0,86.0,509.0,0.0,0.0,0.0,0.0,,2.0,"46.688088, -123.737495",,,POINT (-123.737495 46.688088)
Naval Base Kitsap - Bremerton,2023,Government,National Security,928110.0,National Security,US Government,Bremerton,Kitsap,Puget Sound Clean Air Agency,41809.0,0.0,41765.0,20.0,24.0,0.0,0.0,0.0,0.0,,2.0,"47.557047, -122.645933",,Reporter,POINT (-122.645933 47.557047)
Terrace Heights Landfill - Yakima,2013,Waste,Landfills,562212.0,Solid Waste Landfill,Yakima County Public Services - Solid Waste Division,Yakima,Yakima,Yakima Regional Clean Air Agency,104727.0,0.0,32.0,104695.0,0.0,0.0,0.0,0.0,0.0,,3.0,"46.610031, -120.39408",,,POINT (-120.39408 46.610031)
"Bio Energy Washington, LLC - Maple Valley",2012,Power Plants,"Other Power, Heating, or Cooling Plants",221119.0,Other Electric Power Generation,Bio Energy Washington,Maple Valley,King,Puget Sound Clean Air Agency,13660.0,12735.0,857.0,20.0,48.0,0.0,0.0,0.0,0.0,,1.0,"47.455871, -122.041817",,,POINT (-122.041817 47.455871)
Ash Grove Cement Company - Seattle,2020,Minerals,Cement Production,327310.0,Cement Manufacturing,Ash Grove Cement Co.,Seattle,King,Puget Sound Clean Air Agency,346185.0,0.0,345515.0,266.0,404.0,0.0,0.0,0.0,0.0,,3.0,"47.56799, -122.34255",,,POINT (-122.34255 47.56799)
PUD #1 of Snohomish County - Everett,2023,Power,COU,221118.0,Other Electric Power Generation,PUD #1 of Snohomish County,Everett,Snohomish,,171346.0,,,,,,,,,,,,168934.0,Covered Entity,
Port Townsend Paper Corporation - Port Townsend,2016,Pulp and Paper,Kraft Mills,322121.0,Paper (except Newsprint) Mills,Port Townsend Paper Corp.,Port Townsend,Jefferson,Ecology: Industrial Section,490011.0,422794.0,62209.0,2405.0,2604.0,0.0,0.0,0.0,0.0,,3.0,"48.093793, -122.796806",,,POINT (-122.796806 48.093793)
Ardagh Glass Inc. - Seattle,2022,Minerals,Glass Production,327213.0,Glass Container Manufacturing,Ardagh Holdings USA Inc.,Seattle,King,Puget Sound Clean Air Agency,54049.0,0.0,54006.0,20.0,23.0,0.0,0.0,0.0,0.0,,2.0,"47.55242, -122.33739",,,POINT (-122.33739 47.55242)
Puget Sound Energy LDC Supplier - Bellevue,2022,Supplier,Natural Gas Supplier,221210.0,Natural Gas Distribution,"Puget Holdings, LLC",Bellevue,King,,5585682.0,18887.0,5561032.0,2629.0,3134.0,0.0,0.0,0.0,0.0,,,,,,
HF Sinclair Puget Sound Refinery LLC - Anacortes,2014,Petroleum Systems,Petroleum Refineries,324110.0,Petroleum Refineries,HollyFrontier Puget Sound Refining LLC,Anacortes,Skagit,Northwest Clean Air Agency,1808404.0,0.0,1797549.0,6921.0,3934.0,0.0,0.0,0.0,0.0,Assigned Emissions Level,4.0,"48.470931, -122.559161",,,POINT (-122.559161 48.470931)
McCain Foods - Othello,2019,Food Production,Potato Products,311411.0,"Frozen Fruit, Juice, and Vegetable Manufacturing",McCain USA Inc.,Othello,Adams,Ecology: Eastern Regional Office,63938.0,0.0,35432.0,28486.0,20.0,0.0,0.0,0.0,0.0,,2.0,"46.840102, -119.172705",,,POINT (-119.172705 46.840102)
NW Natural - Portland,2012,Natural Gas Systems,Natural Gas Local Distribution Companies,221210.0,Natural Gas Distribution,NW Natural,Portland,Multnomah,Southwest Clean Air Agency,6441.0,0.0,9.0,6432.0,0.0,0.0,0.0,0.0,0.0,,1.0,"45.516631, -122.675749",,,POINT (-122.675749 45.516631)
Horn Rapids Sanitary Landfill - Richland,2012,Waste,Landfills,562212.0,Solid Waste Landfill,City of Richland,Richland,Benton,Benton Clean Air Agency,20350.0,0.0,0.0,20350.0,0.0,0.0,0.0,0.0,0.0,,1.0,"46.346663, -119.348118",,,POINT (-119.348118 46.346663)
Puget Sound Energy - Fredonia Generating Station - Mount Vernon,2023,Power Plants,Natural Gas Turbine Plants,221112.0,Fossil Fuel Electric Power Generation,Puget Holdings LLC,Mount Vernon,Skagit,Northwest Clean Air Agency,641257.0,0.0,640595.0,301.0,361.0,0.0,0.0,0.0,0.0,,3.0,"48.4553, -122.435",641250.0,Covered Entity,POINT (-122.435 48.4553)
Sierra Pacific Industries - Aberdeen,2021,Wood Products,Lumber Mills,321113.0,Sawmills,Sierra Pacific Industries,Aberdeen,Grays Harbor,Olympic Region Clean Air Agency,175707.0,171319.0,1216.0,456.0,2716.0,0.0,0.0,0.0,0.0,,3.0,"46.971875, -123.775526",,,POINT (-123.775526 46.971875)
Georgia-Pacific Gypsum LLC - Tacoma,2013,Manufacturing,Building Products,327420.0,Gypsum Product Manufacturing,Koch Industries Inc.,Tacoma,Pierce,Puget Sound Clean Air Agency,45053.0,0.0,45006.0,21.0,25.0,0.0,0.0,0.0,0.0,,2.0,"47.269558, -122.394869",,,POINT (-122.394869 47.269558)
Costco Wholesale Corporation - Issaquah,2023,Supplier,Other Fuel Supplier,455219.0,All Other General Merchandise Retailers,Costco Wholesale Corp,Issaquah,King,,19166.0,1151.0,17665.0,28.0,322.0,0.0,0.0,0.0,0.0,,,,,Reporter,
Puget Sound Energy LDC Facility - Bellevue,2012,Natural Gas Systems,Natural Gas Local Distribution Companies,221210.0,Natural Gas Distribution,Puget Holdings LLC,Bellevue,King,Puget Sound Clean Air Agency,51652.0,0.0,76.0,51576.0,0.0,0.0,0.0,0.0,0.0,,2.0,"47.61345, -122.19454",,,POINT (-122.19454 47.61345)
"Rainier Veneer, Inc. - Spanaway",2014,Wood Products,Other Wood Products,321212.0,Softwood Veneer and Plywood Manufacturing,Rainier Veneer Inc.,Spanaway,Pierce,Puget Sound Clean Air Agency,19578.0,18728.0,600.0,36.0,215.0,0.0,0.0,0.0,0.0,,1.0,"47.062059, -122.318981",,,POINT (-122.318981 47.062059)
Tree Top - Wenatchee,2022,Food Production,Fruit Products,311423.0,Dried and Dehydrated Food Manufacturing,Tree Top Inc.,Wenatchee,Chelan,Ecology: Central Regional Office,11178.0,0.0,11166.0,5.0,6.0,0.0,0.0,0.0,0.0,,1.0,"47.48938, -120.31426",,,POINT (-120.31426 47.48938)
Northwest Pipeline Roosevelt C/S - Bickleton,2023,Natural Gas Systems,Natural Gas Transmission/Compression,486210.0,Pipeline Transportation of Natural Gas,"The Williams Companies, Inc.",Bickleton,Klickitat,Ecology: Central Regional Office,11251.0,0.0,9448.0,1797.0,5.0,0.0,0.0,0.0,0.0,,1.0,"45.849504, -120.08083",11251.0,Covered Entity,POINT (-120.08083 45.849504)
Jackson Food Stores - Meridian,2022,Supplier,Other Fuel Supplier,,,Jacksons Food Stores inc,Meridian,Ada,,78569.0,5072.0,72210.0,105.0,1183.0,0.0,0.0,0.0,0.0,,,,,,
McKinley Paper Co. - Washington Mill - Port Angeles,2023,Pulp and Paper,Other Pulp and Paper,322121.0,Paper (except Newsprint) Mills,McKinley Paper Co.,Port Angeles,Clallam,Olympic Region Clean Air Agency,186059.0,179313.0,541.0,4153.0,2052.0,0.0,0.0,0.0,0.0,,3.0,"48.134623, -123.467524",,Reporter,POINT (-123.467524 48.134623)
Naval Air Station Whidbey Island - Oak Harbor,2015,Government,National Security,928110.0,National Security,US Government,Oak Harbor,Island,Northwest Clean Air Agency,14018.0,0.0,14004.0,7.0,8.0,0.0,0.0,0.0,0.0,,1.0,"48.345281, -122.669741",,,POINT (-122.669741 48.345281)
J.R. Simplot Company - Othello,2014,Food Production,Potato Products,311411.0,"Frozen Fruit, Juice, and Vegetable Manufacturing",J.R. Simplot Company,Othello,Adams,Ecology: Eastern Regional Office,87301.0,0.0,46809.0,40466.0,26.0,0.0,0.0,0.0,0.0,,2.0,"46.837778, -119.176389",,,POINT (-119.176389 46.837778)
Northwest Pipeline C/S - Goldendale,2016,Natural Gas Systems,Natural Gas Transmission/Compression,486210.0,Pipeline Transportation of Natural Gas,"The Williams Companies, Inc.",Goldendale,Klickitat,Ecology: Central Regional Office,20352.0,0.0,17293.0,3049.0,10.0,0.0,0.0,0.0,0.0,,1.0,"45.771216, -120.799267",,,POINT (-120.799267 45.771216)
Darigold - Chehalis,2015,Food Production,Dairy Products,311514.0,"Dry, Condensed, and Evaporated Dairy Product Manufacturing",Darigold Inc.,Chehalis,Lewis,Southwest Clean Air Agency,14732.0,0.0,14718.0,7.0,8.0,0.0,0.0,0.0,0.0,,1.0,"46.659952, -122.970162",,,POINT (-122.970162 46.659952)
Puget Sound Energy - Frederickson Generating Station - Tacoma,2016,Power Plants,Natural Gas Turbine Plants,221112.0,Fossil Fuel Electric Power Generation,Puget Holdings LLC,Tacoma,Pierce,Puget Sound Clean Air Agency,30296.0,0.0,30265.0,14.0,17.0,0.0,0.0,0.0,0.0,,2.0,"47.079716, -122.364711",,,POINT (-122.364711 47.079716)
WaferTech LLC - Camas,2023,Manufacturing,Electronics Industry,334413.0,Semiconductor and Related Device Manufacturing,WaferTech LLC,Camas,Clark,Southwest Clean Air Agency,73391.0,0.0,14776.0,7.0,5368.0,7671.0,19186.0,9879.0,16503.0,,2.0,"45.619569, -122.454955",73259.0,Covered Entity,POINT (-122.454955 45.619569)
Fairchild AFB - Spokane Co.,2016,Government,National Security,928110.0,National Security,US Government,Fairchild Air Force Base,Spokane,Spokane Regional Clean Air Agency,11287.0,0.0,11275.0,5.0,6.0,0.0,0.0,0.0,0.0,,1.0,"47.641332, -117.644832",,,POINT (-117.644832 47.641332)
bp Cherry Point Refinery - Blaine,2018,Petroleum Systems,Petroleum Refineries,324110.0,Petroleum Refineries,BP America Inc.,Blaine,Whatcom,Northwest Clean Air Agency,1987668.0,0.0,1976765.0,6618.0,4284.0,0.0,0.0,0.0,0.0,,4.0,"48.8864, -122.7353",,,POINT (-122.7353 48.8864)
Matheson - Anacortes,2016,Petroleum Systems,Other Petroleum Systems,325120.0,Industrial Gas Manufacturing,Linde Gas North America LLC,Anacortes,Skagit,Northwest Clean Air Agency,55071.0,0.0,55071.0,0.0,0.0,0.0,0.0,0.0,0.0,,2.0,"48.467646, -122.554343",,,POINT (-122.554343 48.467646)
KIROS Energy Marketing ULC - Calgary,2023,Supplier,Other Fuel Supplier,424720.0,Petroleum and Petroleum Products Merchant Wholesalers (except Bulk Stations and Terminals),Kiros Energy Marketing ULC,Calgary,MD of Foothills No. 31,,82643.0,0.0,82312.0,98.0,234.0,0.0,0.0,0.0,0.0,,,,37318.0,Covered Entity,
Hampton Lumber Mills Washington Inc. - Randle,2016,Wood Products,Lumber Mills,321113.0,Sawmills,Hampton Lumber Mills Washington Inc.,Randle,Lewis,Southwest Clean Air Agency,63442.0,62606.0,0.0,120.0,716.0,0.0,0.0,0.0,0.0,,2.0,"46.533743, -121.917906",,,POINT (-121.917906 46.533743)
"The Energy Authority, Inc. - Jacksonville",2022,Power,Marketer,221122.0,Electric Power Distribution,"The Energy Authority, Inc.",Jacksonville,Duval,,7691.0,,,,,,,,,,,,,,
Northwest Pipeline Willard C/S - Cook,2019,Natural Gas Systems,Natural Gas Transmission/Compression,486210.0,Pipeline Transportation of Natural Gas,"The Williams Companies, Inc.",Cook,Skamania,Southwest Clean Air Agency,30842.0,0.0,28544.0,2283.0,16.0,0.0,0.0,0.0,0.0,,2.0,"45.778087, -121.626311",,,POINT (-121.626311 45.778087)
Western Washington University - Bellingham,2012,Government,Education,611310.0,"Colleges, Universities, and Professional Schools",Western Washington University,Bellingham,Whatcom,Northwest Clean Air Agency,11924.0,0.0,11912.0,6.0,7.0,0.0,0.0,0.0,0.0,,1.0,"48.736499, -122.484714",,,POINT (-122.484714 48.736499)
McKinley Paper Co. - Washington Mill - Port Angeles,2020,Pulp and Paper,Other Pulp and Paper,322121.0,Paper (except Newsprint) Mills,McKinley Paper Co.,Port Angeles,Clallam,Olympic Region Clean Air Agency,72035.0,66823.0,394.0,4053.0,765.0,0.0,0.0,0.0,0.0,,2.0,"48.134623, -123.467524",,,POINT (-123.467524 48.134623)
Portland General Electric Company - Portland,2022,Power,IOU,2211.0,"Electric Power Generation, Transmission and Distribution",Portland General Electric Company,Portland,Multnomah,,168311.0,,,,,,,,,,,,,,
Simplot Feeders LTD. - Burbank,2013,Livestock,Cattle Feedlots,112112.0,Cattle Feedlots,J.R. Simplot Company,Burbank,Walla Walla,Ecology: Eastern Regional Office,26027.0,0.0,0.0,1874.0,24153.0,0.0,0.0,0.0,0.0,,2.0,"46.133131, -118.90629",,,POINT (-118.90629 46.133131)
Puget Sound Energy - Fredonia Generating Station - Mount Vernon,2012,Power Plants,Natural Gas Turbine Plants,221112.0,Fossil Fuel Electric Power Generation,Puget Holdings LLC,Mount Vernon,Skagit,Northwest Clean Air Agency,28514.0,0.0,28477.0,15.0,21.0,0.0,0.0,0.0,0.0,,2.0,"48.4553, -122.435",,,POINT (-122.435 48.4553)
Air Liquide Hydrogen Plant  - Anacortes,2020,Petroleum Systems,Other Petroleum Systems,325120.0,Industrial Gas Manufacturing,Air Liquide USA Inc.,Anacortes,Skagit,Northwest Clean Air Agency,61784.0,0.0,61784.0,0.0,0.0,0.0,0.0,0.0,0.0,,2.0,"48.465617, -122.556032",,,POINT (-122.556032 48.465617)
Fairchild AFB - Spokane Co.,2014,Government,National Security,928110.0,National Security,US Government,Fairchild Air Force Base,Spokane,Spokane Regional Clean Air Agency,12683.0,0.0,12670.0,6.0,7.0,0.0,0.0,0.0,0.0,,1.0,"47.641332, -117.644832",,,POINT (-117.644832 47.641332)
Puget Sound Energy LDC Facility - Bellevue,2020,Natural Gas Systems,Natural Gas Local Distribution Companies,221210.0,Natural Gas Distribution,Puget Holdings LLC,Bellevue,King,Puget Sound Clean Air Agency,64322.0,0.0,1144.0,63178.0,1.0,0.0,0.0,0.0,0.0,,2.0,"47.61345, -122.19454",,,POINT (-122.19454 47.61345)
LANXESS Corporation - Kalama,2017,Chemicals,Other Chemicals,325199.0,All Other Basic Organic Chemical Manufacturing,Emerald Performance Materials LLC,Kalama,Cowlitz,Southwest Clean Air Agency,67725.0,0.0,67655.0,32.0,38.0,0.0,0.0,0.0,0.0,,2.0,"46.02191, -122.85698",,,POINT (-122.85698 46.02191)
Nutrien US LLC. - Kennewick,2020,Chemicals,Fertilizer Production,325311.0,Nitrogenous Fertilizer Manufacturing,Agrium US Inc.,Kennewick,Benton,Benton Clean Air Agency,144928.0,0.0,10847.0,1.0,134080.0,0.0,0.0,0.0,0.0,,3.0,"46.165957, -119.017218",,,POINT (-119.017218 46.165957)
Avista Corporation - supplier,2015,Supplier,Natural Gas Supplier,,,Avista Corporation,Spokane,Spokane,,914651.0,0.0,913708.0,431.0,513.0,0.0,0.0,0.0,0.0,,,,,,
Georgia-Pacific Gypsum LLC - Tacoma,2018,Manufacturing,Building Products,327420.0,Gypsum Product Manufacturing,Koch Industries Inc.,Tacoma,Pierce,Puget Sound Clean Air Agency,49065.0,0.0,49015.0,23.0,27.0,0.0,0.0,0.0,0.0,,2.0,"47.269558, -122.394869",,,POINT (-122.394869 47.269558)
"Analog Devices, Inc. - Camas",2014,Manufacturing,Electronics Industry,334413.0,Semiconductor and Related Device Manufacturing,Linear Technology Corporation,Camas,Clark,Southwest Clean Air Agency,30091.0,0.0,1663.0,1.0,1110.0,1322.0,22666.0,3185.0,144.0,,2.0,"45.598844, -122.45232",,,POINT (-122.45232 45.598844)
Goodrich Corporation - Spokane,2015,Manufacturing,Transportation Industry,336413.0,Other Aircraft Parts and Auxiliary Equipment Manufacturing,Raytheon Technologies Corp,Spokane,Spokane,Spokane Regional Clean Air Agency,42844.0,0.0,42805.0,18.0,21.0,0.0,0.0,0.0,0.0,,2.0,"47.583604, -117.568511",,,POINT (-117.568511 47.583604)
Owens-Brockway Glass Container Inc Plant #2 - Kalama,2012,Minerals,Glass Production,327213.0,Glass Container Manufacturing,O-I Glass Inc.,Kalama,Cowlitz,Southwest Clean Air Agency,10090.0,0.0,10084.0,3.0,3.0,0.0,0.0,0.0,0.0,,1.0,"46.031656, -122.866241",,,POINT (-122.866241 46.031656)
Horn Rapids Sanitary Landfill - Richland,2017,Waste,Landfills,562212.0,Solid Waste Landfill,City of Richland,Richland,Benton,Benton Clean Air Agency,18036.0,0.0,0.0,18036.0,0.0,0.0,0.0,0.0,0.0,,1.0,"46.346663, -119.348118",,,POINT (-119.348118 46.346663)
"Hartland Fuel Products, LLC dba HTP Energy",2022,Supplier,Other Fuel Supplier,424720.0,Petroleum and Petroleum Products Merchant Wholesalers (except Bulk Stations and Terminals),"PetroEnergy, LLC",Onalaska,La Crosse,,596816.0,0.0,595129.0,483.0,1204.0,0.0,0.0,0.0,0.0,,,,,,
Parkland Corporation - Calgary,2023,Supplier,Other Fuel Supplier,,,Parkland Corporation,Calgary,MD of Foothills No. 31,,13865.0,0.0,13854.0,2.0,10.0,0.0,0.0,0.0,0.0,,,,13865.0,Covered Entity,
CertainTeed Gypsum - Seattle,2021,Manufacturing,Building Products,327420.0,Gypsum Product Manufacturing,Saint-Gobain Corporation,Seattle,King,Puget Sound Clean Air Agency,55216.0,0.0,55159.0,26.0,31.0,0.0,0.0,0.0,0.0,,2.0,"47.548056, -122.336944",,,POINT (-122.336944 47.548056)
The Boeing Company - Fabrication (Frederickson Site) - Puyallup,2019,Manufacturing,Transportation Industry,336411.0,Aircraft Manufacturing,The Boeing Company,Puyallup,Pierce,Puget Sound Clean Air Agency,19016.0,0.0,18997.0,9.0,11.0,0.0,0.0,0.0,0.0,,1.0,"47.088831, -122.34862",,,POINT (-122.34862 47.088831)
Western Washington University - Bellingham,2023,Government,Education,611310.0,"Colleges, Universities, and Professional Schools",Western Washington University,Bellingham,Whatcom,Northwest Clean Air Agency,11165.0,0.0,11154.0,5.0,6.0,0.0,0.0,0.0,0.0,,1.0,"48.736499, -122.484714",,Reporter,POINT (-122.484714 48.736499)
Northwest Pipeline C/S - Sumas,2019,Natural Gas Systems,Natural Gas Transmission/Compression,486210.0,Pipeline Transportation of Natural Gas,"The Williams Companies, Inc.",Sumas,Whatcom,Northwest Clean Air Agency,79135.0,0.0,75413.0,3680.0,42.0,0.0,0.0,0.0,0.0,,2.0,"49.001, -122.2214",,,POINT (-122.2214 49.001)
Basic American Foods - Moses Lake,2020,Food Production,Potato Products,311423.0,Dried and Dehydrated Food Manufacturing,Basic American Inc.,Moses Lake,Grant,Ecology: Eastern Regional Office,33001.0,0.0,32967.0,16.0,18.0,0.0,0.0,0.0,0.0,,2.0,"47.075183, -119.220408",,,POINT (-119.220408 47.075183)
Bonneville Power Administration - WA Only - statewide,2012,Power Plants,Electrical Transmission and Distribution,221121.0,Electric Bulk Power Transmission and Control,US Government,Vancouver,Clark,Southwest Clean Air Agency,26927.0,0.0,0.0,0.0,0.0,0.0,0.0,26927.0,0.0,,2.0,"45.661178, -122.658608",,,POINT (-122.658608 45.661178)
J.R. Simplot Company - Moses Lake,2016,Food Production,Potato Products,311411.0,"Frozen Fruit, Juice, and Vegetable Manufacturing",J.R. Simplot Company,Moses Lake,Grant,Ecology: Eastern Regional Office,34811.0,3651.0,27025.0,4108.0,28.0,0.0,0.0,0.0,0.0,,2.0,"47.131732, -119.18926",,,POINT (-119.18926 47.131732)
Avista Corporation - supplier,2020,Supplier,Natural Gas Supplier,,,Avista Corporation,Spokane,Spokane,,1066822.0,0.0,1065722.0,502.0,599.0,0.0,0.0,0.0,0.0,,,,,,
Grant County Landfill 1 - Ephrata,2020,Waste,Landfills,562212.0,Solid Waste Landfill,Grant County Washington,Ephrata,Grant,Ecology: Eastern Regional Office,51556.0,0.0,0.0,51556.0,0.0,0.0,0.0,0.0,0.0,,2.0,"47.270759, -119.573764",,,POINT (-119.573764 47.270759)
Nippon Dynawave - Longview,2022,Pulp and Paper,Kraft Mills,322121.0,Paper (except Newsprint) Mills,Nippon Paper Industries Co Ltd,Longview,Cowlitz,Ecology: Industrial Section,1609289.0,1240917.0,360754.0,1645.0,5973.0,0.0,0.0,0.0,0.0,Formerly included North Pacific Paper Company before 2016.,4.0,"46.130495, -122.983637",,,POINT (-122.983637 46.130495)
"Emerald City Renewables, LLC- Graham",2019,Power Plants,"Other Power, Heating, or Cooling Plants",221117.0,Biomass Electric Power Generation,Emerald City Renewables LLC,Graham,Pierce,Puget Sound Clean Air Agency,17639.0,17549.0,0.0,27.0,63.0,0.0,0.0,0.0,0.0,,1.0,"46.975533, -122.290871",,,POINT (-122.290871 46.975533)
Hampton Lumber Mills Washington Inc. - Morton,2023,Wood Products,Lumber Mills,321113.0,Sawmills,Hampton Lumber Mills Washington Inc.,Morton,Lewis,Southwest Clean Air Agency,29522.0,29133.0,0.0,56.0,333.0,0.0,0.0,0.0,0.0,,2.0,"46.565997, -122.269573",,Reporter,POINT (-122.269573 46.565997)
The Boeing Company: DC/MFC - Tukwila,2016,Manufacturing,Transportation Industry,336411.0,Aircraft Manufacturing,The Boeing Company,Tukwila,King,Puget Sound Clean Air Agency,14859.0,0.0,14844.0,7.0,8.0,0.0,0.0,0.0,0.0,,1.0,"47.516246, -122.298613",,,POINT (-122.298613 47.516246)
LRI Landfill - Graham,2016,Waste,Landfills,562212.0,Solid Waste Landfill,Waste Connections Inc.,Graham,Pierce,Puget Sound Clean Air Agency,115122.0,0.0,0.0,115122.0,0.0,0.0,0.0,0.0,0.0,,3.0,"46.972405, -122.292799",,,POINT (-122.292799 46.972405)
"North Pacific Paper Company, LLC - Longview",2023,Pulp and Paper,Other Pulp and Paper,322122.0,Newsprint Mills,NP Paper Investor Holdings LLC,Longview,Cowlitz,Southwest Clean Air Agency,36395.0,0.0,36357.0,17.0,21.0,0.0,0.0,0.0,0.0,Formerly part of Nippon Dynawave before 2016.,2.0,"46.125662, -122.976788",36395.0,Covered Entity,POINT (-122.976788 46.125662)
Avista Corporation LDC - WA - statewide,2017,Natural Gas Systems,Natural Gas Local Distribution Companies,221210.0,Natural Gas Distribution,Avista Corp.,Spokane,Spokane,Spokane Regional Clean Air Agency,15615.0,0.0,19.0,15596.0,0.0,0.0,0.0,0.0,0.0,,1.0,"47.673662, -117.388735",,,POINT (-117.388735 47.673662)
Grant County PUD #2 -Ephrata,2022,Power,COU,221122.0,Electric Power Distribution,Grant County Public Utility District,Ephrata,Grant,,368613.0,,,,,,,,,,,,,,
HF Sinclair Puget Sound Refinery LLC - Anacortes,2019,Petroleum Systems,Petroleum Refineries,324110.0,Petroleum Refineries,HollyFrontier Puget Sound Refining LLC,Anacortes,Skagit,Northwest Clean Air Agency,1859842.0,0.0,1849068.0,6767.0,4007.0,0.0,0.0,0.0,0.0,Assigned Emissions Level,4.0,"48.470931, -122.559161",,,POINT (-122.559161 48.470931)
Darling Ingredients Inc - Tacoma,2023,Food Production,Meat Products,311613.0,Rendering and Meat Byproduct Processing,Darling Ingredients Inc.,Tacoma,Pierce,Puget Sound Clean Air Agency,0.0,0.0,0.0,0.0,0.0,0.0,0.0,0.0,0.0,Curtailed in September 2022.,1.0,"47.250503, -122.406461",,Reporter,POINT (-122.406461 47.250503)
"North Pacific Paper Company, LLC - Longview",2013,Pulp and Paper,Other Pulp and Paper,322122.0,Newsprint Mills,NP Paper Investor Holdings LLC,Longview,Cowlitz,Southwest Clean Air Agency,43125.0,0.0,43080.0,20.0,24.0,0.0,0.0,0.0,0.0,Assigned emissions level.  Formerly part of Nippon Dynawave before 2016.  Ecology split emissions for consistency with cooperation from facility.,2.0,"46.125662, -122.976788",,,POINT (-122.976788 46.125662)
Avista Corporation LDC - WA - statewide,2022,Natural Gas Systems,Natural Gas Local Distribution Companies,221210.0,Natural Gas Distribution,Avista Corp.,Spokane,Spokane,Spokane Regional Clean Air Agency,16213.0,0.0,20.0,16193.0,0.0,0.0,0.0,0.0,0.0,,1.0,"47.673662, -117.388735",,,POINT (-117.388735 47.673662)
Central Washington University - Ellensburg,2021,Government,Education,611310.0,"Colleges, Universities, and Professional Schools",State of Washington,Ellensburg,Kittitas,Ecology: Central Regional Office,12824.0,0.0,12811.0,6.0,7.0,0.0,0.0,0.0,0.0,,1.0,"47.003202, -120.544513",,,POINT (-120.544513 47.003202)
NW Natural - Portland,2015,Natural Gas Systems,Natural Gas Local Distribution Companies,221210.0,Natural Gas Distribution,NW Natural,Portland,Multnomah,Southwest Clean Air Agency,7824.0,0.0,9.0,7815.0,0.0,0.0,0.0,0.0,0.0,,1.0,"45.516631, -122.675749",,,POINT (-122.675749 45.516631)
Milne Fruit Products - Prosser,2020,Food Production,Fruit Products,311411.0,"Frozen Fruit, Juice, and Vegetable Manufacturing",Milne Fruit Products,Prosser,Benton,Benton Clean Air Agency,10402.0,0.0,10391.0,5.0,6.0,0.0,0.0,0.0,0.0,,1.0,"46.202562, -119.775527",,,POINT (-119.775527 46.202562)
Naval Base Kitsap Bangor - Silverdale,2012,Government,National Security,928110.0,National Security,US Government,Silverdale,Kitsap,Puget Sound Clean Air Agency,24063.0,0.0,24036.0,12.0,15.0,0.0,0.0,0.0,0.0,,1.0,"47.699284, -122.696926",,,POINT (-122.696926 47.699284)
NW Natural - supplier,2021,Supplier,Natural Gas Supplier,221210.0,Natural Gas Distribution,,Portland,Multnomah,,497636.0,0.0,497126.0,233.0,277.0,0.0,0.0,0.0,0.0,,,,,,
CHS Inc.,2022,Supplier,Other Fuel Supplier,424720.0,Petroleum and Petroleum Products Merchant Wholesalers (except Bulk Stations and Terminals),CHS Inc.,Inver Grove Heights,Dakota,,568493.0,12313.0,552215.0,401.0,3563.0,0.0,0.0,0.0,0.0,,,,,,
Spectrum Glass Company - Woodinville,2014,Minerals,Glass Production,327211.0,Flat Glass Manufacturing,Vanguard Properties Co.,Woodinville,King,Puget Sound Clean Air Agency,11739.0,0.0,11728.0,5.0,6.0,0.0,0.0,0.0,0.0,,1.0,"47.777004, -122.148978",,,POINT (-122.148978 47.777004)
Cascade Natural Gas Corporation LDC - statewide,2023,Natural Gas Systems,Natural Gas Local Distribution Companies,221210.0,Natural Gas Distribution,MDU Resources Group Inc.,Kennewick,Benton,Benton Clean Air Agency,27198.0,0.0,3025.0,24171.0,2.0,0.0,0.0,0.0,0.0,,2.0,"46.21875, -119.22987",27198.0,Covered Entity,POINT (-119.22987 46.21875)
The Boeing Company - Auburn Site - Auburn,2019,Manufacturing,Transportation Industry,336413.0,Other Aircraft Parts and Auxiliary Equipment Manufacturing,The Boeing Company,Auburn,King,Puget Sound Clean Air Agency,36795.0,0.0,36758.0,17.0,21.0,0.0,0.0,0.0,0.0,,2.0,"47.285551, -122.242298",,,POINT (-122.242298 47.285551)
"SEH America, Inc - Vancouver",2020,Manufacturing,Electronics Industry,334413.0,Semiconductor and Related Device Manufacturing,SEH America Inc.,Vancouver,Clark,Southwest Clean Air Agency,10896.0,0.0,10885.0,5.0,6.0,0.0,0.0,0.0,0.0,,1.0,"45.649912, -122.553612",,,POINT (-122.553612 45.649912)
River Road Generating Plant - Vancouver,2012,Power Plants,Natural Gas Turbine Plants,221112.0,Fossil Fuel Electric Power Generation,Clark Public Utilities,Vancouver,Clark,Southwest Clean Air Agency,327201.0,0.0,326869.0,152.0,181.0,0.0,0.0,0.0,0.0,,3.0,"45.64958, -122.724806",,,POINT (-122.724806 45.64958)
River Road Generating Plant - Vancouver,2014,Power Plants,Natural Gas Turbine Plants,221112.0,Fossil Fuel Electric Power Generation,Clark Public Utilities,Vancouver,Clark,Southwest Clean Air Agency,553919.0,0.0,553357.0,257.0,306.0,0.0,0.0,0.0,0.0,,3.0,"45.64958, -122.724806",,,POINT (-122.724806 45.64958)
The Boeing Company - Fabrication (Frederickson Site) - Puyallup,2014,Manufacturing,Transportation Industry,336411.0,Aircraft Manufacturing,The Boeing Company,Puyallup,Pierce,Puget Sound Clean Air Agency,21442.0,0.0,21420.0,10.0,12.0,0.0,0.0,0.0,0.0,,1.0,"47.088831, -122.34862",,,POINT (-122.34862 47.088831)
"WestRock CP, LLC - Tacoma",2020,Pulp and Paper,Kraft Mills,322130.0,Paperboard Mills,Westrock Corp.,Tacoma,Pierce,Ecology: Industrial Section,1108691.0,965097.0,137925.0,1051.0,4618.0,0.0,0.0,0.0,0.0,,4.0,"47.260953, -122.421765",,,POINT (-122.421765 47.260953)
Starbucks Kent Flexible Plant - Kent,2018,Food Production,Other Food Products,311920.0,Coffee and Tea Manufacturing,Starbucks Corp.,Kent,King,Puget Sound Clean Air Agency,12709.0,0.0,12696.0,6.0,7.0,0.0,0.0,0.0,0.0,,1.0,"47.436276, -122.237648",,,POINT (-122.237648 47.436276)
Naval Base Kitsap - Bremerton,2021,Government,National Security,928110.0,National Security,US Government,Bremerton,Kitsap,Puget Sound Clean Air Agency,43005.0,0.0,42960.0,21.0,25.0,0.0,0.0,0.0,0.0,,2.0,"47.557047, -122.645933",,,POINT (-122.645933 47.557047)
Northwest Hardwoods Inc. - Mount Vernon,2013,Wood Products,Lumber Mills,321113.0,Sawmills,Littlejohn & Co. LLC,Mount Vernon,Skagit,Northwest Clean Air Agency,12937.0,9075.0,3737.0,19.0,106.0,0.0,0.0,0.0,0.0,,1.0,"48.451642, -122.443028",,,POINT (-122.443028 48.451642)
Murphy Veneer - Elma,2014,Wood Products,Other Wood Products,321212.0,Softwood Veneer and Plywood Manufacturing,Murphy Co.,Elma,Grays Harbor,Olympic Region Clean Air Agency,11845.0,0.0,11833.0,6.0,7.0,0.0,0.0,0.0,0.0,,1.0,"47.040323, -123.334339",,,POINT (-123.334339 47.040323)
Chehalis Generation Facility - Chehalis,2013,Power Plants,Natural Gas Turbine Plants,221112.0,Fossil Fuel Electric Power Generation,Berkshire Hathaway,Chehalis,Lewis,EFSEC,678983.0,0.0,678293.0,314.0,375.0,0.0,0.0,0.0,0.0,,3.0,"46.6226, -122.9145",,,POINT (-122.9145 46.6226)
Puget Sound Energy - Encogen Generating Station - Bellingham,2019,Power Plants,Natural Gas Turbine Plants,221112.0,Fossil Fuel Electric Power Generation,Puget Holdings LLC,Bellingham,Whatcom,Northwest Clean Air Agency,191710.0,0.0,191515.0,89.0,106.0,0.0,0.0,0.0,0.0,,3.0,"48.746, -122.486",,,POINT (-122.486 48.746)
The Boeing Company - Auburn Site - Auburn,2014,Manufacturing,Transportation Industry,336413.0,Other Aircraft Parts and Auxiliary Equipment Manufacturing,The Boeing Company,Auburn,King,Puget Sound Clean Air Agency,36691.0,0.0,36653.0,17.0,21.0,0.0,0.0,0.0,0.0,,2.0,"47.285551, -122.242298",,,POINT (-122.242298 47.285551)
Nippon Dynawave - Longview,2017,Pulp and Paper,Kraft Mills,322121.0,Paper (except Newsprint) Mills,Nippon Paper Industries Co Ltd,Longview,Cowlitz,Ecology: Industrial Section,1532282.0,1218099.0,306756.0,1614.0,5814.0,0.0,0.0,0.0,0.0,Formerly included North Pacific Paper Company before 2016.,4.0,"46.130495, -122.983637",,,POINT (-122.983637 46.130495)
"Kaiser Aluminum Washington, LLC (Trentwood Works) - Spokane Valley",2012,Metals,Other Metals,331315.0,"Aluminum Sheet, Plate, and Foil Manufacturing",Kaiser Aluminum Corp.,Spokane Valley,Spokane,Spokane Regional Clean Air Agency,108364.0,0.0,108252.0,51.0,61.0,0.0,0.0,0.0,0.0,,3.0,"47.687074, -117.212673",,,POINT (-117.212673 47.687074)
Frederickson Power LP - Tacoma,2020,Power Plants,Natural Gas Turbine Plants,221112.0,Fossil Fuel Electric Power Generation,"Puget Sound Energy, Inc. and Capital Power (US Holdings) Inc",Tacoma,Pierce,Puget Sound Clean Air Agency,369506.0,0.0,369130.0,171.0,204.0,0.0,0.0,0.0,0.0,,3.0,"47.086342, -122.365686",,,POINT (-122.365686 47.086342)
NW Natural - supplier,2016,Supplier,Natural Gas Supplier,221210.0,Natural Gas Distribution,,Portland,Multnomah,,406648.0,0.0,406231.0,190.0,227.0,0.0,0.0,0.0,0.0,,,,,,
Imerys Minerals Quincy Plant - Quincy,2018,Minerals,Other Minerals,212399.0,All Other Nonmetallic Mineral Mining,Imerys Filtration Minerals Inc.,Quincy,Grant,Ecology: Eastern Regional Office,22730.0,0.0,22706.0,11.0,13.0,0.0,0.0,0.0,0.0,,1.0,"47.239948, -119.838831",,,POINT (-119.838831 47.239948)
H.W. Hill Landfill Gas Power Plant - Roosevelt,2017,Power Plants,"Other Power, Heating, or Cooling Plants",221119.0,Other Electric Power Generation,Public Utility District No. 1 of Klickitat County,Roosevelt,Klickitat,Ecology: Central Regional Office,92771.0,92297.0,0.0,142.0,333.0,0.0,0.0,0.0,0.0,,2.0,"45.807765, -120.166354",,,POINT (-120.166354 45.807765)
Puget Sound Energy - Whitehorn Generating Station - Blaine,2019,Power Plants,Natural Gas Turbine Plants,221112.0,Fossil Fuel Electric Power Generation,Puget Holdings LLC,Blaine,Whatcom,Northwest Clean Air Agency,6838.0,0.0,6830.0,4.0,5.0,0.0,0.0,0.0,0.0,,1.0,"48.885475, -122.724299",,,POINT (-122.724299 48.885475)
Boeing Commercial Airplanes - Everett,2021,Manufacturing,Transportation Industry,336411.0,Aircraft Manufacturing,The Boeing Company,Everett,Snohomish,Puget Sound Clean Air Agency,67480.0,0.0,67411.0,32.0,38.0,0.0,0.0,0.0,0.0,,2.0,"47.918622, -122.276987",,,POINT (-122.276987 47.918622)
"Gas Transmission Northwest Compressor Station 6, LLC - Rosalia",2021,Natural Gas Systems,Natural Gas Transmission/Compression,486210.0,Pipeline Transportation of Natural Gas,TransCanada Northern Border Inc.,Rosalia,Whitman,Spokane Regional Clean Air Agency,75387.0,0.0,74694.0,652.0,42.0,0.0,0.0,0.0,0.0,,2.0,"47.277256, -117.406737",,,POINT (-117.406737 47.277256)
Northwest Pipeline C/S - Sumas,2017,Natural Gas Systems,Natural Gas Transmission/Compression,486210.0,Pipeline Transportation of Natural Gas,"The Williams Companies, Inc.",Sumas,Whatcom,Northwest Clean Air Agency,96858.0,0.0,92864.0,3942.0,52.0,0.0,0.0,0.0,0.0,,2.0,"49.001, -122.2214",,,POINT (-122.2214 49.001)
DH Feeders - Eltopia,2019,Livestock,Cattle Feedlots,112112.0,Cattle Feedlots,Easterday Ranches,Eltopia,Franklin,Ecology: Eastern Regional Office,14478.0,0.0,1211.0,1028.0,12238.0,0.0,0.0,0.0,0.0,,1.0,"46.50919, -118.881203",,,POINT (-118.881203 46.50919)
Alcoa Intalco Works - Ferndale,2012,Metals,Aluminum Production,331312.0,Primary Aluminum Production,Alcoa Corp.,Ferndale,Whatcom,Ecology: Industrial Section,1146835.0,0.0,412832.0,11814.0,30.0,0.0,722159.0,0.0,0.0,PFC emissions based on old source test information.,4.0,"48.8455, -122.7055",,,POINT (-122.7055 48.8455)
"Interfor US, Inc. - Port Angeles",2023,Wood Products,Lumber Mills,321113.0,Sawmills,Interfor US Inc.,Port Angeles,Clallam,Olympic Region Clean Air Agency,39544.0,39023.0,0.0,75.0,446.0,0.0,0.0,0.0,0.0,,2.0,"48.103425, -123.518642",,Reporter,POINT (-123.518642 48.103425)
"WestRock CP, LLC - Tacoma",2021,Pulp and Paper,Kraft Mills,322130.0,Paperboard Mills,Westrock Corp.,Tacoma,Pierce,Ecology: Industrial Section,1080789.0,928981.0,146359.0,1018.0,4431.0,0.0,0.0,0.0,0.0,,4.0,"47.260953, -122.421765",,,POINT (-122.421765 47.260953)
Seattle-Tacoma International Airport - Seattle,2019,Government,Other Government,488119.0,Other Airport Operations,Port of Seattle,Seattle,King,Puget Sound Clean Air Agency,13610.0,0.0,13596.0,6.0,8.0,0.0,0.0,0.0,0.0,,1.0,"47.443643, -122.302452",,,POINT (-122.302452 47.443643)
Georgia-Pacific Consumer Operations LLC - Camas,2023,Pulp and Paper,Kraft Mills,322120.0,Paper Mills,Koch Industries Inc.,Camas,Clark,Ecology: Industrial Section,53794.0,0.0,48436.0,5331.0,27.0,0.0,0.0,0.0,0.0,,2.0,"45.584271, -122.40843",53794.0,Covered Entity,POINT (-122.40843 45.584271)
City of Tacoma Solid Waste Facility - Tacoma,2017,Waste,Landfills,562212.0,Solid Waste Landfill,City of Tacoma,Tacoma,Pierce,Puget Sound Clean Air Agency,16417.0,0.0,0.0,16417.0,0.0,0.0,0.0,0.0,0.0,,1.0,"47.223413, -122.499775",,,POINT (-122.499775 47.223413)
Spokane Waste to Energy Facility - Spokane,2023,Power Plants,"Other Power, Heating, or Cooling Plants",562213.0,Solid Waste Combustors and Incinerators,City of Spokane,Spokane,Spokane,Spokane Regional Clean Air Agency,232129.0,131530.0,95490.0,1992.0,3116.0,0.0,0.0,0.0,0.0,,3.0,"47.626529, -117.504278",,Reporter,POINT (-117.504278 47.626529)
Nutrien US LLC. - Kennewick,2018,Chemicals,Fertilizer Production,325311.0,Nitrogenous Fertilizer Manufacturing,Agrium US Inc.,Kennewick,Benton,Benton Clean Air Agency,119791.0,0.0,11207.0,1.0,108583.0,0.0,0.0,0.0,0.0,,3.0,"46.165957, -119.017218",,,POINT (-119.017218 46.165957)
"Vaagen Bros. Lumber, Inc. - Colville",2019,Wood Products,Lumber Mills,321999.0,All Other Miscellaneous Wood Product Manufacturing,Vaagen Bros. Lumber Inc.,Colville,Stevens,Ecology: Eastern Regional Office,50941.0,50269.0,0.0,97.0,575.0,0.0,0.0,0.0,0.0,,2.0,"48.548525, -117.915469",,,POINT (-117.915469 48.548525)
Cascade Natural Gas Corporation LDC - statewide,2018,Natural Gas Systems,Natural Gas Local Distribution Companies,221210.0,Natural Gas Distribution,MDU Resources Group Inc.,Kennewick,Benton,Benton Clean Air Agency,23973.0,0.0,115.0,23858.0,0.0,0.0,0.0,0.0,0.0,,1.0,"46.21875, -119.22987",,,POINT (-119.22987 46.21875)
Puget Sound Energy - Frederickson Generating Station - Tacoma,2020,Power Plants,Natural Gas Turbine Plants,221112.0,Fossil Fuel Electric Power Generation,Puget Holdings LLC,Tacoma,Pierce,Puget Sound Clean Air Agency,24854.0,0.0,24828.0,12.0,14.0,0.0,0.0,0.0,0.0,,1.0,"47.079716, -122.364711",,,POINT (-122.364711 47.079716)
CertainTeed Gypsum - Seattle,2019,Manufacturing,Building Products,327420.0,Gypsum Product Manufacturing,Saint-Gobain Corporation,Seattle,King,Puget Sound Clean Air Agency,49333.0,0.0,49282.0,23.0,28.0,0.0,0.0,0.0,0.0,,2.0,"47.548056, -122.336944",,,POINT (-122.336944 47.548056)
Northwest Pipeline C/S - Mount Vernon,2016,Natural Gas Systems,Natural Gas Transmission/Compression,486210.0,Pipeline Transportation of Natural Gas,"The Williams Companies, Inc.",Mount Vernon,Skagit,Northwest Clean Air Agency,69093.0,0.0,66878.0,2178.0,38.0,0.0,0.0,0.0,0.0,,2.0,"48.421967, -122.21547",,,POINT (-122.21547 48.421967)
Boeing Commercial Airplanes - Everett,2017,Manufacturing,Transportation Industry,336411.0,Aircraft Manufacturing,The Boeing Company,Everett,Snohomish,Puget Sound Clean Air Agency,80529.0,0.0,80446.0,38.0,45.0,0.0,0.0,0.0,0.0,,2.0,"47.918622, -122.276987",,,POINT (-122.276987 47.918622)
Tree Top - Prosser,2019,Food Production,Fruit Products,311411.0,"Frozen Fruit, Juice, and Vegetable Manufacturing",Tree Top Inc.,Prosser,Benton,Benton Clean Air Agency,15659.0,0.0,15643.0,7.0,9.0,0.0,0.0,0.0,0.0,,1.0,"46.21842, -119.73397",,,POINT (-119.73397 46.21842)
Avista Corporation LDC - WA - statewide,2015,Natural Gas Systems,Natural Gas Local Distribution Companies,221210.0,Natural Gas Distribution,Avista Corp.,Spokane,Spokane,Spokane Regional Clean Air Agency,15338.0,0.0,19.0,15320.0,0.0,0.0,0.0,0.0,0.0,,1.0,"47.673662, -117.388735",,,POINT (-117.388735 47.673662)
Northwest Pipeline C/S - Washougal,2012,Natural Gas Systems,Natural Gas Transmission/Compression,486210.0,Pipeline Transportation of Natural Gas,"The Williams Companies, Inc.",Washougal,Clark,Southwest Clean Air Agency,20598.0,0.0,18287.0,2301.0,10.0,0.0,0.0,0.0,0.0,,1.0,"45.63236, -122.36516",,,POINT (-122.36516 45.63236)
"Gas Transmission Northwest Compressor Station 8, LLC -Wallula",2014,Natural Gas Systems,Natural Gas Transmission/Compression,486210.0,Pipeline Transportation of Natural Gas,TransCanada Northern Border Inc.,Wallula,Walla Walla,Ecology: Eastern Regional Office,81465.0,0.0,75234.0,6189.0,42.0,0.0,0.0,0.0,0.0,,2.0,"46.053153, -118.843934",,,POINT (-118.843934 46.053153)
The Boeing Company: Boeing Plant 2 - Seattle,2020,Manufacturing,Transportation Industry,336411.0,Aircraft Manufacturing,The Boeing Company,Seattle,King,Puget Sound Clean Air Agency,18837.0,0.0,18818.0,9.0,10.0,0.0,0.0,0.0,0.0,,1.0,"47.532524, -122.311623",,,POINT (-122.311623 47.532524)
Port Angeles Hardwood LLC - Port Angeles,2021,Wood Products,Lumber Mills,321113.0,Sawmills,Port Angeles Hardwood LLC,Port Angeles,Clallam,Olympic Region Clean Air Agency,22863.0,22562.0,0.0,43.0,258.0,0.0,0.0,0.0,0.0,,1.0,"48.100872, -123.485745",,,POINT (-123.485745 48.100872)
J.R. Simplot Company - Othello,2018,Food Production,Potato Products,311411.0,"Frozen Fruit, Juice, and Vegetable Manufacturing",J.R. Simplot Company,Othello,Adams,Ecology: Eastern Regional Office,99691.0,0.0,46683.0,52982.0,26.0,0.0,0.0,0.0,0.0,,2.0,"46.837778, -119.176389",,,POINT (-119.176389 46.837778)
Cascade Natural Gas Corporation - supplier,2018,Supplier,Natural Gas Supplier,221210.0,Natural Gas Distribution,"MDU Resources Group, Inc.",Kennewick,Benton,,1640921.0,0.0,1639228.0,772.0,921.0,0.0,0.0,0.0,0.0,,,,,,
TransAlta Energy Marketing (U.S.) Inc.,2022,Power,Marketer,,,TransAlta Energy Marketing (U.S.) Inc.,Calgary,MD of Foothills No. 31,,82997.0,,,,,,,,,,,,,,
City of Tacoma Solid Waste Facility - Tacoma,2016,Waste,Landfills,562212.0,Solid Waste Landfill,City of Tacoma,Tacoma,Pierce,Puget Sound Clean Air Agency,14513.0,0.0,0.0,14513.0,0.0,0.0,0.0,0.0,0.0,,1.0,"47.223413, -122.499775",,,POINT (-122.499775 47.223413)
Keyes Fibre Corporation - Wenatchee,2021,Pulp and Paper,Other Pulp and Paper,322299.0,All Other Converted Paper Product Manufacturing,Tekni-Plex Wenatchee Fiber Consumer Porducts,Wenatchee,Chelan,Ecology: Central Regional Office,16806.0,0.0,16789.0,8.0,10.0,0.0,0.0,0.0,0.0,,1.0,"47.485987, -120.316363",,,POINT (-120.316363 47.485987)
TransAlta Centralia Generation LLC - Centralia,2014,Power Plants,Coal Plants,221112.0,Fossil Fuel Electric Power Generation,Transalta Centralia Generation/Mining,Centralia,Lewis,Southwest Clean Air Agency,7447081.0,0.0,7388703.0,21354.0,37024.0,0.0,0.0,0.0,0.0,,5.0,"46.7559, -122.8578",,,POINT (-122.8578 46.7559)
"El Oro Cattle Feeders, LLC - Moses Lake",2013,Livestock,Cattle Feedlots,112112.0,Cattle Feedlots,Agri Beef Co.,Moses Lake,Grant,Ecology: Eastern Regional Office,21558.0,0.0,0.0,1670.0,19888.0,0.0,0.0,0.0,0.0,,1.0,"47.052176, -119.093815",,,POINT (-119.093815 47.052176)
"Bio Energy Washington, LLC - Maple Valley",2017,Power Plants,"Other Power, Heating, or Cooling Plants",221119.0,Other Electric Power Generation,Bio Energy Washington,Maple Valley,King,Puget Sound Clean Air Agency,28310.0,26824.0,1344.0,42.0,100.0,0.0,0.0,0.0,0.0,,2.0,"47.455871, -122.041817",,,POINT (-122.041817 47.455871)
Sierra Pacific Industries - Shelton,2023,Wood Products,Lumber Mills,321212.0,Softwood Veneer and Plywood Manufacturing,Simpson Lumber Company LLC,Shelton,Mason,Olympic Region Clean Air Agency,59279.0,58498.0,0.0,112.0,669.0,0.0,0.0,0.0,0.0,,2.0,"47.213448, -123.096517",,Reporter,POINT (-123.096517 47.213448)
Chehalis Generation Facility - Chehalis,2012,Power Plants,Natural Gas Turbine Plants,221112.0,Fossil Fuel Electric Power Generation,Berkshire Hathaway,Chehalis,Lewis,EFSEC,371646.0,0.0,371268.0,172.0,205.0,0.0,0.0,0.0,0.0,,3.0,"46.6226, -122.9145",,,POINT (-122.9145 46.6226)
Puget Sound Energy - Goldendale Generating Station - Goldendale,2018,Power Plants,Natural Gas Turbine Plants,221112.0,Fossil Fuel Electric Power Generation,Puget Holdings LLC,Goldendale,Klickitat,Ecology: Central Regional Office,425704.0,0.0,425272.0,197.0,235.0,0.0,0.0,0.0,0.0,,3.0,"45.8114, -120.833",,,POINT (-120.833 45.8114)
Sonoco Products - Sumner,2022,Pulp and Paper,Other Pulp and Paper,322130.0,Paperboard Mills,Sonoco Products Company,Sumner,Pierce,Puget Sound Clean Air Agency,10820.0,0.0,10809.0,5.0,6.0,0.0,0.0,0.0,0.0,,1.0,"47.210641, -122.239474",,,POINT (-122.239474 47.210641)
Peninsula Light Company - Gig Harbor,2023,Power,COU,2211.0,"Electric Power Generation, Transmission and Distribution",Jafar Taghavi (CEO),Gig Harbor,Pierce,,11359.0,,,,,,,,,,,,,Reporter,
Puget Sound Energy LDC Facility - Bellevue,2019,Natural Gas Systems,Natural Gas Local Distribution Companies,221210.0,Natural Gas Distribution,Puget Holdings LLC,Bellevue,King,Puget Sound Clean Air Agency,61438.0,0.0,105.0,61333.0,0.0,0.0,0.0,0.0,0.0,,2.0,"47.61345, -122.19454",,,POINT (-122.19454 47.61345)
"El Oro Cattle Feeders, LLC - Moses Lake",2012,Livestock,Cattle Feedlots,112112.0,Cattle Feedlots,Agri Beef Co.,Moses Lake,Grant,Ecology: Eastern Regional Office,25363.0,0.0,0.0,1969.0,23394.0,0.0,0.0,0.0,0.0,,2.0,"47.052176, -119.093815",,,POINT (-119.093815 47.052176)
"Kaiser Aluminum Washington, LLC (Trentwood Works) - Spokane Valley",2019,Metals,Other Metals,331315.0,"Aluminum Sheet, Plate, and Foil Manufacturing",Kaiser Aluminum Corp.,Spokane Valley,Spokane,Spokane Regional Clean Air Agency,128390.0,0.0,128258.0,61.0,72.0,0.0,0.0,0.0,0.0,,3.0,"47.687074, -117.212673",,,POINT (-117.212673 47.687074)
Starbucks Kent Flexible Plant - Kent,2023,Food Production,Other Food Products,311920.0,Coffee and Tea Manufacturing,Starbucks Corp.,Kent,King,Puget Sound Clean Air Agency,12057.0,0.0,12044.0,6.0,7.0,0.0,0.0,0.0,0.0,,1.0,"47.436276, -122.237648",,Reporter,POINT (-122.237648 47.436276)
Bonneville Power Administration - WA Only - statewide,2016,Power Plants,Electrical Transmission and Distribution,221121.0,Electric Bulk Power Transmission and Control,US Government,Vancouver,Clark,Southwest Clean Air Agency,17121.0,0.0,0.0,0.0,0.0,0.0,0.0,17121.0,0.0,,1.0,"45.661178, -122.658608",,,POINT (-122.658608 45.661178)
Murphy Veneer - Elma,2016,Wood Products,Other Wood Products,321212.0,Softwood Veneer and Plywood Manufacturing,Murphy Co.,Elma,Grays Harbor,Olympic Region Clean Air Agency,10709.0,0.0,10698.0,5.0,6.0,0.0,0.0,0.0,0.0,,1.0,"47.040323, -123.334339",,,POINT (-123.334339 47.040323)
City of Enumclaw Gas Utility - supplier,2017,Supplier,Natural Gas Supplier,221210.0,Natural Gas Distribution,City of Enumclaw,Enumclaw,King,,24896.0,0.0,24871.0,12.0,14.0,0.0,0.0,0.0,0.0,,,,,,
Sierra Pacific Industries - Shelton,2022,Wood Products,Lumber Mills,321212.0,Softwood Veneer and Plywood Manufacturing,Simpson Lumber Company LLC,Shelton,Mason,Olympic Region Clean Air Agency,68214.0,67315.0,0.0,129.0,770.0,0.0,0.0,0.0,0.0,,2.0,"47.213448, -123.096517",,,POINT (-123.096517 47.213448)
Nippon Dynawave - Longview,2015,Pulp and Paper,Kraft Mills,322121.0,Paper (except Newsprint) Mills,Nippon Paper Industries Co Ltd,Longview,Cowlitz,Ecology: Industrial Section,1466046.0,1143229.0,314962.0,1706.0,6149.0,0.0,0.0,0.0,0.0,Assigned emissions level.  Formerly included North Pacific Paper before 2016.  Ecology split emissions for consistency with cooperation from facility.,4.0,"46.130495, -122.983637",,,POINT (-122.983637 46.130495)
US Army Joint Base Lewis-McChord - Pierce Co.,2014,Government,National Security,928110.0,National Security,US Government,Joint Base Lewis-McChord,Pierce,Puget Sound Clean Air Agency,83587.0,0.0,60454.0,23093.0,40.0,0.0,0.0,0.0,0.0,,2.0,"47.1142, -122.5365",,,POINT (-122.5365 47.1142)
Puget Sound Energy - Mint Farm Generating Station - Longview,2013,Power Plants,Natural Gas Turbine Plants,221112.0,Fossil Fuel Electric Power Generation,Puget Holdings LLC,Longview,Cowlitz,Southwest Clean Air Agency,633493.0,0.0,632849.0,294.0,350.0,0.0,0.0,0.0,0.0,,3.0,"46.140095, -122.985138",,,POINT (-122.985138 46.140095)
Puget Sound Energy - Whitehorn Generating Station - Blaine,2023,Power Plants,Natural Gas Turbine Plants,221112.0,Fossil Fuel Electric Power Generation,Puget Holdings LLC,Blaine,Whatcom,Northwest Clean Air Agency,308591.0,0.0,308273.0,145.0,173.0,0.0,0.0,0.0,0.0,,3.0,"48.885475, -122.724299",308478.0,Covered Entity,POINT (-122.724299 48.885475)
Washington State University - Pullman,2019,Government,Education,611310.0,"Colleges, Universities, and Professional Schools",State of Washington,Pullman,Whitman,Ecology: Eastern Regional Office,66455.0,0.0,66377.0,34.0,45.0,0.0,0.0,0.0,0.0,,2.0,"46.728702, -117.151481",,,POINT (-117.151481 46.728702)
Nutrien US LLC. - Kennewick,2013,Chemicals,Fertilizer Production,325311.0,Nitrogenous Fertilizer Manufacturing,Agrium US Inc.,Kennewick,Benton,Benton Clean Air Agency,154497.0,0.0,7671.0,1.0,146825.0,0.0,0.0,0.0,0.0,,3.0,"46.165957, -119.017218",,,POINT (-119.017218 46.165957)
Northwest Pipeline C/S - Sumas,2012,Natural Gas Systems,Natural Gas Transmission/Compression,486210.0,Pipeline Transportation of Natural Gas,"The Williams Companies, Inc.",Sumas,Whatcom,Northwest Clean Air Agency,69616.0,0.0,64130.0,5447.0,39.0,0.0,0.0,0.0,0.0,,2.0,"49.001, -122.2214",,,POINT (-122.2214 49.001)
Northwest Hardwoods Inc. - Longview,2012,Wood Products,Lumber Mills,321113.0,Sawmills,Littlejohn & Co. LLC,Longview,Cowlitz,Southwest Clean Air Agency,13571.0,7926.0,5467.0,70.0,109.0,0.0,0.0,0.0,0.0,,1.0,"46.114537, -122.916806",,,POINT (-122.916806 46.114537)
Grant County Landfill 1 - Ephrata,2013,Waste,Landfills,562212.0,Solid Waste Landfill,Grant County Washington,Ephrata,Grant,Ecology: Eastern Regional Office,38883.0,0.0,0.0,38883.0,0.0,0.0,0.0,0.0,0.0,,2.0,"47.270759, -119.573764",,,POINT (-119.573764 47.270759)
Frederickson Power LP - Tacoma,2015,Power Plants,Natural Gas Turbine Plants,221112.0,Fossil Fuel Electric Power Generation,"Puget Sound Energy, Inc. and Capital Power (US Holdings) Inc",Tacoma,Pierce,Puget Sound Clean Air Agency,496752.0,0.0,496248.0,230.0,274.0,0.0,0.0,0.0,0.0,,3.0,"47.086342, -122.365686",,,POINT (-122.365686 47.086342)
Lamb Weston - Richland,2014,Food Production,Potato Products,311411.0,"Frozen Fruit, Juice, and Vegetable Manufacturing","Lamb Weston, Inc.",Richland,Benton,Benton Clean Air Agency,34551.0,0.0,34516.0,16.0,19.0,0.0,0.0,0.0,0.0,,2.0,"46.309314, -119.297267",,,POINT (-119.297267 46.309314)
Okanogan County Central Landfill - Okanogan,2021,Waste,Landfills,562212.0,Solid Waste Landfill,Okanogan County,Okanogan,Okanogan,Ecology: Central Regional Office,16241.0,0.0,0.0,16241.0,0.0,0.0,0.0,0.0,0.0,,1.0,"48.341148, -119.620109",,,POINT (-119.620109 48.341148)
"SGL Carbon, LLC - Moses Lake",2015,Manufacturing,Transportation Industry,335991.0,Carbon and Graphite Product Manufacturing,SGL Automotive Carbon Fibers LLC,Moses Lake,Grant,Ecology: Eastern Regional Office,12858.0,0.0,12844.0,6.0,7.0,0.0,0.0,0.0,0.0,First year reporting.,1.0,"47.208993, -119.285437",,,POINT (-119.285437 47.208993)
Air Liquide Electronics Moses Lake Hydrogen Plant,2012,Chemicals,Other Chemicals,325120.0,Industrial Gas Manufacturing,Air Liquide USA Inc.,Moses Lake,Grant,Ecology: Eastern Regional Office,17339.0,0.0,17339.0,0.0,0.0,0.0,0.0,0.0,0.0,,1.0,"47.135844, -119.19962",,,POINT (-119.19962 47.135844)
Hampton Lumber Mills Washington Inc. - Randle,2021,Wood Products,Lumber Mills,321113.0,Sawmills,Hampton Lumber Mills Washington Inc.,Randle,Lewis,Southwest Clean Air Agency,66131.0,65259.0,0.0,125.0,746.0,0.0,0.0,0.0,0.0,,2.0,"46.533743, -121.917906",,,POINT (-121.917906 46.533743)
Sonoco Products - Sumner,2021,Pulp and Paper,Other Pulp and Paper,322130.0,Paperboard Mills,Sonoco Products Company,Sumner,Pierce,Puget Sound Clean Air Agency,11480.0,0.0,11468.0,6.0,7.0,0.0,0.0,0.0,0.0,,1.0,"47.210641, -122.239474",,,POINT (-122.239474 47.210641)
"Kaiser Aluminum Washington, LLC (Trentwood Works) - Spokane Valley",2014,Metals,Other Metals,331315.0,"Aluminum Sheet, Plate, and Foil Manufacturing",Kaiser Aluminum Corp.,Spokane Valley,Spokane,Spokane Regional Clean Air Agency,114924.0,0.0,114806.0,54.0,64.0,0.0,0.0,0.0,0.0,,3.0,"47.687074, -117.212673",,,POINT (-117.212673 47.687074)
Ardagh Glass Inc. - Seattle,2021,Minerals,Glass Production,327213.0,Glass Container Manufacturing,Ardagh Holdings USA Inc.,Seattle,King,Puget Sound Clean Air Agency,57881.0,0.0,57836.0,21.0,24.0,0.0,0.0,0.0,0.0,,2.0,"47.55242, -122.33739",,,POINT (-122.33739 47.55242)
The Boeing Company: DC/MFC - Tukwila,2021,Manufacturing,Transportation Industry,336411.0,Aircraft Manufacturing,The Boeing Company,Tukwila,King,Puget Sound Clean Air Agency,12319.0,0.0,12306.0,6.0,7.0,0.0,0.0,0.0,0.0,,1.0,"47.516246, -122.298613",,,POINT (-122.298613 47.516246)
The Boeing Company - Renton,2015,Manufacturing,Transportation Industry,336411.0,Aircraft Manufacturing,The Boeing Company,Renton,King,Puget Sound Clean Air Agency,17191.0,0.0,17174.0,8.0,10.0,0.0,0.0,0.0,0.0,,1.0,"47.498257, -122.211346",,,POINT (-122.211346 47.498257)
Puget Sound Energy - Sumas Generating Station - Sumas,2015,Power Plants,Natural Gas Turbine Plants,221112.0,Fossil Fuel Electric Power Generation,Puget Holdings LLC,Sumas,Whatcom,Northwest Clean Air Agency,282703.0,0.0,282416.0,131.0,156.0,0.0,0.0,0.0,0.0,,3.0,"48.9905, -122.2733",,,POINT (-122.2733 48.9905)
Hampton Lumber Mills Washington Inc. - Darrington,2013,Wood Products,Lumber Mills,321113.0,Sawmills,Hampton Lumber Mills Washington Inc.,Darrington,Snohomish,Puget Sound Clean Air Agency,96513.0,95241.0,0.0,183.0,1089.0,0.0,0.0,0.0,0.0,,2.0,"48.262797, -121.597608",,,POINT (-121.597608 48.262797)
Naval Base Kitsap - Bremerton,2016,Government,National Security,928110.0,National Security,US Government,Bremerton,Kitsap,Puget Sound Clean Air Agency,43755.0,0.0,43709.0,21.0,25.0,0.0,0.0,0.0,0.0,,2.0,"47.557047, -122.645933",,,POINT (-122.645933 47.557047)
General Petroleum LLC - Seattle,2022,Supplier,Other Fuel Supplier,424720.0,Petroleum and Petroleum Products Merchant Wholesalers (except Bulk Stations and Terminals),"Maxum Enterprises, LLC",Seattle,King,,411810.0,0.0,411424.0,66.0,320.0,0.0,0.0,0.0,0.0,,,,,,
TransAlta Centralia Generation LLC - Centralia,2019,Power Plants,Coal Plants,221112.0,Fossil Fuel Electric Power Generation,Transalta Centralia Generation/Mining,Centralia,Lewis,Southwest Clean Air Agency,8000387.0,0.0,7937672.0,22940.0,39775.0,0.0,0.0,0.0,0.0,,5.0,"46.7559, -122.8578",,,POINT (-122.8578 46.7559)
J.R. Simplot Company - Moses Lake,2017,Food Production,Potato Products,311411.0,"Frozen Fruit, Juice, and Vegetable Manufacturing",J.R. Simplot Company,Moses Lake,Grant,Ecology: Eastern Regional Office,39793.0,3696.0,30186.0,5881.0,30.0,0.0,0.0,0.0,0.0,,2.0,"47.131732, -119.18926",,,POINT (-119.18926 47.131732)
Terrace Heights Landfill - Yakima,2021,Waste,Landfills,562212.0,Solid Waste Landfill,Yakima County Public Services - Solid Waste Division,Yakima,Yakima,Yakima Regional Clean Air Agency,125721.0,0.0,22.0,125699.0,0.0,0.0,0.0,0.0,0.0,,3.0,"46.610031, -120.39408",,,POINT (-120.39408 46.610031)
"Boise Cascade Wood Products, LLC.  Kettle Falls Lumber - Kettle Falls",2012,Wood Products,Lumber Mills,321912.0,"Cut Stock, Resawing Lumber, and Planing",Boise Cascade Company,Kettle Falls,Stevens,Ecology: Eastern Regional Office,41052.0,40173.0,0.0,343.0,536.0,0.0,0.0,0.0,0.0,,2.0,"48.609799, -118.067441",,,POINT (-118.067441 48.609799)
Star Tank Lines - Sonoma,2023,Supplier,Other Fuel Supplier,457210.0,Fuel Dealers,Garberville Gas Corporation,Santa Rosa,Sonoma,,18422.0,4888.0,13460.0,22.0,52.0,0.0,0.0,0.0,0.0,,,,,Reporter,
Puget Sound Energy - Ferndale Generating Station - Ferndale,2015,Power Plants,Natural Gas Turbine Plants,221112.0,Fossil Fuel Electric Power Generation,Puget Holdings LLC,Ferndale,Whatcom,Northwest Clean Air Agency,405726.0,0.0,405316.0,187.0,223.0,0.0,0.0,0.0,0.0,,3.0,"48.828707, -122.685533",,,POINT (-122.685533 48.828707)
Packaging Corporation of America - Wallula,2019,Pulp and Paper,Kraft Mills,322121.0,Paper (except Newsprint) Mills,Packaging Corp of America,Wallula,Walla Walla,Ecology: Industrial Section,870818.0,692272.0,162171.0,13955.0,2421.0,0.0,0.0,0.0,0.0,,3.0,"46.10396, -118.9184",,,POINT (-118.9184 46.10396)
Darling Ingredients Inc - Tacoma,2016,Food Production,Meat Products,311613.0,Rendering and Meat Byproduct Processing,Darling Ingredients Inc.,Tacoma,Pierce,Puget Sound Clean Air Agency,10274.0,0.0,10264.0,5.0,6.0,0.0,0.0,0.0,0.0,First year reporting.,1.0,"47.250503, -122.406461",,,POINT (-122.406461 47.250503)
Hampton Lumber Mills Washington Inc. - Morton,2016,Wood Products,Lumber Mills,321113.0,Sawmills,Hampton Lumber Mills Washington Inc.,Morton,Lewis,Southwest Clean Air Agency,30741.0,30335.0,0.0,58.0,347.0,0.0,0.0,0.0,0.0,,2.0,"46.565997, -122.269573",,,POINT (-122.269573 46.565997)
DH Feeders - Eltopia,2020,Livestock,Cattle Feedlots,112112.0,Cattle Feedlots,Easterday Ranches,Eltopia,Franklin,Ecology: Eastern Regional Office,14315.0,0.0,1259.0,1012.0,12043.0,0.0,0.0,0.0,0.0,,1.0,"46.50919, -118.881203",,,POINT (-118.881203 46.50919)
Public Utility District No. 1 of Benton County,2022,Power,COU,2211.0,"Electric Power Generation, Transmission and Distribution",Public Utility District No. 1 of Benton County,Kennewick,Benton,,53582.0,,,,,,,,,,,,,,
"Bio Energy Washington, LLC - Maple Valley",2019,Power Plants,"Other Power, Heating, or Cooling Plants",221119.0,Other Electric Power Generation,Bio Energy Washington,Maple Valley,King,Puget Sound Clean Air Agency,27273.0,25866.0,1269.0,41.0,96.0,0.0,0.0,0.0,0.0,,2.0,"47.455871, -122.041817",,,POINT (-122.041817 47.455871)
Matheson - Anacortes,2022,Petroleum Systems,Other Petroleum Systems,325120.0,Industrial Gas Manufacturing,Linde Gas North America LLC,Anacortes,Skagit,Northwest Clean Air Agency,43715.0,0.0,43715.0,0.0,0.0,0.0,0.0,0.0,0.0,,2.0,"48.467646, -122.554343",,,POINT (-122.554343 48.467646)
Alcoa Intalco Works - Ferndale,2013,Metals,Aluminum Production,331312.0,Primary Aluminum Production,Alcoa Corp.,Ferndale,Whatcom,Ecology: Industrial Section,1234637.0,0.0,428539.0,11351.0,35.0,0.0,794712.0,0.0,0.0,PFC emissions based on old source test information.,4.0,"48.8455, -122.7055",,,POINT (-122.7055 48.8455)
REC Solar Grade Silicon - Moses Lake,2015,Metals,Other Metals,331410.0,Primary Smelting and Refining of Nonferrous Metal (except Copper and Aluminum),REC Silicon,Moses Lake,Grant,Ecology: Eastern Regional Office,99496.0,0.0,99394.0,47.0,56.0,0.0,0.0,0.0,0.0,,2.0,"47.138359, -119.200383",,,POINT (-119.200383 47.138359)
Graymont Western US. Inc. - Tacoma,2018,Minerals,Lime Production,327410.0,Lime Manufacturing,"Graymont, Inc.",Tacoma,Pierce,Puget Sound Clean Air Agency,22.0,0.0,22.0,0.0,0.0,0.0,0.0,0.0,0.0,Facility shut down.,1.0,"47.271365, -122.397262",,,POINT (-122.397262 47.271365)
Chehalis Generation Facility - Chehalis,2022,Power Plants,Natural Gas Turbine Plants,221112.0,Fossil Fuel Electric Power Generation,Berkshire Hathaway,Chehalis,Lewis,EFSEC,875158.0,0.0,874270.0,405.0,483.0,0.0,0.0,0.0,0.0,,3.0,"46.6226, -122.9145",,,POINT (-122.9145 46.6226)
Tacoma Power - Tacoma,2023,Power,COU,221122.0,Electric Power Distribution,"City of Tacoma, Department of Public Utilities, Light Division DBA Tacoma Power",Tacoma,Pierce,,69131.0,,,,,,,,,,,,63871.0,Covered Entity,
Puget Sound Energy - Whitehorn Generating Station - Blaine,2018,Power Plants,Natural Gas Turbine Plants,221112.0,Fossil Fuel Electric Power Generation,Puget Holdings LLC,Blaine,Whatcom,Northwest Clean Air Agency,44531.0,0.0,44485.0,21.0,25.0,0.0,0.0,0.0,0.0,,2.0,"48.885475, -122.724299",,,POINT (-122.724299 48.885475)
NW Natural - supplier,2017,Supplier,Natural Gas Supplier,221210.0,Natural Gas Distribution,,Portland,Multnomah,,491847.0,0.0,491344.0,230.0,274.0,0.0,0.0,0.0,0.0,,,,,,
"SGL Carbon, LLC - Moses Lake",2021,Manufacturing,Transportation Industry,335991.0,Carbon and Graphite Product Manufacturing,SGL Automotive Carbon Fibers LLC,Moses Lake,Grant,Ecology: Eastern Regional Office,12715.0,0.0,12702.0,6.0,7.0,0.0,0.0,0.0,0.0,,1.0,"47.208993, -119.285437",,,POINT (-119.285437 47.208993)
McCain Foods - Othello,2021,Food Production,Potato Products,311411.0,"Frozen Fruit, Juice, and Vegetable Manufacturing",McCain USA Inc.,Othello,Adams,Ecology: Eastern Regional Office,67901.0,192.0,38807.0,28880.0,22.0,0.0,0.0,0.0,0.0,,2.0,"46.840102, -119.172705",,,POINT (-119.172705 46.840102)
The Boeing Company - Fabrication (Frederickson Site) - Puyallup,2012,Manufacturing,Transportation Industry,336411.0,Aircraft Manufacturing,The Boeing Company,Puyallup,Pierce,Puget Sound Clean Air Agency,22582.0,0.0,22558.0,11.0,13.0,0.0,0.0,0.0,0.0,,1.0,"47.088831, -122.34862",,,POINT (-122.34862 47.088831)
"Interfor US, Inc. - Port Angeles",2020,Wood Products,Lumber Mills,321113.0,Sawmills,Interfor US Inc.,Port Angeles,Clallam,Olympic Region Clean Air Agency,39881.0,39355.0,0.0,76.0,450.0,0.0,0.0,0.0,0.0,,2.0,"48.103425, -123.518642",,,POINT (-123.518642 48.103425)
Frito Lay - Vancouver,2017,Food Production,Other Food Products,311919.0,Other Snack Food Manufacturing,PepsiCo Inc,Vancouver,Clark,Southwest Clean Air Agency,17206.0,0.0,17189.0,8.0,10.0,0.0,0.0,0.0,0.0,,1.0,"45.657037, -122.692",,,POINT (-122.692 45.657037)
Cathcart Landfill - Snohomish,2021,Waste,Landfills,562212.0,Solid Waste Landfill,Snohomish County,Snohomish,Snohomish,Puget Sound Clean Air Agency,16577.0,1577.0,292.0,14702.0,6.0,0.0,0.0,0.0,0.0,,1.0,"47.870014, -122.118284",,,POINT (-122.118284 47.870014)
Cowlitz County Tennant Way Landfill - Longview,2022,Waste,Landfills,562212.0,Solid Waste Landfill,Cowlitz County Washington,Longview,Cowlitz,Southwest Clean Air Agency,21302.0,2729.0,0.0,18564.0,10.0,0.0,0.0,0.0,0.0,,1.0,"46.107229, -122.905601",,,POINT (-122.905601 46.107229)
"WestRock CP, LLC - Tacoma",2016,Pulp and Paper,Kraft Mills,322130.0,Paperboard Mills,Westrock Corp.,Tacoma,Pierce,Ecology: Industrial Section,1134873.0,1011165.0,117370.0,1133.0,5205.0,0.0,0.0,0.0,0.0,,4.0,"47.260953, -122.421765",,,POINT (-122.421765 47.260953)
Washington State University - Pullman,2021,Government,Education,611310.0,"Colleges, Universities, and Professional Schools",State of Washington,Pullman,Whitman,Ecology: Eastern Regional Office,62454.0,0.0,62389.0,30.0,35.0,0.0,0.0,0.0,0.0,,2.0,"46.728702, -117.151481",,,POINT (-117.151481 46.728702)
Washington Potato Company - Warden,2017,Food Production,Potato Products,311991.0,Perishable Prepared Food Manufacturing,Washington Potato Co.,Warden,Grant,Ecology: Eastern Regional Office,29844.0,0.0,29814.0,14.0,17.0,0.0,0.0,0.0,0.0,,2.0,"46.970469, -119.063631",,,POINT (-119.063631 46.970469)
Roosevelt Regional Landfill - Roosevelt,2016,Waste,Landfills,562212.0,Solid Waste Landfill,"Republic Services, Inc.",Roosevelt,Klickitat,Ecology: Central Regional Office,196768.0,0.0,287.0,196480.0,1.0,0.0,0.0,0.0,0.0,,3.0,"45.807146, -120.179785",,,POINT (-120.179785 45.807146)
Seattle-Tacoma International Airport - Seattle,2023,Government,Other Government,488119.0,Other Airport Operations,Port of Seattle,Seattle,King,Puget Sound Clean Air Agency,16544.0,0.0,16527.0,8.0,10.0,0.0,0.0,0.0,0.0,,1.0,"47.443643, -122.302452",,Reporter,POINT (-122.302452 47.443643)
Owens-Brockway Glass Container Inc Plant #2 - Kalama,2013,Minerals,Glass Production,327213.0,Glass Container Manufacturing,O-I Glass Inc.,Kalama,Cowlitz,Southwest Clean Air Agency,19199.0,0.0,19186.0,6.0,7.0,0.0,0.0,0.0,0.0,,1.0,"46.031656, -122.866241",,,POINT (-122.866241 46.031656)
Northwest Pipeline Plymouth C/S - Plymouth,2022,Natural Gas Systems,Natural Gas Transmission/Compression,486210.0,Pipeline Transportation of Natural Gas,"The Williams Companies, Inc.",Plymouth,Benton,Benton Clean Air Agency,8337.0,0.0,5960.0,2375.0,3.0,0.0,0.0,0.0,0.0,,1.0,"45.9309, -119.41019",,,POINT (-119.41019 45.9309)
Naval Base Kitsap Bangor - Silverdale,2016,Government,National Security,928110.0,National Security,US Government,Silverdale,Kitsap,Puget Sound Clean Air Agency,20109.0,0.0,20086.0,10.0,13.0,0.0,0.0,0.0,0.0,,1.0,"47.699284, -122.696926",,,POINT (-122.696926 47.699284)
Weyerhaeuser Raymond Lumber - Raymond,2016,Wood Products,Lumber Mills,321113.0,Sawmills,Weyerhaeuser Co.,Raymond,Pacific,Olympic Region Clean Air Agency,47372.0,46747.0,0.0,90.0,535.0,0.0,0.0,0.0,0.0,,2.0,"46.688088, -123.737495",,,POINT (-123.737495 46.688088)
Avista Corporation - supplier,2016,Supplier,Natural Gas Supplier,,,Avista Corporation,Spokane,Spokane,,959991.0,0.0,959001.0,452.0,539.0,0.0,0.0,0.0,0.0,,,,,,
Avista Corporation - WA State DOE Reporting - statewide,2013,Natural Gas Systems,Natural Gas Local Distribution Companies,221121.0,Electric Bulk Power Transmission and Control,Avista Corp.,Spokane,Spokane,Spokane Regional Clean Air Agency,16127.0,0.0,18.0,15180.0,0.0,0.0,0.0,928.0,0.0,,1.0,"47.673486, -117.388514",,,POINT (-117.388514 47.673486)
Chehalis Generation Facility - Chehalis,2017,Power Plants,Natural Gas Turbine Plants,221112.0,Fossil Fuel Electric Power Generation,Berkshire Hathaway,Chehalis,Lewis,EFSEC,727165.0,0.0,726426.0,337.0,401.0,0.0,0.0,0.0,0.0,,3.0,"46.6226, -122.9145",,,POINT (-122.9145 46.6226)
King County Solid Waste Cedar Hills Landfill - Maple Valley,2020,Waste,Landfills,562212.0,Solid Waste Landfill,King County Solid Waste Division,Maple Valley,King,Puget Sound Clean Air Agency,131246.0,0.0,187.0,131058.0,1.0,0.0,0.0,0.0,0.0,,3.0,"47.462625, -122.046025",,,POINT (-122.046025 47.462625)
Idemitsu Apollo Corporation - Sacramento,2023,Supplier,Other Fuel Supplier,424710.0,Petroleum Bulk Stations and Terminals,Idemitsu Americas Holdings Corporation,Sacramento,Sacramento,,141420.0,4534.0,136569.0,32.0,284.0,0.0,0.0,0.0,0.0,,,,93602.0,Covered Entity,
Cosmo Specialty Fibers Inc - Cosmopolis,2020,Pulp and Paper,Sulfite Mills,322110.0,Pulp Mills,Cosmo Specialty Fibers Inc.,Cosmopolis,Grays Harbor,Ecology: Industrial Section,206126.0,186698.0,15206.0,3457.0,766.0,0.0,0.0,0.0,0.0,,3.0,"46.952907, -123.76211",,,POINT (-123.76211 46.952907)
Northwest Pipeline C/S - Snohomish,2019,Natural Gas Systems,Natural Gas Transmission/Compression,486210.0,Pipeline Transportation of Natural Gas,"The Williams Companies, Inc.",Snohomish,Snohomish,Puget Sound Clean Air Agency,25145.0,0.0,24353.0,779.0,14.0,0.0,0.0,0.0,0.0,,2.0,"47.78825, -122.05859",,,POINT (-122.05859 47.78825)
Benton Rural Electric Association - Prosser,2022,Power,COOP,2211.0,"Electric Power Generation, Transmission and Distribution",Benton Rural Electric Association,Prosser,Benton,,10506.0,,,,,,,,,,,,,,
Puget Sound Energy - Jackson Prairie Gas Storage - Chehalis,2018,Natural Gas Systems,Natural Gas Storage,486210.0,Pipeline Transportation of Natural Gas,Puget Holdings LLC,Chehalis,Lewis,Southwest Clean Air Agency,12159.0,0.0,10869.0,1284.0,6.0,0.0,0.0,0.0,0.0,First year reporting.,1.0,"46.53461, -122.838569",,,POINT (-122.838569 46.53461)
Cosmo Specialty Fibers Inc - Cosmopolis,2018,Pulp and Paper,Sulfite Mills,322110.0,Pulp Mills,Cosmo Specialty Fibers Inc.,Cosmopolis,Grays Harbor,Ecology: Industrial Section,602496.0,576365.0,19693.0,4113.0,2325.0,0.0,0.0,0.0,0.0,,3.0,"46.952907, -123.76211",,,POINT (-123.76211 46.952907)
U.S. Oil & Refining Co. - Tacoma,2017,Petroleum Systems,Petroleum Refineries,324110.0,Petroleum Refineries,Par Pacific Holdings Inc.,Tacoma,Pierce,Puget Sound Clean Air Agency,142341.0,0.0,140833.0,1038.0,471.0,0.0,0.0,0.0,0.0,,3.0,"47.256813, -122.394952",,,POINT (-122.394952 47.256813)
Western Washington University - Bellingham,2014,Government,Education,611310.0,"Colleges, Universities, and Professional Schools",Western Washington University,Bellingham,Whatcom,Northwest Clean Air Agency,10799.0,0.0,10788.0,5.0,6.0,0.0,0.0,0.0,0.0,,1.0,"48.736499, -122.484714",,,POINT (-122.484714 48.736499)
SDS Lumber Company - Bingen,2022,Wood Products,Lumber Mills,321113.0,Sawmills,SDS Lumber Company,Bingen,Klickitat,Ecology: Central Regional Office,47223.0,46423.0,180.0,89.0,531.0,0.0,0.0,0.0,0.0,,2.0,"45.713913, -121.468688",,,POINT (-121.468688 45.713913)
Port Townsend Paper Corporation - Port Townsend,2015,Pulp and Paper,Kraft Mills,322121.0,Paper (except Newsprint) Mills,Port Townsend Paper Corp.,Port Townsend,Jefferson,Ecology: Industrial Section,572564.0,503209.0,64332.0,2411.0,2612.0,0.0,0.0,0.0,0.0,,3.0,"48.093793, -122.796806",,,POINT (-122.796806 48.093793)
Boeing Commercial Airplanes - Everett,2022,Manufacturing,Transportation Industry,336411.0,Aircraft Manufacturing,The Boeing Company,Everett,Snohomish,Puget Sound Clean Air Agency,69711.0,0.0,69639.0,33.0,39.0,0.0,0.0,0.0,0.0,,2.0,"47.918622, -122.276987",,,POINT (-122.276987 47.918622)
The Boeing Company: DC/MFC - Tukwila,2023,Manufacturing,Transportation Industry,336411.0,Aircraft Manufacturing,The Boeing Company,Tukwila,King,Puget Sound Clean Air Agency,16355.0,0.0,16338.0,8.0,9.0,0.0,0.0,0.0,0.0,,1.0,"47.516246, -122.298613",,Reporter,POINT (-122.298613 47.516246)
Washington State University - Pullman,2012,Government,Education,611310.0,"Colleges, Universities, and Professional Schools",State of Washington,Pullman,Whitman,Ecology: Eastern Regional Office,56680.0,0.0,56619.0,27.0,33.0,0.0,0.0,0.0,0.0,,2.0,"46.728702, -117.151481",,,POINT (-117.151481 46.728702)
Darigold - Chehalis,2013,Food Production,Dairy Products,311514.0,"Dry, Condensed, and Evaporated Dairy Product Manufacturing",Darigold Inc.,Chehalis,Lewis,Southwest Clean Air Agency,13706.0,0.0,13691.0,7.0,8.0,0.0,0.0,0.0,0.0,,1.0,"46.659952, -122.970162",,,POINT (-122.970162 46.659952)
Air Liquide Hydrogen Plant  - Anacortes,2014,Petroleum Systems,Other Petroleum Systems,325120.0,Industrial Gas Manufacturing,Air Liquide USA Inc.,Anacortes,Skagit,Northwest Clean Air Agency,64110.0,0.0,64110.0,0.0,0.0,0.0,0.0,0.0,0.0,,2.0,"48.465617, -122.556032",,,POINT (-122.556032 48.465617)
Ascensus Specialties LLC - Elma,2014,Chemicals,Other Chemicals,325180.0,Other Basic Inorganic Chemical Manufacturing,VSI Holdings LLC,Elma,Grays Harbor,Olympic Region Clean Air Agency,21231.0,0.0,21209.0,10.0,12.0,0.0,0.0,0.0,0.0,,1.0,"46.995459, -123.382316",,,POINT (-123.382316 46.995459)
The Boeing Company - Renton,2013,Manufacturing,Transportation Industry,336411.0,Aircraft Manufacturing,The Boeing Company,Renton,King,Puget Sound Clean Air Agency,19419.0,0.0,19400.0,9.0,11.0,0.0,0.0,0.0,0.0,,1.0,"47.498257, -122.211346",,,POINT (-122.211346 47.498257)
Pembina Midstream (USA) Inc. - Houston,2023,Supplier,Other Fuel Supplier,221210.0,Natural Gas Distribution,Pembina NGL Corporation,Houston,Harris,,2133.0,0.0,2124.0,3.0,6.0,0.0,0.0,0.0,0.0,,,,2133.0,Covered Entity,
Star Forge LLC dba Jorgensen Forge - Tukwila,2013,Metals,Other Metals,332111.0,Iron and Steel Forging,Jorgensen Forge Corp.,Tukwila,King,Puget Sound Clean Air Agency,16442.0,0.0,16426.0,8.0,9.0,0.0,0.0,0.0,0.0,,1.0,"47.526872, -122.303906",,,POINT (-122.303906 47.526872)
University of Washington Seattle Campus - Seattle,2022,Government,Education,611310.0,"Colleges, Universities, and Professional Schools",State of Washington,Seattle,King,Puget Sound Clean Air Agency,91798.0,0.0,91703.0,43.0,52.0,0.0,0.0,0.0,0.0,,2.0,"47.653614, -122.303608",,,POINT (-122.303608 47.653614)
Central Washington University - Ellensburg,2016,Government,Education,611310.0,"Colleges, Universities, and Professional Schools",State of Washington,Ellensburg,Kittitas,Ecology: Central Regional Office,12278.0,0.0,12265.0,6.0,7.0,0.0,0.0,0.0,0.0,,1.0,"47.003202, -120.544513",,,POINT (-120.544513 47.003202)
Puget Sound Energy - Fredonia Generating Station - Mount Vernon,2022,Power Plants,Natural Gas Turbine Plants,221112.0,Fossil Fuel Electric Power Generation,Puget Holdings LLC,Mount Vernon,Skagit,Northwest Clean Air Agency,188307.0,0.0,188108.0,90.0,110.0,0.0,0.0,0.0,0.0,,3.0,"48.4553, -122.435",,,POINT (-122.435 48.4553)
Lamb Weston - Connell,2018,Food Production,Potato Products,311411.0,"Frozen Fruit, Juice, and Vegetable Manufacturing","Lamb Weston, Inc.",Connell,Franklin,Ecology: Eastern Regional Office,35338.0,0.0,35301.0,17.0,20.0,0.0,0.0,0.0,0.0,,2.0,"46.651389, -118.871944",,,POINT (-118.871944 46.651389)
The Boeing Company - Auburn Site - Auburn,2012,Manufacturing,Transportation Industry,336413.0,Other Aircraft Parts and Auxiliary Equipment Manufacturing,The Boeing Company,Auburn,King,Puget Sound Clean Air Agency,38932.0,0.0,38892.0,18.0,22.0,0.0,0.0,0.0,0.0,,2.0,"47.285551, -122.242298",,,POINT (-122.242298 47.285551)
bp Cherry Point Refinery - Blaine,2016,Petroleum Systems,Petroleum Refineries,324110.0,Petroleum Refineries,BP America Inc.,Blaine,Whatcom,Northwest Clean Air Agency,2130007.0,0.0,2118964.0,6390.0,4654.0,0.0,0.0,0.0,0.0,Assigned Emissions Level,5.0,"48.8864, -122.7353",,,POINT (-122.7353 48.8864)
"Solvay Chemicals, Inc. - Longview",2023,Chemicals,Other Chemicals,325180.0,Other Basic Inorganic Chemical Manufacturing,Solvay Chemicals Inc.,Longview,Cowlitz,Southwest Clean Air Agency,50068.0,0.0,50068.0,0.0,0.0,0.0,0.0,0.0,0.0,,2.0,"46.137218, -122.982847",50068.0,Covered Entity,POINT (-122.982847 46.137218)
Northwest Pipeline C/S - Mount Vernon,2020,Natural Gas Systems,Natural Gas Transmission/Compression,486210.0,Pipeline Transportation of Natural Gas,"The Williams Companies, Inc.",Mount Vernon,Skagit,Northwest Clean Air Agency,28539.0,0.0,27033.0,1491.0,15.0,0.0,0.0,0.0,0.0,,2.0,"48.421967, -122.21547",,,POINT (-122.21547 48.421967)
Cathcart Landfill - Snohomish,2014,Waste,Landfills,562212.0,Solid Waste Landfill,Snohomish County,Snohomish,Snohomish,Puget Sound Clean Air Agency,22454.0,0.0,247.0,22207.0,0.0,0.0,0.0,0.0,0.0,,1.0,"47.870014, -122.118284",,,POINT (-122.118284 47.870014)
Fairchild AFB - Spokane Co.,2023,Government,National Security,928110.0,National Security,US Government,Fairchild Air Force Base,Spokane,Spokane Regional Clean Air Agency,13446.0,0.0,13433.0,6.0,7.0,0.0,0.0,0.0,0.0,,1.0,"47.641332, -117.644832",,Reporter,POINT (-117.644832 47.641332)
"EcoLube Recovery, LLC - Portland",2023,Supplier,Other Fuel Supplier,324191.0,Petroleum Lubricating Oil and Grease Manufacturing,"EcoLube Recovery, LLC",Portland,Multnomah,,16085.0,0.0,16029.0,16.0,39.0,0.0,0.0,0.0,0.0,,,,,Reporter,
The Boeing Company: Boeing Plant 2 - Seattle,2016,Manufacturing,Transportation Industry,336411.0,Aircraft Manufacturing,The Boeing Company,Seattle,King,Puget Sound Clean Air Agency,20967.0,0.0,20945.0,10.0,12.0,0.0,0.0,0.0,0.0,,1.0,"47.532524, -122.311623",,,POINT (-122.311623 47.532524)
U.S. Department of Energy Hanford Site - Richland,2016,Government,Other Government,924110.0,Administration of Air and Water Resource and Solid Waste Management Programs,US Government,Richland,Benton,Ecology: NWP,14174.0,0.0,4453.0,9714.0,7.0,0.0,0.0,0.0,0.0,,1.0,"46.55069, -119.489007",,,POINT (-119.489007 46.55069)
"SEI Fuel Services, Inc.",2022,Supplier,Other Fuel Supplier,424710.0,Petroleum Bulk Stations and Terminals,7-Eleven Inc,Irving,Dallas,,381356.0,20906.0,353963.0,523.0,5963.0,0.0,0.0,0.0,0.0,,,,,,
CertainTeed Gypsum - Seattle,2015,Manufacturing,Building Products,327420.0,Gypsum Product Manufacturing,Saint-Gobain Corporation,Seattle,King,Puget Sound Clean Air Agency,41654.0,0.0,41611.0,20.0,23.0,0.0,0.0,0.0,0.0,,2.0,"47.548056, -122.336944",,,POINT (-122.336944 47.548056)
J.R. Simplot Company - Othello,2022,Food Production,Potato Products,311411.0,"Frozen Fruit, Juice, and Vegetable Manufacturing",J.R. Simplot Company,Othello,Adams,Ecology: Eastern Regional Office,112190.0,0.0,50977.0,61184.0,29.0,0.0,0.0,0.0,0.0,,3.0,"46.837778, -119.176389",,,POINT (-119.176389 46.837778)
Boeing Commercial Airplanes - Everett,2013,Manufacturing,Transportation Industry,336411.0,Aircraft Manufacturing,The Boeing Company,Everett,Snohomish,Puget Sound Clean Air Agency,73643.0,0.0,73567.0,35.0,41.0,0.0,0.0,0.0,0.0,,2.0,"47.918622, -122.276987",,,POINT (-122.276987 47.918622)
Puget Sound Energy - Mint Farm Generating Station - Longview,2018,Power Plants,Natural Gas Turbine Plants,221112.0,Fossil Fuel Electric Power Generation,Puget Holdings LLC,Longview,Cowlitz,Southwest Clean Air Agency,547916.0,0.0,547359.0,254.0,303.0,0.0,0.0,0.0,0.0,,3.0,"46.140095, -122.985138",,,POINT (-122.985138 46.140095)
Lamb Weston - Quincy,2021,Food Production,Potato Products,311411.0,"Frozen Fruit, Juice, and Vegetable Manufacturing","Lamb Weston, Inc.",Quincy,Grant,Ecology: Eastern Regional Office,35504.0,0.0,35467.0,17.0,20.0,0.0,0.0,0.0,0.0,,2.0,"47.234413, -119.869914",,,POINT (-119.869914 47.234413)
"Gas Transmission Northwest Compressor Station 6, LLC - Rosalia",2013,Natural Gas Systems,Natural Gas Transmission/Compression,486210.0,Pipeline Transportation of Natural Gas,TransCanada Northern Border Inc.,Rosalia,Whitman,Spokane Regional Clean Air Agency,86778.0,0.0,80719.0,6014.0,45.0,0.0,0.0,0.0,0.0,,2.0,"47.277256, -117.406737",,,POINT (-117.406737 47.277256)
Steelscape - Kalama,2017,Metals,Other Metals,331221.0,Rolled Steel Shape Manufacturing,NS BlueScope USA LLC,Kalama,Cowlitz,Southwest Clean Air Agency,25217.0,0.0,25192.0,12.0,14.0,0.0,0.0,0.0,0.0,,2.0,"46.04326, -122.871703",,,POINT (-122.871703 46.04326)
Darigold - Lynden,2015,Food Production,Dairy Products,311514.0,"Dry, Condensed, and Evaporated Dairy Product Manufacturing",Darigold Inc.,Lynden,Whatcom,Northwest Clean Air Agency,21412.0,0.0,21390.0,10.0,12.0,0.0,0.0,0.0,0.0,,1.0,"48.947567, -122.451915",,,POINT (-122.451915 48.947567)
The Boeing Company - Fabrication (Frederickson Site) - Puyallup,2023,Manufacturing,Transportation Industry,336411.0,Aircraft Manufacturing,The Boeing Company,Puyallup,Pierce,Puget Sound Clean Air Agency,16168.0,0.0,16152.0,8.0,9.0,0.0,0.0,0.0,0.0,,1.0,"47.088831, -122.34862",,Reporter,POINT (-122.34862 47.088831)
"Tyson Fresh Meats, Inc. - Wallula",2012,Food Production,Meat Products,311611.0,Animal (except Poultry) Slaughtering,"Tyson Foods, Inc",Wallula,Walla Walla,Ecology: Eastern Regional Office,52155.0,0.0,21679.0,30464.0,12.0,0.0,0.0,0.0,0.0,,2.0,"46.137521, -118.913051",,,POINT (-118.913051 46.137521)
Pilot Travel Centers LLC - Knoxville,2022,Supplier,Other Fuel Supplier,457120.0,Other Gasoline Stations,Pilot Travel Centers LLC,Knoxville,Knox,,38889.0,18.0,38835.0,5.0,30.0,0.0,0.0,0.0,0.0,,,,,,
Tidewater Barge Lines - Vancouver,2022,Supplier,Other Fuel Supplier,424710.0,Petroleum Bulk Stations and Terminals,"Tidewater Holdings, Inc.",Vancouver,Clark,,34392.0,0.0,34364.0,4.0,24.0,0.0,0.0,0.0,0.0,,,,,,
Phillips 66 Ferndale Refinery - Ferndale,2019,Petroleum Systems,Petroleum Refineries,324110.0,Petroleum Refineries,Phillips 66 Company,Ferndale,Whatcom,Northwest Clean Air Agency,835061.0,0.0,831138.0,1821.0,2103.0,0.0,0.0,0.0,0.0,,3.0,"48.830142, -122.692114",,,POINT (-122.692114 48.830142)
Puget Sound Energy - Bellevue,2023,Power,IOU,,,Puget Sound Energy,Bellevue,King,,2599724.0,,,,,,,,,,,,2440643.0,Covered Entity,
Mutual Materials Mica Brick Plant - Spokane,2023,Minerals,Other Minerals,327120.0,Clay Building Material and Refractories Manufacturing,Mutual Materials Co.,Spokane,Spokane,Spokane Regional Clean Air Agency,8596.0,0.0,8587.0,4.0,5.0,0.0,0.0,0.0,0.0,,1.0,"47.55833, -117.2117",,Reporter,POINT (-117.2117 47.55833)
Cowlitz County Tennant Way Landfill - Longview,2019,Waste,Landfills,562212.0,Solid Waste Landfill,Cowlitz County Washington,Longview,Cowlitz,Southwest Clean Air Agency,18596.0,0.0,0.0,18596.0,0.0,0.0,0.0,0.0,0.0,,1.0,"46.107229, -122.905601",,,POINT (-122.905601 46.107229)
Sonoco Products - Sumner,2014,Pulp and Paper,Other Pulp and Paper,322130.0,Paperboard Mills,Sonoco Products Company,Sumner,Pierce,Puget Sound Clean Air Agency,10814.0,0.0,10803.0,5.0,6.0,0.0,0.0,0.0,0.0,,1.0,"47.210641, -122.239474",,,POINT (-122.239474 47.210641)
Sierra Pacific Industries - Centralia,2020,Wood Products,Lumber Mills,321113.0,Sawmills,Sierra Pacific Industries,Centralia,Lewis,Southwest Clean Air Agency,45809.0,45289.0,0.0,75.0,446.0,0.0,0.0,0.0,0.0,,2.0,"46.756413, -122.995433",,,POINT (-122.995433 46.756413)
Guy Bennett Lumber Company - Clarkston,2022,Wood Products,Lumber Mills,321113.0,Sawmills,Bennett Lumber Products Inc.,Clarkston,Asotin,Ecology: Eastern Regional Office,15452.0,15249.0,0.0,29.0,174.0,0.0,0.0,0.0,0.0,,1.0,"46.423108, -117.086487",,,POINT (-117.086487 46.423108)
Northwest Pipeline C/S - Washougal,2016,Natural Gas Systems,Natural Gas Transmission/Compression,486210.0,Pipeline Transportation of Natural Gas,"The Williams Companies, Inc.",Washougal,Clark,Southwest Clean Air Agency,15702.0,0.0,13199.0,2495.0,7.0,0.0,0.0,0.0,0.0,,1.0,"45.63236, -122.36516",,,POINT (-122.36516 45.63236)
J.R. Simplot Company - Moses Lake,2023,Food Production,Potato Products,311411.0,"Frozen Fruit, Juice, and Vegetable Manufacturing",J.R. Simplot Company,Moses Lake,Grant,Ecology: Eastern Regional Office,30430.0,4159.0,18246.0,8000.0,25.0,0.0,0.0,0.0,0.0,,2.0,"47.131732, -119.18926",26271.0,Covered Entity,POINT (-119.18926 47.131732)
Lamb Weston - Connell,2013,Food Production,Potato Products,311411.0,"Frozen Fruit, Juice, and Vegetable Manufacturing","Lamb Weston, Inc.",Connell,Franklin,Ecology: Eastern Regional Office,39841.0,0.0,39800.0,19.0,22.0,0.0,0.0,0.0,0.0,,2.0,"46.651389, -118.871944",,,POINT (-118.871944 46.651389)
Darigold - Sunnyside,2013,Food Production,Dairy Products,311513.0,Cheese Manufacturing,Darigold Inc.,Sunnyside,Yakima,Yakima Regional Clean Air Agency,19266.0,0.0,19246.0,9.0,11.0,0.0,0.0,0.0,0.0,,1.0,"46.30058, -120.015675",,,POINT (-120.015675 46.30058)
Northwest Pipeline Roosevelt C/S - Bickleton,2017,Natural Gas Systems,Natural Gas Transmission/Compression,486210.0,Pipeline Transportation of Natural Gas,"The Williams Companies, Inc.",Bickleton,Klickitat,Ecology: Central Regional Office,12487.0,0.0,8335.0,4148.0,5.0,0.0,0.0,0.0,0.0,,1.0,"45.849504, -120.08083",,,POINT (-120.08083 45.849504)
City of Tacoma Solid Waste Facility - Tacoma,2020,Waste,Landfills,562212.0,Solid Waste Landfill,City of Tacoma,Tacoma,Pierce,Puget Sound Clean Air Agency,11002.0,0.0,0.0,11002.0,0.0,0.0,0.0,0.0,0.0,,1.0,"47.223413, -122.499775",,,POINT (-122.499775 47.223413)
Boulder Park Generating Station - Spokane Valley,2018,Power Plants,"Other Power, Heating, or Cooling Plants",221112.0,Fossil Fuel Electric Power Generation,Avista Corp.,Spokane Valley,Spokane,Spokane Regional Clean Air Agency,23325.0,0.0,23301.0,11.0,13.0,0.0,0.0,0.0,0.0,,1.0,"47.696999, -117.147223",,,POINT (-117.147223 47.696999)
"Sun Pacific Energy, Inc - Kennewick",2023,Supplier,Other Fuel Supplier,,,SUN PACIFIC ENERGY INC,Kennewick,Benton,,14197.0,919.0,13044.0,19.0,216.0,0.0,0.0,0.0,0.0,,,,,Reporter,
Graymont Western US. Inc. - Tacoma,2013,Minerals,Lime Production,327410.0,Lime Manufacturing,"Graymont, Inc.",Tacoma,Pierce,Puget Sound Clean Air Agency,92862.0,0.0,92723.0,53.0,87.0,0.0,0.0,0.0,0.0,,2.0,"47.271365, -122.397262",,,POINT (-122.397262 47.271365)
Sierra Pacific Industries - Burlington - Mount Vernon,2023,Wood Products,Lumber Mills,321113.0,Sawmills,Sierra Pacific Industries,Mount Vernon,Skagit,Northwest Clean Air Agency,315563.0,309509.0,1919.0,595.0,3541.0,0.0,0.0,0.0,0.0,,3.0,"48.448553, -122.434613",,Reporter,POINT (-122.434613 48.448553)
Northwest Pipeline C/S - Sumner,2019,Natural Gas Systems,Natural Gas Transmission/Compression,486210.0,Pipeline Transportation of Natural Gas,"The Williams Companies, Inc.",Sumner,Pierce,Puget Sound Clean Air Agency,14576.0,0.0,13818.0,751.0,8.0,0.0,0.0,0.0,0.0,,1.0,"47.228986, -122.209551",,,POINT (-122.209551 47.228986)
Northwest Pipeline C/S - Chehalis,2013,Natural Gas Systems,Natural Gas Transmission/Compression,486210.0,Pipeline Transportation of Natural Gas,"The Williams Companies, Inc.",Chehalis,Lewis,Southwest Clean Air Agency,8637.0,0.0,7376.0,1257.0,4.0,0.0,0.0,0.0,0.0,,1.0,"46.533325, -122.87373",,,POINT (-122.87373 46.533325)
Murphy Veneer - Elma,2020,Wood Products,Other Wood Products,321212.0,Softwood Veneer and Plywood Manufacturing,Murphy Co.,Elma,Grays Harbor,Olympic Region Clean Air Agency,11215.0,0.0,11204.0,5.0,6.0,0.0,0.0,0.0,0.0,,1.0,"47.040323, -123.334339",,,POINT (-123.334339 47.040323)
Hampton Lumber Mills Washington Inc. - Darrington,2017,Wood Products,Lumber Mills,321113.0,Sawmills,Hampton Lumber Mills Washington Inc.,Darrington,Snohomish,Puget Sound Clean Air Agency,87331.0,86180.0,0.0,166.0,986.0,0.0,0.0,0.0,0.0,,2.0,"48.262797, -121.597608",,,POINT (-121.597608 48.262797)
Riverside Feeders SFL - Kennewick,2016,Livestock,Cattle Feedlots,112112.0,Cattle Feedlots,Easterday Ranches,Kennewick,Benton,Benton Clean Air Agency,24933.0,0.0,2661.0,1727.0,20545.0,0.0,0.0,0.0,0.0,,1.0,"45.991872, -119.136497",,,POINT (-119.136497 45.991872)
"Tyson Fresh Meats, Inc. - Wallula",2023,Food Production,Meat Products,311611.0,Animal (except Poultry) Slaughtering,"Tyson Foods, Inc",Wallula,Walla Walla,Ecology: Eastern Regional Office,100445.0,0.0,26384.0,74044.0,17.0,0.0,0.0,0.0,0.0,,3.0,"46.137521, -118.913051",99431.0,Covered Entity,POINT (-118.913051 46.137521)
Northwest Hardwoods Inc. - Longview,2019,Wood Products,Lumber Mills,321113.0,Sawmills,Littlejohn & Co. LLC,Longview,Cowlitz,Southwest Clean Air Agency,13053.0,8483.0,4453.0,18.0,100.0,0.0,0.0,0.0,0.0,,1.0,"46.114537, -122.916806",,,POINT (-122.916806 46.114537)
Ash Grove Cement Company - Seattle,2022,Minerals,Cement Production,327310.0,Cement Manufacturing,Ash Grove Cement Co.,Seattle,King,Puget Sound Clean Air Agency,315155.0,0.0,314639.0,206.0,310.0,0.0,0.0,0.0,0.0,,3.0,"47.56799, -122.34255",,,POINT (-122.34255 47.56799)
Alcoa Intalco Works - Ferndale,2019,Metals,Aluminum Production,331312.0,Primary Aluminum Production,Alcoa Corp.,Ferndale,Whatcom,Ecology: Industrial Section,1060051.0,0.0,367255.0,8932.0,31.0,0.0,683832.0,0.0,0.0,PFC emissions based on updated source test information.,4.0,"48.8455, -122.7055",,,POINT (-122.7055 48.8455)
Puget Sound Energy - Ferndale Generating Station - Ferndale,2020,Power Plants,Natural Gas Turbine Plants,221112.0,Fossil Fuel Electric Power Generation,Puget Holdings LLC,Ferndale,Whatcom,Northwest Clean Air Agency,509154.0,0.0,508637.0,236.0,281.0,0.0,0.0,0.0,0.0,,3.0,"48.828707, -122.685533",,,POINT (-122.685533 48.828707)
Puget Sound Energy - Whitehorn Generating Station - Blaine,2013,Power Plants,Natural Gas Turbine Plants,221112.0,Fossil Fuel Electric Power Generation,Puget Holdings LLC,Blaine,Whatcom,Northwest Clean Air Agency,28669.0,0.0,28640.0,14.0,15.0,0.0,0.0,0.0,0.0,,2.0,"48.885475, -122.724299",,,POINT (-122.724299 48.885475)
DH Feeders - Eltopia,2021,Livestock,Cattle Feedlots,112112.0,Cattle Feedlots,Easterday Ranches,Eltopia,Franklin,Ecology: Eastern Regional Office,6650.0,0.0,276.0,494.0,5880.0,0.0,0.0,0.0,0.0,Voluntary reporter.  Manure management reporting repealed by Legislature.,1.0,"46.50919, -118.881203",,,POINT (-118.881203 46.50919)
"Emerald City Renewables, LLC- Graham",2014,Power Plants,"Other Power, Heating, or Cooling Plants",221117.0,Biomass Electric Power Generation,Emerald City Renewables LLC,Graham,Pierce,Puget Sound Clean Air Agency,22121.0,22008.0,0.0,34.0,79.0,0.0,0.0,0.0,0.0,First year reporting.,1.0,"46.975533, -122.290871",,,POINT (-122.290871 46.975533)
Darling Ingredients Inc - Tacoma,2021,Food Production,Meat Products,311613.0,Rendering and Meat Byproduct Processing,Darling Ingredients Inc.,Tacoma,Pierce,Puget Sound Clean Air Agency,10230.0,0.0,10219.0,5.0,6.0,0.0,0.0,0.0,0.0,,1.0,"47.250503, -122.406461",,,POINT (-122.406461 47.250503)
WestRock LLC - Longview,2014,Pulp and Paper,Kraft Mills,322130.0,Paperboard Mills,Westrock Corp.,Longview,Cowlitz,Ecology: Industrial Section,1774975.0,1627697.0,140100.0,1429.0,5749.0,0.0,0.0,0.0,0.0,,4.0,"46.10361, -122.92167",,,POINT (-122.92167 46.10361)
"Coleman Oil Company, LLC",2023,Supplier,Other Fuel Supplier,424720.0,Petroleum and Petroleum Products Merchant Wholesalers (except Bulk Stations and Terminals),"Coleman Oil Company, LLC",Lewiston,Nez Perce,,336928.0,27277.0,307699.0,166.0,1786.0,0.0,0.0,0.0,0.0,,,,189329.0,Covered Entity,
Gas Transmission Northwest Compressor Station 7 -Prescott,2016,Natural Gas Systems,Natural Gas Transmission/Compression,486210.0,Pipeline Transportation of Natural Gas,TransCanada Northern Border Inc.,Starbuck,Columbia,Ecology: Eastern Regional Office,19809.0,0.0,18587.0,1212.0,10.0,0.0,0.0,0.0,0.0,First year reporting.,1.0,"46.53558, -118.293441",,,POINT (-118.293441 46.53558)
City of Tacoma Solid Waste Facility - Tacoma,2021,Waste,Landfills,562212.0,Solid Waste Landfill,City of Tacoma,Tacoma,Pierce,Puget Sound Clean Air Agency,6247.0,0.0,0.0,6247.0,0.0,0.0,0.0,0.0,0.0,,1.0,"47.223413, -122.499775",,,POINT (-122.499775 47.223413)
CenTrio Energy Seattle LLC - Seattle,2014,Power Plants,"Other Power, Heating, or Cooling Plants",221330.0,Steam and Air-Conditioning Supply,Seattle Steam Company LLC,Seattle,King,Puget Sound Clean Air Agency,88421.0,25663.0,62351.0,79.0,329.0,0.0,0.0,0.0,0.0,,2.0,"47.6068, -122.340179",,,POINT (-122.340179 47.6068)
HF Sinclair Puget Sound Refinery LLC - Anacortes,2015,Petroleum Systems,Petroleum Refineries,324110.0,Petroleum Refineries,HollyFrontier Puget Sound Refining LLC,Anacortes,Skagit,Northwest Clean Air Agency,1946822.0,0.0,1935359.0,7078.0,4385.0,0.0,0.0,0.0,0.0,Assigned Emissions Level,4.0,"48.470931, -122.559161",,,POINT (-122.559161 48.470931)
US Army Joint Base Lewis-McChord - Pierce Co.,2019,Government,National Security,928110.0,National Security,US Government,Joint Base Lewis-McChord,Pierce,Puget Sound Clean Air Agency,74601.0,0.0,57927.0,16640.0,34.0,0.0,0.0,0.0,0.0,,2.0,"47.1142, -122.5365",,,POINT (-122.5365 47.1142)
River Road Generating Plant - Vancouver,2019,Power Plants,Natural Gas Turbine Plants,221112.0,Fossil Fuel Electric Power Generation,Clark Public Utilities,Vancouver,Clark,Southwest Clean Air Agency,686739.0,0.0,686042.0,318.0,379.0,0.0,0.0,0.0,0.0,,3.0,"45.64958, -122.724806",,,POINT (-122.724806 45.64958)
Cheyne Landfill - Zillah,2017,Waste,Landfills,562212.0,Solid Waste Landfill,Yakima County Public Services,Zillah,Yakima,Yakima Regional Clean Air Agency,37331.0,0.0,0.0,37331.0,0.0,0.0,0.0,0.0,0.0,,2.0,"46.4785, -120.2688",,,POINT (-120.2688 46.4785)
Northwest Pipeline Roosevelt C/S - Bickleton,2012,Natural Gas Systems,Natural Gas Transmission/Compression,486210.0,Pipeline Transportation of Natural Gas,"The Williams Companies, Inc.",Bickleton,Klickitat,Ecology: Central Regional Office,21280.0,0.0,18518.0,2752.0,10.0,0.0,0.0,0.0,0.0,,1.0,"45.849504, -120.08083",,,POINT (-120.08083 45.849504)
Guy Bennett Lumber Company - Clarkston,2017,Wood Products,Lumber Mills,321113.0,Sawmills,Bennett Lumber Products Inc.,Clarkston,Asotin,Ecology: Eastern Regional Office,20024.0,19760.0,0.0,38.0,226.0,0.0,0.0,0.0,0.0,,1.0,"46.423108, -117.086487",,,POINT (-117.086487 46.423108)
Waste Management Greater Wenatchee Regional Landfill - East Wenatchee,2014,Waste,Landfills,562212.0,Solid Waste Landfill,Waste Management Inc.,East Wenatchee,Douglas,Ecology: Central Regional Office,32740.0,0.0,0.0,32740.0,0.0,0.0,0.0,0.0,0.0,,2.0,"47.405083, -120.167444",,,POINT (-120.167444 47.405083)
Lamb Weston - Pasco,2018,Food Production,Potato Products,311411.0,"Frozen Fruit, Juice, and Vegetable Manufacturing","Lamb Weston, Inc.",Pasco,Franklin,Ecology: Eastern Regional Office,43648.0,0.0,43603.0,21.0,24.0,0.0,0.0,0.0,0.0,,2.0,"46.288137, -119.115336",,,POINT (-119.115336 46.288137)
LRI Landfill - Graham,2014,Waste,Landfills,562212.0,Solid Waste Landfill,Waste Connections Inc.,Graham,Pierce,Puget Sound Clean Air Agency,57749.0,0.0,0.0,57749.0,0.0,0.0,0.0,0.0,0.0,,2.0,"46.972405, -122.292799",,,POINT (-122.292799 46.972405)
Kimberly-Clark Corporation - Everett,2012,Pulp and Paper,Sulfite Mills,322110.0,Pulp Mills,Kimberly-Clark Corporation,Everett,Snohomish,Ecology: Industrial Section,26746.0,0.0,26716.0,13.0,18.0,0.0,0.0,0.0,0.0,Last year reporting.  Facility shut down.,2.0,"47.985, -122.216111",,,POINT (-122.216111 47.985)
Sonoco Products - Sumner,2019,Pulp and Paper,Other Pulp and Paper,322130.0,Paperboard Mills,Sonoco Products Company,Sumner,Pierce,Puget Sound Clean Air Agency,11611.0,0.0,11599.0,6.0,7.0,0.0,0.0,0.0,0.0,,1.0,"47.210641, -122.239474",,,POINT (-122.239474 47.210641)
Phillips 66 Ferndale Refinery - Ferndale,2016,Petroleum Systems,Petroleum Refineries,324110.0,Petroleum Refineries,Phillips 66 Company,Ferndale,Whatcom,Northwest Clean Air Agency,767579.0,0.0,763957.0,1728.0,1894.0,0.0,0.0,0.0,0.0,,3.0,"48.830142, -122.692114",,,POINT (-122.692114 48.830142)
Great Western Malt - Vancouver,2019,Food Production,Other Food Products,311213.0,Malt Manufacturing,Great Western Malt,Vancouver,Clark,Southwest Clean Air Agency,15095.0,0.0,15079.0,7.0,8.0,0.0,0.0,0.0,0.0,,1.0,"45.631069, -122.690043",,,POINT (-122.690043 45.631069)
"Nucor Steel Seattle, Inc, - Seattle",2013,Metals,Iron and Steel Production,331110.0,Iron and Steel Mills and Ferroalloy Manufacturing,Nucor Corporation,Seattle,King,Puget Sound Clean Air Agency,128708.0,0.0,128672.0,16.0,19.0,0.0,0.0,0.0,0.0,,3.0,"47.569331, -122.367332",,,POINT (-122.367332 47.569331)
Sierra Pacific Industries - Centralia,2017,Wood Products,Lumber Mills,321113.0,Sawmills,Sierra Pacific Industries,Centralia,Lewis,Southwest Clean Air Agency,44147.0,43566.0,0.0,84.0,498.0,0.0,0.0,0.0,0.0,,2.0,"46.756413, -122.995433",,,POINT (-122.995433 46.756413)
Spokane Waste to Energy Facility - Spokane,2021,Power Plants,"Other Power, Heating, or Cooling Plants",562213.0,Solid Waste Combustors and Incinerators,City of Spokane,Spokane,Spokane,Spokane Regional Clean Air Agency,242787.0,141607.0,95840.0,2083.0,3258.0,0.0,0.0,0.0,0.0,,3.0,"47.626529, -117.504278",,,POINT (-117.504278 47.626529)
"Interfor US, Inc. - Forks",2013,Wood Products,Lumber Mills,321912.0,"Cut Stock, Resawing Lumber, and Planing",Interfor US Inc.,Forks,Clallam,Olympic Region Clean Air Agency,27296.0,26712.0,0.0,228.0,356.0,0.0,0.0,0.0,0.0,,2.0,"47.971946, -124.399193",,,POINT (-124.399193 47.971946)
"Boise Cascade Wood Products, LLC.  Kettle Falls Lumber - Kettle Falls",2023,Wood Products,Lumber Mills,321912.0,"Cut Stock, Resawing Lumber, and Planing",Boise Cascade Company,Kettle Falls,Stevens,Ecology: Eastern Regional Office,57275.0,56520.0,0.0,109.0,646.0,0.0,0.0,0.0,0.0,,2.0,"48.609799, -118.067441",,Reporter,POINT (-118.067441 48.609799)
Public Utility District No. 1 of Douglas County - East Wenatchee,2022,Power,COU,221111.0,"Electric power generation, hydroelectric",Public Utility District No. 1 of Dougals County,East Wenatchee,Douglas,,127167.0,,,,,,,,,,,,,,
Air Liquide Electronics Moses Lake Hydrogen Plant,2016,Chemicals,Other Chemicals,325120.0,Industrial Gas Manufacturing,Air Liquide USA Inc.,Moses Lake,Grant,Ecology: Eastern Regional Office,11369.0,0.0,11369.0,0.0,0.0,0.0,0.0,0.0,0.0,,1.0,"47.135844, -119.19962",,,POINT (-119.19962 47.135844)
Frito Lay - Vancouver,2012,Food Production,Other Food Products,311919.0,Other Snack Food Manufacturing,PepsiCo Inc,Vancouver,Clark,Southwest Clean Air Agency,14802.0,0.0,14786.0,7.0,8.0,0.0,0.0,0.0,0.0,,1.0,"45.657037, -122.692",,,POINT (-122.692 45.657037)
Grays Harbor Energy Center - Elma,2014,Power Plants,Natural Gas Turbine Plants,221112.0,Fossil Fuel Electric Power Generation,Invenergy Investment Company LLC,Elma,Grays Harbor,EFSEC,650571.0,0.0,649910.0,301.0,359.0,0.0,0.0,0.0,0.0,,3.0,"46.9688, -123.48",,,POINT (-123.48 46.9688)
Marathon Petroleum Co LP,2023,Supplier,Other Fuel Supplier,324110.0,Petroleum Refineries,Marathon Petroleum Co LP,Findlay,Hancock,,8451024.0,351849.0,7996211.0,9526.0,93437.0,0.0,0.0,0.0,0.0,,,,6773968.0,Covered Entity,
Ponderay Industries - Usk,2016,Pulp and Paper,Other Pulp and Paper,322122.0,Newsprint Mills,Ponderay Industries,Usk,Pend Oreille,Ecology: Eastern Regional Office,46201.0,42235.0,3388.0,85.0,493.0,0.0,0.0,0.0,0.0,,2.0,"48.289771, -117.271359",,,POINT (-117.271359 48.289771)
Goodrich Corporation - Spokane,2017,Manufacturing,Transportation Industry,336413.0,Other Aircraft Parts and Auxiliary Equipment Manufacturing,Raytheon Technologies Corp,Spokane,Spokane,Spokane Regional Clean Air Agency,44750.0,0.0,44696.0,23.0,30.0,0.0,0.0,0.0,0.0,,2.0,"47.583604, -117.568511",,,POINT (-117.568511 47.583604)
Matheson - Anacortes,2020,Petroleum Systems,Other Petroleum Systems,325120.0,Industrial Gas Manufacturing,Linde Gas North America LLC,Anacortes,Skagit,Northwest Clean Air Agency,47503.0,0.0,47503.0,0.0,0.0,0.0,0.0,0.0,0.0,,2.0,"48.467646, -122.554343",,,POINT (-122.554343 48.467646)
Macquarie Energy LLC - Houston,2022,Power,Marketer,,,Macquarie Financial Holdings (USA) LLC,Houston,Harris,,34155.0,,,,,,,,,,,,,,
Inland Empire Paper Company - Spokane,2019,Pulp and Paper,Other Pulp and Paper,322122.0,Newsprint Mills,Cowles Publishing Co.,Spokane,Spokane,Spokane Regional Clean Air Agency,31037.0,17639.0,13149.0,40.0,209.0,0.0,0.0,0.0,0.0,,2.0,"47.688295, -117.279323",,,POINT (-117.279323 47.688295)
Port Townsend Paper Corporation - Port Townsend,2022,Pulp and Paper,Kraft Mills,322121.0,Paper (except Newsprint) Mills,Port Townsend Paper Corp.,Port Townsend,Jefferson,Ecology: Industrial Section,512753.0,431045.0,76694.0,2482.0,2532.0,0.0,0.0,0.0,0.0,,3.0,"48.093793, -122.796806",,,POINT (-122.796806 48.093793)
Mason Public Utility District 3 - Shelton,2023,Power,COU,2211.0,"Electric Power Generation, Transmission and Distribution",Mason Public Utility District 3,Shelton,Mason,,12413.0,,,,,,,,,,,,,Reporter,
Packaging Corporation of America - Wallula,2015,Pulp and Paper,Kraft Mills,322121.0,Paper (except Newsprint) Mills,Packaging Corp of America,Wallula,Walla Walla,Ecology: Industrial Section,853674.0,717427.0,120250.0,13443.0,2554.0,0.0,0.0,0.0,0.0,,3.0,"46.10396, -118.9184",,,POINT (-118.9184 46.10396)
Keyes Fibre Corporation - Wenatchee,2014,Pulp and Paper,Other Pulp and Paper,322299.0,All Other Converted Paper Product Manufacturing,Tekni-Plex Wenatchee Fiber Consumer Porducts,Wenatchee,Chelan,Ecology: Central Regional Office,16628.0,0.0,16611.0,8.0,9.0,0.0,0.0,0.0,0.0,,1.0,"47.485987, -120.316363",,,POINT (-120.316363 47.485987)
Darigold - Chehalis,2020,Food Production,Dairy Products,311514.0,"Dry, Condensed, and Evaporated Dairy Product Manufacturing",Darigold Inc.,Chehalis,Lewis,Southwest Clean Air Agency,12635.0,0.0,12622.0,6.0,7.0,0.0,0.0,0.0,0.0,,1.0,"46.659952, -122.970162",,,POINT (-122.970162 46.659952)
Roosevelt Regional Landfill - Roosevelt,2012,Waste,Landfills,562212.0,Solid Waste Landfill,"Republic Services, Inc.",Roosevelt,Klickitat,Ecology: Central Regional Office,270943.0,0.0,304.0,270638.0,1.0,0.0,0.0,0.0,0.0,,3.0,"45.807146, -120.179785",,,POINT (-120.179785 45.807146)
"Gas Transmission Northwest, LLC - Houston",2022,Supplier,Natural Gas Supplier,486210.0,Pipeline Transportation of Natural Gas,TC Energy,Houston,Harris,,4458.0,0.0,4453.0,2.0,3.0,0.0,0.0,0.0,0.0,Under review.,,,,,
Cowlitz County Headquarters Landfill - Castle Rock,2020,Waste,Landfills,562212.0,Solid Waste Landfill,Cowlitz County,Castle Rock,Cowlitz,Southwest Clean Air Agency,231381.0,9394.0,0.0,221954.0,34.0,0.0,0.0,0.0,0.0,,3.0,"46.246902, -122.772284",,,POINT (-122.772284 46.246902)
Hidden Valley Landfill - Puyallup,2023,Waste,Landfills,562212.0,Solid Waste Landfill,Waste Connections US Inc.,Puyallup,Pierce,Puget Sound Clean Air Agency,93461.0,1654.0,0.0,91801.0,6.0,0.0,0.0,0.0,0.0,,2.0,"47.095, -122.2878",,Reporter,POINT (-122.2878 47.095)
"Solvay Chemicals, Inc. - Longview",2017,Chemicals,Other Chemicals,325180.0,Other Basic Inorganic Chemical Manufacturing,Solvay Chemicals Inc.,Longview,Cowlitz,Southwest Clean Air Agency,46989.0,0.0,46989.0,0.0,0.0,0.0,0.0,0.0,0.0,,2.0,"46.137218, -122.982847",,,POINT (-122.982847 46.137218)
Avista Corporation - WA State DOE Reporting - statewide,2020,Natural Gas Systems,Natural Gas Local Distribution Companies,221121.0,Electric Bulk Power Transmission and Control,Avista Corp.,Spokane,Spokane,Spokane Regional Clean Air Agency,720.0,0.0,0.0,0.0,0.0,0.0,0.0,720.0,0.0,,1.0,"47.673486, -117.388514",,,POINT (-117.388514 47.673486)
University of Washington Seattle Campus - Seattle,2017,Government,Education,611310.0,"Colleges, Universities, and Professional Schools",State of Washington,Seattle,King,Puget Sound Clean Air Agency,94113.0,0.0,94016.0,44.0,53.0,0.0,0.0,0.0,0.0,,2.0,"47.653614, -122.303608",,,POINT (-122.303608 47.653614)
Puget Sound Energy - Encogen Generating Station - Bellingham,2021,Power Plants,Natural Gas Turbine Plants,221112.0,Fossil Fuel Electric Power Generation,Puget Holdings LLC,Bellingham,Whatcom,Northwest Clean Air Agency,257574.0,0.0,257312.0,119.0,142.0,0.0,0.0,0.0,0.0,,3.0,"48.746, -122.486",,,POINT (-122.486 48.746)
Georgia-Pacific Consumer Operations LLC - Camas,2015,Pulp and Paper,Kraft Mills,322120.0,Paper Mills,Koch Industries Inc.,Camas,Clark,Ecology: Industrial Section,640546.0,502054.0,129504.0,7531.0,1458.0,0.0,0.0,0.0,0.0,Assigned Emissions Level,3.0,"45.584271, -122.40843",,,POINT (-122.40843 45.584271)
Sierra Pacific Industries - Aberdeen,2015,Wood Products,Lumber Mills,321113.0,Sawmills,Sierra Pacific Industries,Aberdeen,Grays Harbor,Olympic Region Clean Air Agency,249544.0,245941.0,317.0,472.0,2813.0,0.0,0.0,0.0,0.0,,3.0,"46.971875, -123.775526",,,POINT (-123.775526 46.971875)
Puget Sound Energy - Sumas Generating Station - Sumas,2022,Power Plants,Natural Gas Turbine Plants,221112.0,Fossil Fuel Electric Power Generation,Puget Holdings LLC,Sumas,Whatcom,Northwest Clean Air Agency,216953.0,0.0,216732.0,101.0,120.0,0.0,0.0,0.0,0.0,,3.0,"48.9905, -122.2733",,,POINT (-122.2733 48.9905)
"Midstream Energy Partners (USA), LLC -Tupman",2022,Supplier,Other Fuel Supplier,424720.0,Petroleum and Petroleum Products Merchant Wholesalers (except Bulk Stations and Terminals),"South 49 Holdings, Ltd.",Tupman,Kern,,67775.0,0.0,67503.0,80.0,192.0,0.0,0.0,0.0,0.0,,,,,,
Puget Sound Energy - Fredonia Generating Station - Mount Vernon,2017,Power Plants,Natural Gas Turbine Plants,221112.0,Fossil Fuel Electric Power Generation,Puget Holdings LLC,Mount Vernon,Skagit,Northwest Clean Air Agency,97134.0,0.0,97033.0,46.0,55.0,0.0,0.0,0.0,0.0,,2.0,"48.4553, -122.435",,,POINT (-122.435 48.4553)
Cascade Natural Gas Corporation LDC - statewide,2015,Natural Gas Systems,Natural Gas Local Distribution Companies,221210.0,Natural Gas Distribution,MDU Resources Group Inc.,Kennewick,Benton,Benton Clean Air Agency,22852.0,0.0,114.0,22738.0,0.0,0.0,0.0,0.0,0.0,,1.0,"46.21875, -119.22987",,,POINT (-119.22987 46.21875)
Lamb Weston - Pasco,2023,Food Production,Potato Products,311411.0,"Frozen Fruit, Juice, and Vegetable Manufacturing","Lamb Weston, Inc.",Pasco,Franklin,Ecology: Eastern Regional Office,35750.0,0.0,35713.0,17.0,20.0,0.0,0.0,0.0,0.0,,2.0,"46.288137, -119.115336",35750.0,Covered Entity,POINT (-119.115336 46.288137)
Cathcart Landfill - Snohomish,2019,Waste,Landfills,562212.0,Solid Waste Landfill,Snohomish County,Snohomish,Snohomish,Puget Sound Clean Air Agency,33268.0,0.0,231.0,33037.0,0.0,0.0,0.0,0.0,0.0,,2.0,"47.870014, -122.118284",,,POINT (-122.118284 47.870014)
Fred Meyer Stores Inc,2022,Supplier,Other Fuel Supplier,324110.0,Petroleum Refineries,Kroger CO,Hutchinson,Reno,,114796.0,7545.0,105160.0,169.0,1922.0,0.0,0.0,0.0,0.0,,,,,,
CenTrio Energy Seattle LLC - Seattle,2019,Power Plants,"Other Power, Heating, or Cooling Plants",221330.0,Steam and Air-Conditioning Supply,Seattle Steam Company LLC,Seattle,King,Puget Sound Clean Air Agency,69306.0,0.0,69234.0,33.0,40.0,0.0,0.0,0.0,0.0,,2.0,"47.6068, -122.340179",,,POINT (-122.340179 47.6068)
Seattle-Tacoma International Airport - Seattle,2018,Government,Other Government,488119.0,Other Airport Operations,Port of Seattle,Seattle,King,Puget Sound Clean Air Agency,14502.0,0.0,14487.0,7.0,8.0,0.0,0.0,0.0,0.0,,1.0,"47.443643, -122.302452",,,POINT (-122.302452 47.443643)
Providence Sacred Heart Medical Center - Spokane,2023,Health Care,Hospitals,622110.0,General Medical and Surgical Hospitals,Providence Health Services,Spokane,Spokane,Spokane Regional Clean Air Agency,12106.0,0.0,12093.0,6.0,7.0,0.0,0.0,0.0,0.0,,1.0,"47.648848, -117.412461",,Reporter,POINT (-117.412461 47.648848)
Tree Top - Selah Campus,2019,Food Production,Fruit Products,311423.0,Dried and Dehydrated Food Manufacturing,Tree Top Inc.,Selah,Yakima,Yakima Regional Clean Air Agency,15320.0,0.0,15304.0,7.0,9.0,0.0,0.0,0.0,0.0,,1.0,"46.64992, -120.52755",,,POINT (-120.52755 46.64992)
"Emerald City Renewables, LLC- Graham",2023,Power Plants,"Other Power, Heating, or Cooling Plants",221117.0,Biomass Electric Power Generation,Emerald City Renewables LLC,Graham,Pierce,Puget Sound Clean Air Agency,19490.0,19390.0,0.0,30.0,70.0,0.0,0.0,0.0,0.0,,1.0,"46.975533, -122.290871",,Reporter,POINT (-122.290871 46.975533)
Spokane Waste to Energy Facility - Spokane,2016,Power Plants,"Other Power, Heating, or Cooling Plants",562213.0,Solid Waste Combustors and Incinerators,City of Spokane,Spokane,Spokane,Spokane Regional Clean Air Agency,238603.0,136713.0,96647.0,2045.0,3198.0,0.0,0.0,0.0,0.0,,3.0,"47.626529, -117.504278",,,POINT (-117.504278 47.626529)
"WestRock CP, LLC - Tacoma",2012,Pulp and Paper,Kraft Mills,322130.0,Paperboard Mills,Westrock Corp.,Tacoma,Pierce,Ecology: Industrial Section,1080128.0,940606.0,117563.0,7729.0,14230.0,0.0,0.0,0.0,0.0,,4.0,"47.260953, -122.421765",,,POINT (-122.421765 47.260953)
LANXESS Corporation - Kalama,2022,Chemicals,Other Chemicals,325199.0,All Other Basic Organic Chemical Manufacturing,Emerald Performance Materials LLC,Kalama,Cowlitz,Southwest Clean Air Agency,65308.0,0.0,65241.0,31.0,37.0,0.0,0.0,0.0,0.0,,2.0,"46.02191, -122.85698",,,POINT (-122.85698 46.02191)
Port Angeles Hardwood LLC - Port Angeles,2014,Wood Products,Lumber Mills,321113.0,Sawmills,Port Angeles Hardwood LLC,Port Angeles,Clallam,Olympic Region Clean Air Agency,25759.0,25419.0,0.0,49.0,291.0,0.0,0.0,0.0,0.0,,2.0,"48.100872, -123.485745",,,POINT (-123.485745 48.100872)
"Nucor Steel Seattle, Inc, - Seattle",2018,Metals,Iron and Steel Production,331110.0,Iron and Steel Mills and Ferroalloy Manufacturing,Nucor Corporation,Seattle,King,Puget Sound Clean Air Agency,98865.0,0.0,98822.0,20.0,24.0,0.0,0.0,0.0,0.0,,2.0,"47.569331, -122.367332",,,POINT (-122.367332 47.569331)
McKinley Paper Co. - Washington Mill - Port Angeles,2015,Pulp and Paper,Other Pulp and Paper,322121.0,Paper (except Newsprint) Mills,McKinley Paper Co.,Port Angeles,Clallam,Olympic Region Clean Air Agency,223631.0,214771.0,1633.0,4767.0,2460.0,0.0,0.0,0.0,0.0,,3.0,"48.134623, -123.467524",,,POINT (-123.467524 48.134623)
"Analog Devices, Inc. - Camas",2022,Manufacturing,Electronics Industry,334413.0,Semiconductor and Related Device Manufacturing,Linear Technology Corporation,Camas,Clark,Southwest Clean Air Agency,18989.0,0.0,2173.0,1.0,2775.0,2713.0,7176.0,3981.0,170.0,,1.0,"45.598844, -122.45232",,,POINT (-122.45232 45.598844)
LRI Landfill - Graham,2019,Waste,Landfills,562212.0,Solid Waste Landfill,Waste Connections Inc.,Graham,Pierce,Puget Sound Clean Air Agency,271964.0,0.0,0.0,271964.0,0.0,0.0,0.0,0.0,0.0,,3.0,"46.972405, -122.292799",,,POINT (-122.292799 46.972405)
Lamb Weston - Connell,2023,Food Production,Potato Products,311411.0,"Frozen Fruit, Juice, and Vegetable Manufacturing","Lamb Weston, Inc.",Connell,Franklin,Ecology: Eastern Regional Office,26956.0,0.0,26929.0,13.0,15.0,0.0,0.0,0.0,0.0,,2.0,"46.651389, -118.871944",26956.0,Covered Entity,POINT (-118.871944 46.651389)
Washington Potato Company - Warden,2014,Food Production,Potato Products,311991.0,Perishable Prepared Food Manufacturing,Washington Potato Co.,Warden,Grant,Ecology: Eastern Regional Office,29997.0,0.0,29966.0,14.0,17.0,0.0,0.0,0.0,0.0,,2.0,"46.970469, -119.063631",,,POINT (-119.063631 46.970469)
Marathon Anacortes Refinery - Anacortes,2013,Petroleum Systems,Petroleum Refineries,324110.0,Petroleum Refineries,Marathon Petroleum Corp,Anacortes,Skagit,Northwest Clean Air Agency,1177419.0,0.0,1166166.0,7228.0,4025.0,0.0,0.0,0.0,0.0,,4.0,"48.493816, -122.564845",,,POINT (-122.564845 48.493816)
Puget Sound Energy - Goldendale Generating Station - Goldendale,2023,Power Plants,Natural Gas Turbine Plants,221112.0,Fossil Fuel Electric Power Generation,Puget Holdings LLC,Goldendale,Klickitat,Ecology: Central Regional Office,826172.0,0.0,825333.0,383.0,456.0,0.0,0.0,0.0,0.0,,3.0,"45.8114, -120.833",826172.0,Covered Entity,POINT (-120.833 45.8114)
"Gas Transmission Northwest Compressor Station 8, LLC -Wallula",2020,Natural Gas Systems,Natural Gas Transmission/Compression,486210.0,Pipeline Transportation of Natural Gas,TransCanada Northern Border Inc.,Wallula,Walla Walla,Ecology: Eastern Regional Office,135772.0,0.0,132361.0,3337.0,74.0,0.0,0.0,0.0,0.0,,3.0,"46.053153, -118.843934",,,POINT (-118.843934 46.053153)
Cardinal FG Company - Winlock,2014,Minerals,Glass Production,327211.0,Flat Glass Manufacturing,Cardinal Glass Industries Inc.,Winlock,Lewis,Southwest Clean Air Agency,102813.0,0.0,102739.0,34.0,40.0,0.0,0.0,0.0,0.0,,3.0,"46.544937, -122.926313",,,POINT (-122.926313 46.544937)
Frederickson Power LP - Tacoma,2022,Power Plants,Natural Gas Turbine Plants,221112.0,Fossil Fuel Electric Power Generation,"Puget Sound Energy, Inc. and Capital Power (US Holdings) Inc",Tacoma,Pierce,Puget Sound Clean Air Agency,486063.0,0.0,485569.0,225.0,268.0,0.0,0.0,0.0,0.0,,3.0,"47.086342, -122.365686",,,POINT (-122.365686 47.086342)
U.S. Oil & Refining Co. - Tacoma,2021,Petroleum Systems,Petroleum Refineries,324110.0,Petroleum Refineries,Par Pacific Holdings Inc.,Tacoma,Pierce,Puget Sound Clean Air Agency,134326.0,0.0,132979.0,897.0,450.0,0.0,0.0,0.0,0.0,,3.0,"47.256813, -122.394952",,,POINT (-122.394952 47.256813)
WestRock LLC - Longview,2020,Pulp and Paper,Kraft Mills,322130.0,Paperboard Mills,Westrock Corp.,Longview,Cowlitz,Ecology: Industrial Section,1541833.0,1346047.0,189260.0,1280.0,5246.0,0.0,0.0,0.0,0.0,,4.0,"46.10361, -122.92167",,,POINT (-122.92167 46.10361)
Tree Top - Wenatchee,2014,Food Production,Fruit Products,311423.0,Dried and Dehydrated Food Manufacturing,Tree Top Inc.,Wenatchee,Chelan,Ecology: Central Regional Office,10146.0,0.0,10136.0,5.0,6.0,0.0,0.0,0.0,0.0,First year reporting.,1.0,"47.48938, -120.31426",,,POINT (-120.31426 47.48938)
Kettle Falls Generating Station - Kettle Falls,2018,Power Plants,"Other Power, Heating, or Cooling Plants",221117.0,Biomass Electric Power Generation,Avista Corp.,Kettle Falls,Stevens,Ecology: Eastern Regional Office,483652.0,465883.0,5504.0,6934.0,5331.0,0.0,0.0,0.0,0.0,,3.0,"48.620335, -118.110841",,,POINT (-118.110841 48.620335)
Northwest Pipeline Willard C/S - Cook,2022,Natural Gas Systems,Natural Gas Transmission/Compression,486210.0,Pipeline Transportation of Natural Gas,"The Williams Companies, Inc.",Cook,Skamania,Southwest Clean Air Agency,11307.0,0.0,9880.0,1422.0,6.0,0.0,0.0,0.0,0.0,,1.0,"45.778087, -121.626311",,,POINT (-121.626311 45.778087)
Goodrich Corporation - Spokane,2022,Manufacturing,Transportation Industry,336413.0,Other Aircraft Parts and Auxiliary Equipment Manufacturing,Raytheon Technologies Corp,Spokane,Spokane,Spokane Regional Clean Air Agency,42395.0,0.0,42346.0,21.0,28.0,0.0,0.0,0.0,0.0,,2.0,"47.583604, -117.568511",,,POINT (-117.568511 47.583604)
"Vaagen Bros. Lumber, Inc. - Colville",2014,Wood Products,Lumber Mills,321999.0,All Other Miscellaneous Wood Product Manufacturing,Vaagen Bros. Lumber Inc.,Colville,Stevens,Ecology: Eastern Regional Office,49542.0,48889.0,1.0,94.0,559.0,0.0,0.0,0.0,0.0,,2.0,"48.548525, -117.915469",,,POINT (-117.915469 48.548525)
Grant County Landfill 1 - Ephrata,2019,Waste,Landfills,562212.0,Solid Waste Landfill,Grant County Washington,Ephrata,Grant,Ecology: Eastern Regional Office,49368.0,0.0,0.0,49368.0,0.0,0.0,0.0,0.0,0.0,,2.0,"47.270759, -119.573764",,,POINT (-119.573764 47.270759)
Hidden Valley Landfill - Puyallup,2012,Waste,Landfills,562212.0,Solid Waste Landfill,Waste Connections US Inc.,Puyallup,Pierce,Puget Sound Clean Air Agency,7203.0,0.0,0.0,7203.0,0.0,0.0,0.0,0.0,0.0,Voluntary reporter.,1.0,"47.095, -122.2878",,,POINT (-122.2878 47.095)
SDS Lumber Company - Bingen,2018,Wood Products,Lumber Mills,321113.0,Sawmills,SDS Lumber Company,Bingen,Klickitat,Ecology: Central Regional Office,35731.0,35092.0,170.0,67.0,401.0,0.0,0.0,0.0,0.0,,2.0,"45.713913, -121.468688",,,POINT (-121.468688 45.713913)
Boulder Park Generating Station - Spokane Valley,2013,Power Plants,"Other Power, Heating, or Cooling Plants",221112.0,Fossil Fuel Electric Power Generation,Avista Corp.,Spokane Valley,Spokane,Spokane Regional Clean Air Agency,10795.0,0.0,10784.0,5.0,6.0,0.0,0.0,0.0,0.0,,1.0,"47.696999, -117.147223",,,POINT (-117.147223 47.696999)
Sierra Pacific Industries - Aberdeen,2014,Wood Products,Lumber Mills,321113.0,Sawmills,Sierra Pacific Industries,Aberdeen,Grays Harbor,Olympic Region Clean Air Agency,253642.0,250021.0,281.0,480.0,2860.0,0.0,0.0,0.0,0.0,,3.0,"46.971875, -123.775526",,,POINT (-123.775526 46.971875)
Puget Sound Energy LDC Facility - Bellevue,2016,Natural Gas Systems,Natural Gas Local Distribution Companies,221210.0,Natural Gas Distribution,Puget Holdings LLC,Bellevue,King,Puget Sound Clean Air Agency,58711.0,0.0,73.0,58638.0,0.0,0.0,0.0,0.0,0.0,,2.0,"47.61345, -122.19454",,,POINT (-122.19454 47.61345)
Alon Asphalt Company - Seattle,2020,Petroleum Systems,Other Petroleum Systems,424710.0,Petroleum Bulk Stations and Terminals,Delek US Holdings Inc.,Seattle,King,Puget Sound Clean Air Agency,4270.0,0.0,4263.0,5.0,2.0,0.0,0.0,0.0,0.0,Suspended operations May 2020.,1.0,"47.781642, -122.395299",,,POINT (-122.395299 47.781642)
REC Solar Grade Silicon - Moses Lake,2022,Metals,Other Metals,331410.0,Primary Smelting and Refining of Nonferrous Metal (except Copper and Aluminum),REC Silicon,Moses Lake,Grant,Ecology: Eastern Regional Office,0.0,0.0,0.0,0.0,0.0,0.0,0.0,0.0,0.0,Curtailed in mid 2019. No emissions in 2022.,1.0,"47.138359, -119.200383",,,POINT (-119.200383 47.138359)
Northwest Pipeline Willard C/S - Cook,2015,Natural Gas Systems,Natural Gas Transmission/Compression,486210.0,Pipeline Transportation of Natural Gas,"The Williams Companies, Inc.",Cook,Skamania,Southwest Clean Air Agency,12443.0,0.0,10325.0,2113.0,6.0,0.0,0.0,0.0,0.0,,1.0,"45.778087, -121.626311",,,POINT (-121.626311 45.778087)
Naval Air Station Whidbey Island - Oak Harbor,2022,Government,National Security,928110.0,National Security,US Government,Oak Harbor,Island,Northwest Clean Air Agency,13171.0,0.0,13156.0,7.0,8.0,0.0,0.0,0.0,0.0,,1.0,"48.345281, -122.669741",,,POINT (-122.669741 48.345281)
bp Cherry Point Refinery - Blaine,2012,Petroleum Systems,Petroleum Refineries,324110.0,Petroleum Refineries,BP America Inc.,Blaine,Whatcom,Northwest Clean Air Agency,1757798.0,0.0,1740873.0,12722.0,4202.0,0.0,0.0,0.0,0.0,Assigned Emissions Level,4.0,"48.8864, -122.7353",,,POINT (-122.7353 48.8864)
Alcoa Wenatchee Works - Malaga,2015,Metals,Aluminum Production,331312.0,Primary Aluminum Production,Alcoa Corp.,Malaga,Chelan,Ecology: Industrial Section,329048.0,0.0,254029.0,14.0,16.0,0.0,74989.0,0.0,0.0,,3.0,"47.3567, -120.1273",,,POINT (-120.1273 47.3567)
Ardagh Glass Inc. - Seattle,2015,Minerals,Glass Production,327213.0,Glass Container Manufacturing,Ardagh Holdings USA Inc.,Seattle,King,Puget Sound Clean Air Agency,76674.0,0.0,76614.0,27.0,32.0,0.0,0.0,0.0,0.0,,2.0,"47.55242, -122.33739",,,POINT (-122.33739 47.55242)
Ponderay Industries - Usk,2018,Pulp and Paper,Other Pulp and Paper,322122.0,Newsprint Mills,Ponderay Industries,Usk,Pend Oreille,Ecology: Eastern Regional Office,42200.0,39194.0,2472.0,78.0,455.0,0.0,0.0,0.0,0.0,,2.0,"48.289771, -117.271359",,,POINT (-117.271359 48.289771)
Sierra Pacific Industries - Shelton,2015,Wood Products,Lumber Mills,321212.0,Softwood Veneer and Plywood Manufacturing,Simpson Lumber Company LLC,Shelton,Mason,Olympic Region Clean Air Agency,41324.0,40641.0,140.0,78.0,465.0,0.0,0.0,0.0,0.0,,2.0,"47.213448, -123.096517",,,POINT (-123.096517 47.213448)
Lamb Weston - Quincy,2016,Food Production,Potato Products,311411.0,"Frozen Fruit, Juice, and Vegetable Manufacturing","Lamb Weston, Inc.",Quincy,Grant,Ecology: Eastern Regional Office,40468.0,0.0,40427.0,19.0,23.0,0.0,0.0,0.0,0.0,,2.0,"47.234413, -119.869914",,,POINT (-119.869914 47.234413)
Northwest Pipeline C/S - Snohomish,2014,Natural Gas Systems,Natural Gas Transmission/Compression,486210.0,Pipeline Transportation of Natural Gas,"The Williams Companies, Inc.",Snohomish,Snohomish,Puget Sound Clean Air Agency,38507.0,0.0,38029.0,457.0,21.0,0.0,0.0,0.0,0.0,,2.0,"47.78825, -122.05859",,,POINT (-122.05859 47.78825)
King County Solid Waste Cedar Hills Landfill - Maple Valley,2016,Waste,Landfills,562212.0,Solid Waste Landfill,King County Solid Waste Division,Maple Valley,King,Puget Sound Clean Air Agency,77624.0,0.0,229.0,77394.0,1.0,0.0,0.0,0.0,0.0,,2.0,"47.462625, -122.046025",,,POINT (-122.046025 47.462625)
Horn Rapids Sanitary Landfill - Richland,2023,Waste,Landfills,562212.0,Solid Waste Landfill,City of Richland,Richland,Benton,Benton Clean Air Agency,33850.0,3945.0,0.0,29891.0,14.0,0.0,0.0,0.0,0.0,,2.0,"46.346663, -119.348118",,Reporter,POINT (-119.348118 46.346663)
WaferTech LLC - Camas,2013,Manufacturing,Electronics Industry,334413.0,Semiconductor and Related Device Manufacturing,WaferTech LLC,Camas,Clark,Southwest Clean Air Agency,177591.0,115.0,14151.0,7.0,7229.0,9015.0,88013.0,44275.0,14786.0,Assigned Emissions Level,3.0,"45.619569, -122.454955",,,POINT (-122.454955 45.619569)
Pasco Processing LLC - Pasco,2020,Food Production,Other Food Products,311991.0,Perishable Prepared Food Manufacturing,Oregon Potato Co.,Pasco,Franklin,Ecology: Eastern Regional Office,16032.0,0.0,16015.0,8.0,9.0,0.0,0.0,0.0,0.0,,1.0,"46.28274, -119.097528",,,POINT (-119.097528 46.28274)
Tree Top - Selah Campus,2018,Food Production,Fruit Products,311423.0,Dried and Dehydrated Food Manufacturing,Tree Top Inc.,Selah,Yakima,Yakima Regional Clean Air Agency,19785.0,0.0,19764.0,9.0,11.0,0.0,0.0,0.0,0.0,,1.0,"46.64992, -120.52755",,,POINT (-120.52755 46.64992)
Naval Base Kitsap Bangor - Silverdale,2021,Government,National Security,928110.0,National Security,US Government,Silverdale,Kitsap,Puget Sound Clean Air Agency,20594.0,0.0,20571.0,10.0,13.0,0.0,0.0,0.0,0.0,,1.0,"47.699284, -122.696926",,,POINT (-122.696926 47.699284)
Great Western Malt - Vancouver,2017,Food Production,Other Food Products,311213.0,Malt Manufacturing,Great Western Malt,Vancouver,Clark,Southwest Clean Air Agency,17689.0,0.0,17671.0,8.0,10.0,0.0,0.0,0.0,0.0,,1.0,"45.631069, -122.690043",,,POINT (-122.690043 45.631069)
SDS Lumber Company - Bingen,2015,Wood Products,Lumber Mills,321113.0,Sawmills,SDS Lumber Company,Bingen,Klickitat,Ecology: Central Regional Office,111216.0,109648.0,104.0,211.0,1254.0,0.0,0.0,0.0,0.0,,3.0,"45.713913, -121.468688",,,POINT (-121.468688 45.713913)
"Gas Transmission Northwest Compressor Station 6, LLC - Rosalia",2017,Natural Gas Systems,Natural Gas Transmission/Compression,486210.0,Pipeline Transportation of Natural Gas,TransCanada Northern Border Inc.,Rosalia,Whitman,Spokane Regional Clean Air Agency,107045.0,0.0,106091.0,895.0,59.0,0.0,0.0,0.0,0.0,,3.0,"47.277256, -117.406737",,,POINT (-117.406737 47.277256)
Cardinal FG Company - Winlock,2015,Minerals,Glass Production,327211.0,Flat Glass Manufacturing,Cardinal Glass Industries Inc.,Winlock,Lewis,Southwest Clean Air Agency,105009.0,0.0,104934.0,34.0,41.0,0.0,0.0,0.0,0.0,,3.0,"46.544937, -122.926313",,,POINT (-122.926313 46.544937)
Ponderay Industries - Usk,2012,Pulp and Paper,Other Pulp and Paper,322122.0,Newsprint Mills,Ponderay Industries,Usk,Pend Oreille,Ecology: Eastern Regional Office,51816.0,49551.0,1176.0,424.0,665.0,0.0,0.0,0.0,0.0,,2.0,"48.289771, -117.271359",,,POINT (-117.271359 48.289771)
Northwest Pipeline C/S - Sumner,2012,Natural Gas Systems,Natural Gas Transmission/Compression,486210.0,Pipeline Transportation of Natural Gas,"The Williams Companies, Inc.",Sumner,Pierce,Puget Sound Clean Air Agency,18199.0,0.0,17236.0,953.0,10.0,0.0,0.0,0.0,0.0,,1.0,"47.228986, -122.209551",,,POINT (-122.209551 47.228986)
Targa Liquids Marketing and Trade LLC - Houston,2023,Supplier,Other Fuel Supplier,424720.0,Petroleum and Petroleum Products Merchant Wholesalers (except Bulk Stations and Terminals),Targa Resources,Houston,Harris,,26727.0,0.0,26620.0,32.0,76.0,0.0,0.0,0.0,0.0,,,,26727.0,Covered Entity,
Riverside Feeders SFL - Kennewick,2018,Livestock,Cattle Feedlots,112112.0,Cattle Feedlots,Easterday Ranches,Kennewick,Benton,Benton Clean Air Agency,21475.0,0.0,2480.0,1473.0,17522.0,0.0,0.0,0.0,0.0,,1.0,"45.991872, -119.136497",,,POINT (-119.136497 45.991872)
Lamb Weston - Warden,2014,Food Production,Potato Products,311411.0,"Frozen Fruit, Juice, and Vegetable Manufacturing","Lamb Weston, Inc.",Warden,Grant,Ecology: Eastern Regional Office,17384.0,0.0,17366.0,8.0,10.0,0.0,0.0,0.0,0.0,,1.0,"46.971504, -119.055427",,,POINT (-119.055427 46.971504)
Tree Top - Wenatchee,2017,Food Production,Fruit Products,311423.0,Dried and Dehydrated Food Manufacturing,Tree Top Inc.,Wenatchee,Chelan,Ecology: Central Regional Office,9909.0,0.0,9898.0,5.0,6.0,0.0,0.0,0.0,0.0,,1.0,"47.48938, -120.31426",,,POINT (-120.31426 47.48938)
Northwest Hardwoods Inc. - Centralia,2015,Wood Products,Lumber Mills,321113.0,Sawmills,Littlejohn & Co. LLC,Centralia,Lewis,Southwest Clean Air Agency,13572.0,8954.0,4494.0,19.0,105.0,0.0,0.0,0.0,0.0,,1.0,"46.734454, -122.991963",,,POINT (-122.991963 46.734454)
Murphy Veneer - Elma,2013,Wood Products,Other Wood Products,321212.0,Softwood Veneer and Plywood Manufacturing,Murphy Co.,Elma,Grays Harbor,Olympic Region Clean Air Agency,10826.0,0.0,10816.0,5.0,6.0,0.0,0.0,0.0,0.0,First reporting year.,1.0,"47.040323, -123.334339",,,POINT (-123.334339 47.040323)
J.R. Simplot Company - Othello,2015,Food Production,Potato Products,311411.0,"Frozen Fruit, Juice, and Vegetable Manufacturing",J.R. Simplot Company,Othello,Adams,Ecology: Eastern Regional Office,87686.0,0.0,45538.0,42123.0,26.0,0.0,0.0,0.0,0.0,,2.0,"46.837778, -119.176389",,,POINT (-119.176389 46.837778)
Darigold - Chehalis,2023,Food Production,Dairy Products,311514.0,"Dry, Condensed, and Evaporated Dairy Product Manufacturing",Darigold Inc.,Chehalis,Lewis,Southwest Clean Air Agency,13263.0,0.0,13250.0,6.0,7.0,0.0,0.0,0.0,0.0,,1.0,"46.659952, -122.970162",,Reporter,POINT (-122.970162 46.659952)
H.W. Hill Landfill Gas Power Plant - Roosevelt,2016,Power Plants,"Other Power, Heating, or Cooling Plants",221119.0,Other Electric Power Generation,Public Utility District No. 1 of Klickitat County,Roosevelt,Klickitat,Ecology: Central Regional Office,75654.0,75267.0,0.0,116.0,271.0,0.0,0.0,0.0,0.0,,2.0,"45.807765, -120.166354",,,POINT (-120.166354 45.807765)
NW Natural - Portland,2016,Natural Gas Systems,Natural Gas Local Distribution Companies,221210.0,Natural Gas Distribution,NW Natural,Portland,Multnomah,Southwest Clean Air Agency,7984.0,0.0,10.0,7974.0,0.0,0.0,0.0,0.0,0.0,,1.0,"45.516631, -122.675749",,,POINT (-122.675749 45.516631)
PUD No1 of Clallam County - Clallam,2023,Power,COU,221121.0,Electric Bulk Power Transmission and Control,PUD No1 of Clallam County,Sequim,Clallam,,12144.0,,,,,,,,,,,,,Reporter,
Grant County Landfill 1 - Ephrata,2014,Waste,Landfills,562212.0,Solid Waste Landfill,Grant County Washington,Ephrata,Grant,Ecology: Eastern Regional Office,38613.0,0.0,0.0,38613.0,0.0,0.0,0.0,0.0,0.0,,2.0,"47.270759, -119.573764",,,POINT (-119.573764 47.270759)
City of Richland - Energy Services - Richland,2022,Power,COU,2211.0,"Electric Power Generation, Transmission and Distribution",City of Richland,Richland,Benton,,24316.0,,,,,,,,,,,,,,
U.S. Department of Energy Hanford Site - Richland,2020,Government,Other Government,924110.0,Administration of Air and Water Resource and Solid Waste Management Programs,US Government,Richland,Benton,Ecology: NWP,15639.0,0.0,6657.0,8970.0,12.0,0.0,0.0,0.0,0.0,,1.0,"46.55069, -119.489007",,,POINT (-119.489007 46.55069)
Puget Sound Energy LDC Facility - Bellevue,2015,Natural Gas Systems,Natural Gas Local Distribution Companies,221210.0,Natural Gas Distribution,Puget Holdings LLC,Bellevue,King,Puget Sound Clean Air Agency,58610.0,0.0,72.0,58537.0,0.0,0.0,0.0,0.0,0.0,,2.0,"47.61345, -122.19454",,,POINT (-122.19454 47.61345)
Puget Sound Energy - Mint Farm Generating Station - Longview,2014,Power Plants,Natural Gas Turbine Plants,221112.0,Fossil Fuel Electric Power Generation,Puget Holdings LLC,Longview,Cowlitz,Southwest Clean Air Agency,508640.0,0.0,508124.0,236.0,281.0,0.0,0.0,0.0,0.0,,3.0,"46.140095, -122.985138",,,POINT (-122.985138 46.140095)
Cascade Natural Gas Corporation - supplier,2021,Supplier,Natural Gas Supplier,221210.0,Natural Gas Distribution,"MDU Resources Group, Inc.",Kennewick,Benton,,1718443.0,0.0,1716670.0,809.0,964.0,0.0,0.0,0.0,0.0,,,,,,
Terrace Heights Landfill - Yakima,2016,Waste,Landfills,562212.0,Solid Waste Landfill,Yakima County Public Services - Solid Waste Division,Yakima,Yakima,Yakima Regional Clean Air Agency,111851.0,0.0,25.0,111826.0,0.0,0.0,0.0,0.0,0.0,,3.0,"46.610031, -120.39408",,,POINT (-120.39408 46.610031)
Northwest Pipeline Roosevelt C/S - Bickleton,2013,Natural Gas Systems,Natural Gas Transmission/Compression,486210.0,Pipeline Transportation of Natural Gas,"The Williams Companies, Inc.",Bickleton,Klickitat,Ecology: Central Regional Office,28675.0,0.0,25056.0,3605.0,14.0,0.0,0.0,0.0,0.0,,2.0,"45.849504, -120.08083",,,POINT (-120.08083 45.849504)
"Gas Transmission Northwest Compressor Station 8, LLC -Wallula",2015,Natural Gas Systems,Natural Gas Transmission/Compression,486210.0,Pipeline Transportation of Natural Gas,TransCanada Northern Border Inc.,Wallula,Walla Walla,Ecology: Eastern Regional Office,111325.0,0.0,108440.0,2824.0,61.0,0.0,0.0,0.0,0.0,,3.0,"46.053153, -118.843934",,,POINT (-118.843934 46.053153)
Weyerhaeuser Raymond Lumber - Raymond,2022,Wood Products,Lumber Mills,321113.0,Sawmills,Weyerhaeuser Co.,Raymond,Pacific,Olympic Region Clean Air Agency,35084.0,34621.0,0.0,67.0,396.0,0.0,0.0,0.0,0.0,,2.0,"46.688088, -123.737495",,,POINT (-123.737495 46.688088)
WaferTech LLC - Camas,2018,Manufacturing,Electronics Industry,334413.0,Semiconductor and Related Device Manufacturing,WaferTech LLC,Camas,Clark,Southwest Clean Air Agency,96815.0,0.0,13136.0,6.0,5719.0,10365.0,35116.0,10809.0,21663.0,,2.0,"45.619569, -122.454955",,,POINT (-122.454955 45.619569)
Phillips 66 Ferndale Refinery - Ferndale,2023,Petroleum Systems,Petroleum Refineries,324110.0,Petroleum Refineries,Phillips 66 Company,Ferndale,Whatcom,Northwest Clean Air Agency,902436.0,0.0,898414.0,1807.0,2216.0,0.0,0.0,0.0,0.0,,3.0,"48.830142, -122.692114",902283.0,Covered Entity,POINT (-122.692114 48.830142)
"Boise Cascade Wood Products, LLC.  Kettle Falls Plywood - Kettle Falls",2017,Wood Products,Other Wood Products,321219.0,Reconstituted Wood Product Manufacturing,Boise Cascade Company,Kettle Falls,Stevens,Ecology: Eastern Regional Office,70889.0,54924.0,15216.0,113.0,637.0,0.0,0.0,0.0,0.0,,2.0,"48.613175, -118.116106",,,POINT (-118.116106 48.613175)
Darigold - Sunnyside,2017,Food Production,Dairy Products,311513.0,Cheese Manufacturing,Darigold Inc.,Sunnyside,Yakima,Yakima Regional Clean Air Agency,37986.0,0.0,37946.0,18.0,21.0,0.0,0.0,0.0,0.0,,2.0,"46.30058, -120.015675",,,POINT (-120.015675 46.30058)
Grays Harbor Energy Center - Elma,2019,Power Plants,Natural Gas Turbine Plants,221112.0,Fossil Fuel Electric Power Generation,Invenergy Investment Company LLC,Elma,Grays Harbor,EFSEC,1337982.0,0.0,1336624.0,620.0,739.0,0.0,0.0,0.0,0.0,,4.0,"46.9688, -123.48",,,POINT (-123.48 46.9688)
"Petrogas, Inc. - Calgary",2022,Supplier,Other Fuel Supplier,424720.0,Petroleum and Petroleum Products Merchant Wholesalers (except Bulk Stations and Terminals),AltaGas Ltd,Calgary,MD of Foothills No. 31,,333089.0,0.0,331753.0,395.0,941.0,0.0,0.0,0.0,0.0,,,,,,
Cowlitz County Tennant Way Landfill - Longview,2015,Waste,Landfills,562212.0,Solid Waste Landfill,Cowlitz County Washington,Longview,Cowlitz,Southwest Clean Air Agency,4533.0,0.0,0.0,4533.0,0.0,0.0,0.0,0.0,0.0,,1.0,"46.107229, -122.905601",,,POINT (-122.905601 46.107229)
Ascensus Specialties LLC - Elma,2019,Chemicals,Other Chemicals,325180.0,Other Basic Inorganic Chemical Manufacturing,VSI Holdings LLC,Elma,Grays Harbor,Olympic Region Clean Air Agency,22358.0,0.0,22335.0,11.0,13.0,0.0,0.0,0.0,0.0,,1.0,"46.995459, -123.382316",,,POINT (-123.382316 46.995459)
"World Fuel Services, Inc.",2023,Supplier,Other Fuel Supplier,424720.0,Petroleum and Petroleum Products Merchant Wholesalers (except Bulk Stations and Terminals),"World Fuel Services, Inc",Miami,Miami-Dade,,74778.0,8829.0,65254.0,69.0,626.0,0.0,0.0,0.0,0.0,,,,65949.0,Covered Entity,
Alcoa Intalco Works - Ferndale,2023,Metals,Aluminum Production,331312.0,Primary Aluminum Production,Alcoa Corp.,Ferndale,Whatcom,Ecology: Industrial Section,8533.0,0.0,943.0,7590.0,1.0,0.0,0.0,0.0,0.0,Curtailed mid 2020.  Production permenantly shutdown 2023.,1.0,"48.8455, -122.7055",8533.0,Covered Entity,POINT (-122.7055 48.8455)
US Army Joint Base Lewis-McChord - Pierce Co.,2022,Government,National Security,928110.0,National Security,US Government,Joint Base Lewis-McChord,Pierce,Puget Sound Clean Air Agency,72235.0,0.0,56617.0,15585.0,33.0,0.0,0.0,0.0,0.0,,2.0,"47.1142, -122.5365",,,POINT (-122.5365 47.1142)
Marathon Petroleum Co LP,2022,Supplier,Other Fuel Supplier,324110.0,Petroleum Refineries,Marathon Petroleum Co LP,Findlay,Hancock,,7446296.0,320220.0,7032570.0,8086.0,85420.0,0.0,0.0,0.0,0.0,,,,,,
Northwest Pipeline C/S - Washougal,2020,Natural Gas Systems,Natural Gas Transmission/Compression,486210.0,Pipeline Transportation of Natural Gas,"The Williams Companies, Inc.",Washougal,Clark,Southwest Clean Air Agency,19363.0,0.0,17795.0,1558.0,10.0,0.0,0.0,0.0,0.0,,1.0,"45.63236, -122.36516",,,POINT (-122.36516 45.63236)
Ponderay Industries - Usk,2017,Pulp and Paper,Other Pulp and Paper,322122.0,Newsprint Mills,Ponderay Industries,Usk,Pend Oreille,Ecology: Eastern Regional Office,44532.0,40551.0,3426.0,82.0,474.0,0.0,0.0,0.0,0.0,,2.0,"48.289771, -117.271359",,,POINT (-117.271359 48.289771)
"Tyson Fresh Meats, Inc. - Wallula",2016,Food Production,Meat Products,311611.0,Animal (except Poultry) Slaughtering,"Tyson Foods, Inc",Wallula,Walla Walla,Ecology: Eastern Regional Office,88889.0,0.0,21901.0,66975.0,12.0,0.0,0.0,0.0,0.0,,2.0,"46.137521, -118.913051",,,POINT (-118.913051 46.137521)
Cathcart Landfill - Snohomish,2018,Waste,Landfills,562212.0,Solid Waste Landfill,Snohomish County,Snohomish,Snohomish,Puget Sound Clean Air Agency,22426.0,0.0,199.0,22227.0,0.0,0.0,0.0,0.0,0.0,,1.0,"47.870014, -122.118284",,,POINT (-122.118284 47.870014)
Packaging Corporation of America - Wallula,2022,Pulp and Paper,Kraft Mills,322121.0,Paper (except Newsprint) Mills,Packaging Corp of America,Wallula,Walla Walla,Ecology: Industrial Section,586148.0,374264.0,196200.0,15090.0,594.0,0.0,0.0,0.0,0.0,,3.0,"46.10396, -118.9184",,,POINT (-118.9184 46.10396)
Northwest Pipeline C/S - Sumner,2015,Natural Gas Systems,Natural Gas Transmission/Compression,486210.0,Pipeline Transportation of Natural Gas,"The Williams Companies, Inc.",Sumner,Pierce,Puget Sound Clean Air Agency,50469.0,0.0,50142.0,300.0,28.0,0.0,0.0,0.0,0.0,,2.0,"47.228986, -122.209551",,,POINT (-122.209551 47.228986)
McCain Foods - Othello,2014,Food Production,Potato Products,311411.0,"Frozen Fruit, Juice, and Vegetable Manufacturing",McCain USA Inc.,Othello,Adams,Ecology: Eastern Regional Office,95228.0,0.0,36001.0,59206.0,20.0,0.0,0.0,0.0,0.0,,2.0,"46.840102, -119.172705",,,POINT (-119.172705 46.840102)
Lamb Weston - Warden,2019,Food Production,Potato Products,311411.0,"Frozen Fruit, Juice, and Vegetable Manufacturing","Lamb Weston, Inc.",Warden,Grant,Ecology: Eastern Regional Office,19414.0,0.0,19393.0,9.0,11.0,0.0,0.0,0.0,0.0,,1.0,"46.971504, -119.055427",,,POINT (-119.055427 46.971504)
Naval Base Kitsap Bangor - Silverdale,2022,Government,National Security,928110.0,National Security,US Government,Silverdale,Kitsap,Puget Sound Clean Air Agency,20303.0,0.0,20280.0,10.0,13.0,0.0,0.0,0.0,0.0,,1.0,"47.699284, -122.696926",,,POINT (-122.696926 47.699284)
Puget Sound Energy - Frederickson Generating Station - Tacoma,2021,Power Plants,Natural Gas Turbine Plants,221112.0,Fossil Fuel Electric Power Generation,Puget Holdings LLC,Tacoma,Pierce,Puget Sound Clean Air Agency,41536.0,0.0,41493.0,20.0,23.0,0.0,0.0,0.0,0.0,,2.0,"47.079716, -122.364711",,,POINT (-122.364711 47.079716)
Gas Transmission Northwest Compressor Station 7 -Prescott,2020,Natural Gas Systems,Natural Gas Transmission/Compression,486210.0,Pipeline Transportation of Natural Gas,TransCanada Northern Border Inc.,Starbuck,Columbia,Ecology: Eastern Regional Office,75097.0,0.0,74116.0,940.0,42.0,0.0,0.0,0.0,0.0,,2.0,"46.53558, -118.293441",,,POINT (-118.293441 46.53558)
Northwest Pipeline C/S - Chehalis,2017,Natural Gas Systems,Natural Gas Transmission/Compression,486210.0,Pipeline Transportation of Natural Gas,"The Williams Companies, Inc.",Chehalis,Lewis,Southwest Clean Air Agency,17894.0,0.0,16480.0,1405.0,9.0,0.0,0.0,0.0,0.0,,1.0,"46.533325, -122.87373",,,POINT (-122.87373 46.533325)
"Boise Cascade Wood Products, LLC.  Kettle Falls Lumber - Kettle Falls",2019,Wood Products,Lumber Mills,321912.0,"Cut Stock, Resawing Lumber, and Planing",Boise Cascade Company,Kettle Falls,Stevens,Ecology: Eastern Regional Office,56739.0,55991.0,0.0,108.0,640.0,0.0,0.0,0.0,0.0,,2.0,"48.609799, -118.067441",,,POINT (-118.067441 48.609799)
City of Enumclaw Gas Utility - supplier,2023,Supplier,Natural Gas Supplier,221210.0,Natural Gas Distribution,City of Enumclaw,Enumclaw,King,,26084.0,0.0,26057.0,12.0,15.0,0.0,0.0,0.0,0.0,,,,26084.0,Covered Entity,
Northwest Pipeline C/S - Sumas,2020,Natural Gas Systems,Natural Gas Transmission/Compression,486210.0,Pipeline Transportation of Natural Gas,"The Williams Companies, Inc.",Sumas,Whatcom,Northwest Clean Air Agency,74143.0,0.0,71497.0,2607.0,40.0,0.0,0.0,0.0,0.0,,2.0,"49.001, -122.2214",,,POINT (-122.2214 49.001)
"SEH America, Inc - Vancouver",2014,Manufacturing,Electronics Industry,334413.0,Semiconductor and Related Device Manufacturing,SEH America Inc.,Vancouver,Clark,Southwest Clean Air Agency,10788.0,0.0,10777.0,5.0,6.0,0.0,0.0,0.0,0.0,,1.0,"45.649912, -122.553612",,,POINT (-122.553612 45.649912)
"Space Age Fuel, Inc - Clackamas",2023,Supplier,Other Fuel Supplier,424710.0,Petroleum Bulk Stations and Terminals,"SPACE AGE FUEL, INC",Clackamas,Clackamas,,116494.0,57443.0,58268.0,67.0,716.0,0.0,0.0,0.0,0.0,,,,59051.0,Covered Entity,
"Tyson Fresh Meats, Inc. - Wallula",2019,Food Production,Meat Products,311611.0,Animal (except Poultry) Slaughtering,"Tyson Foods, Inc",Wallula,Walla Walla,Ecology: Eastern Regional Office,132186.0,0.0,25601.0,106571.0,14.0,0.0,0.0,0.0,0.0,,3.0,"46.137521, -118.913051",,,POINT (-118.913051 46.137521)
Riverside Feeders SFL - Kennewick,2022,Livestock,Cattle Feedlots,112112.0,Cattle Feedlots,Easterday Ranches,Kennewick,Benton,Benton Clean Air Agency,12487.0,0.0,353.0,946.0,11188.0,0.0,0.0,0.0,0.0,Voluntary reporter.  Manure management reporting repealed by Legislature.,1.0,"45.991872, -119.136497",,,POINT (-119.136497 45.991872)
"Emerald City Renewables, LLC- Graham",2018,Power Plants,"Other Power, Heating, or Cooling Plants",221117.0,Biomass Electric Power Generation,Emerald City Renewables LLC,Graham,Pierce,Puget Sound Clean Air Agency,19166.0,19068.0,0.0,29.0,69.0,0.0,0.0,0.0,0.0,,1.0,"46.975533, -122.290871",,,POINT (-122.290871 46.975533)
"Interfor US, Inc. - Port Angeles",2013,Wood Products,Lumber Mills,321113.0,Sawmills,Interfor US Inc.,Port Angeles,Clallam,Olympic Region Clean Air Agency,41397.0,40851.0,0.0,79.0,467.0,0.0,0.0,0.0,0.0,,2.0,"48.103425, -123.518642",,,POINT (-123.518642 48.103425)
The Boeing Company: DC/MFC - Tukwila,2015,Manufacturing,Transportation Industry,336411.0,Aircraft Manufacturing,The Boeing Company,Tukwila,King,Puget Sound Clean Air Agency,15614.0,0.0,15598.0,7.0,9.0,0.0,0.0,0.0,0.0,,1.0,"47.516246, -122.298613",,,POINT (-122.298613 47.516246)
Hampton Lumber Mills Washington Inc. - Darrington,2021,Wood Products,Lumber Mills,321113.0,Sawmills,Hampton Lumber Mills Washington Inc.,Darrington,Snohomish,Puget Sound Clean Air Agency,82489.0,81402.0,0.0,156.0,931.0,0.0,0.0,0.0,0.0,,2.0,"48.262797, -121.597608",,,POINT (-121.597608 48.262797)
Phillips 66 Ferndale Refinery - Ferndale,2012,Petroleum Systems,Petroleum Refineries,324110.0,Petroleum Refineries,Phillips 66 Company,Ferndale,Whatcom,Northwest Clean Air Agency,803370.0,0.0,799200.0,2099.0,2071.0,0.0,0.0,0.0,0.0,,3.0,"48.830142, -122.692114",,,POINT (-122.692114 48.830142)
Puget Sound Energy - Encogen Generating Station - Bellingham,2014,Power Plants,Natural Gas Turbine Plants,221112.0,Fossil Fuel Electric Power Generation,Puget Holdings LLC,Bellingham,Whatcom,Northwest Clean Air Agency,105650.0,0.0,105543.0,49.0,58.0,0.0,0.0,0.0,0.0,,3.0,"48.746, -122.486",,,POINT (-122.486 48.746)
Puget Sound Energy T&D - statewide,2023,Power Plants,Electrical Transmission and Distribution,221122.0,Electric Power Distribution,Puget Holdings LLC,Bellevue,King,Puget Sound Clean Air Agency,10868.0,0.0,0.0,0.0,0.0,0.0,0.0,10868.0,0.0,,1.0,"47.61345, -122.19454",,Reporter,POINT (-122.19454 47.61345)
Roosevelt Regional Landfill - Roosevelt,2023,Waste,Landfills,562212.0,Solid Waste Landfill,"Republic Services, Inc.",Roosevelt,Klickitat,Ecology: Central Regional Office,350377.0,1451.0,327.0,348592.0,7.0,0.0,0.0,0.0,0.0,,3.0,"45.807146, -120.179785",,Reporter,POINT (-120.179785 45.807146)
Jubitz Corporation - Portland,2023,Supplier,Other Fuel Supplier,457120.0,Other Gasoline Stations,Jubitz Corporation,Portland,Multnomah,,7433.0,421.0,6992.0,2.0,19.0,0.0,0.0,0.0,0.0,,,,,Reporter,
Waste Management Greater Wenatchee Regional Landfill - East Wenatchee,2018,Waste,Landfills,562212.0,Solid Waste Landfill,Waste Management Inc.,East Wenatchee,Douglas,Ecology: Central Regional Office,32498.0,0.0,0.0,32498.0,0.0,0.0,0.0,0.0,0.0,,2.0,"47.405083, -120.167444",,,POINT (-120.167444 47.405083)
PUD #1 of Snohomish County - Everett,2022,Power,COU,221118.0,Other Electric Power Generation,PUD #1 of Snohomish County,Everett,Snohomish,,154868.0,,,,,,,,,,,,,,
Avista Corporation LDC - WA - statewide,2023,Natural Gas Systems,Natural Gas Local Distribution Companies,221210.0,Natural Gas Distribution,Avista Corp.,Spokane,Spokane,Spokane Regional Clean Air Agency,16268.0,0.0,20.0,16249.0,0.0,0.0,0.0,0.0,0.0,,1.0,"47.673662, -117.388735",,Reporter,POINT (-117.388735 47.673662)
U.S. Oil & Refining Co. - Tacoma,2022,Petroleum Systems,Petroleum Refineries,324110.0,Petroleum Refineries,Par Pacific Holdings Inc.,Tacoma,Pierce,Puget Sound Clean Air Agency,130279.0,0.0,129025.0,819.0,436.0,0.0,0.0,0.0,0.0,,3.0,"47.256813, -122.394952",,,POINT (-122.394952 47.256813)
Lamb Weston - Connell,2012,Food Production,Potato Products,311411.0,"Frozen Fruit, Juice, and Vegetable Manufacturing","Lamb Weston, Inc.",Connell,Franklin,Ecology: Eastern Regional Office,39714.0,0.0,39672.0,19.0,22.0,0.0,0.0,0.0,0.0,,2.0,"46.651389, -118.871944",,,POINT (-118.871944 46.651389)
Cheyne Landfill - Zillah,2021,Waste,Landfills,562212.0,Solid Waste Landfill,Yakima County Public Services,Zillah,Yakima,Yakima Regional Clean Air Agency,43966.0,0.0,0.0,43966.0,0.0,0.0,0.0,0.0,0.0,,2.0,"46.4785, -120.2688",,,POINT (-120.2688 46.4785)
Great Western Malt - Vancouver,2023,Food Production,Other Food Products,311213.0,Malt Manufacturing,Great Western Malt,Vancouver,Clark,Southwest Clean Air Agency,11815.0,0.0,11803.0,6.0,7.0,0.0,0.0,0.0,0.0,,1.0,"45.631069, -122.690043",,Reporter,POINT (-122.690043 45.631069)
Horn Rapids Sanitary Landfill - Richland,2013,Waste,Landfills,562212.0,Solid Waste Landfill,City of Richland,Richland,Benton,Benton Clean Air Agency,28387.0,0.0,0.0,28387.0,0.0,0.0,0.0,0.0,0.0,,2.0,"46.346663, -119.348118",,,POINT (-119.348118 46.346663)
The Boeing Company - Auburn Site - Auburn,2020,Manufacturing,Transportation Industry,336413.0,Other Aircraft Parts and Auxiliary Equipment Manufacturing,The Boeing Company,Auburn,King,Puget Sound Clean Air Agency,34964.0,0.0,34925.0,17.0,22.0,0.0,0.0,0.0,0.0,,2.0,"47.285551, -122.242298",,,POINT (-122.242298 47.285551)
Air Liquide Electronics Moses Lake Hydrogen Plant,2020,Chemicals,Other Chemicals,325120.0,Industrial Gas Manufacturing,Air Liquide USA Inc.,Moses Lake,Grant,Ecology: Eastern Regional Office,0.0,0.0,0.0,0.0,0.0,0.0,0.0,0.0,0.0,Curtailed in May 2019.,1.0,"47.135844, -119.19962",,,POINT (-119.19962 47.135844)
River Road Generating Plant - Vancouver,2015,Power Plants,Natural Gas Turbine Plants,221112.0,Fossil Fuel Electric Power Generation,Clark Public Utilities,Vancouver,Clark,Southwest Clean Air Agency,708078.0,0.0,707359.0,328.0,391.0,0.0,0.0,0.0,0.0,,3.0,"45.64958, -122.724806",,,POINT (-122.724806 45.64958)
Guy Bennett Lumber Company - Clarkston,2021,Wood Products,Lumber Mills,321113.0,Sawmills,Bennett Lumber Products Inc.,Clarkston,Asotin,Ecology: Eastern Regional Office,15731.0,15524.0,0.0,30.0,178.0,0.0,0.0,0.0,0.0,,1.0,"46.423108, -117.086487",,,POINT (-117.086487 46.423108)
"Par Petroleum, LLC -Houston",2023,Supplier,Other Fuel Supplier,324110.0,Petroleum Refineries,"Par Pacific Holdings, LLC",Houston,Harris,,4065846.0,140240.0,3881582.0,4268.0,39756.0,0.0,0.0,0.0,0.0,,,,3006591.0,Covered Entity,
Georgia-Pacific Gypsum LLC - Tacoma,2014,Manufacturing,Building Products,327420.0,Gypsum Product Manufacturing,Koch Industries Inc.,Tacoma,Pierce,Puget Sound Clean Air Agency,45663.0,0.0,45616.0,22.0,26.0,0.0,0.0,0.0,0.0,,2.0,"47.269558, -122.394869",,,POINT (-122.394869 47.269558)
Sierra Pacific Industries - Aberdeen,2020,Wood Products,Lumber Mills,321113.0,Sawmills,Sierra Pacific Industries,Aberdeen,Grays Harbor,Olympic Region Clean Air Agency,182382.0,177584.0,1045.0,540.0,3213.0,0.0,0.0,0.0,0.0,,3.0,"46.971875, -123.775526",,,POINT (-123.775526 46.971875)
City of Ellensburg LDC - supplier,2015,Supplier,Natural Gas Supplier,221210.0,Natural Gas Distribution,City of Ellensburg,Ellensburg,Kittitas,,24360.0,0.0,24335.0,11.0,14.0,0.0,0.0,0.0,0.0,,,,,,
Darigold - Lynden,2020,Food Production,Dairy Products,311514.0,"Dry, Condensed, and Evaporated Dairy Product Manufacturing",Darigold Inc.,Lynden,Whatcom,Northwest Clean Air Agency,19951.0,0.0,19930.0,9.0,11.0,0.0,0.0,0.0,0.0,,1.0,"48.947567, -122.451915",,,POINT (-122.451915 48.947567)
Inland Empire Paper Company - Spokane,2015,Pulp and Paper,Other Pulp and Paper,322122.0,Newsprint Mills,Cowles Publishing Co.,Spokane,Spokane,Spokane Regional Clean Air Agency,29097.0,17731.0,11118.0,39.0,209.0,0.0,0.0,0.0,0.0,,2.0,"47.688295, -117.279323",,,POINT (-117.279323 47.688295)
Cowlitz County Headquarters Landfill - Castle Rock,2016,Waste,Landfills,562212.0,Solid Waste Landfill,Cowlitz County,Castle Rock,Cowlitz,Southwest Clean Air Agency,178854.0,7724.0,0.0,171103.0,28.0,0.0,0.0,0.0,0.0,,3.0,"46.246902, -122.772284",,,POINT (-122.772284 46.246902)
Seattle-Tacoma International Airport - Seattle,2014,Government,Other Government,488119.0,Other Airport Operations,Port of Seattle,Seattle,King,Puget Sound Clean Air Agency,15754.0,0.0,15738.0,7.0,9.0,0.0,0.0,0.0,0.0,,1.0,"47.443643, -122.302452",,,POINT (-122.302452 47.443643)
Idemitsu Apollo Corporation - Sacramento,2022,Supplier,Other Fuel Supplier,424710.0,Petroleum Bulk Stations and Terminals,Idemitsu Americas Holdings Corporation,Sacramento,Sacramento,,107129.0,435.0,106492.0,21.0,180.0,0.0,0.0,0.0,0.0,,,,,,
"Analog Devices, Inc. - Camas",2018,Manufacturing,Electronics Industry,334413.0,Semiconductor and Related Device Manufacturing,Linear Technology Corporation,Camas,Clark,Southwest Clean Air Agency,12180.0,0.0,1834.0,1.0,1234.0,2034.0,4214.0,2729.0,134.0,,1.0,"45.598844, -122.45232",,,POINT (-122.45232 45.598844)
Pasco Processing LLC - Pasco,2016,Food Production,Other Food Products,311991.0,Perishable Prepared Food Manufacturing,Oregon Potato Co.,Pasco,Franklin,Ecology: Eastern Regional Office,14544.0,0.0,14529.0,7.0,8.0,0.0,0.0,0.0,0.0,,1.0,"46.28274, -119.097528",,,POINT (-119.097528 46.28274)
Northwest Pipeline C/S - Goldendale,2015,Natural Gas Systems,Natural Gas Transmission/Compression,486210.0,Pipeline Transportation of Natural Gas,"The Williams Companies, Inc.",Goldendale,Klickitat,Ecology: Central Regional Office,12874.0,0.0,10588.0,2280.0,6.0,0.0,0.0,0.0,0.0,,1.0,"45.771216, -120.799267",,,POINT (-120.799267 45.771216)
Marathon Anacortes Refinery - Anacortes,2020,Petroleum Systems,Petroleum Refineries,324110.0,Petroleum Refineries,Marathon Petroleum Corp,Anacortes,Skagit,Northwest Clean Air Agency,1208552.0,0.0,1203491.0,2050.0,3011.0,0.0,0.0,0.0,0.0,,4.0,"48.493816, -122.564845",,,POINT (-122.564845 48.493816)
bp Cherry Point Refinery - Blaine,2019,Petroleum Systems,Petroleum Refineries,324110.0,Petroleum Refineries,BP America Inc.,Blaine,Whatcom,Northwest Clean Air Agency,2190530.0,0.0,2178423.0,7526.0,4582.0,0.0,0.0,0.0,0.0,,5.0,"48.8864, -122.7353",,,POINT (-122.7353 48.8864)
Sierra Pacific Industries - Burlington - Mount Vernon,2017,Wood Products,Lumber Mills,321113.0,Sawmills,Sierra Pacific Industries,Mount Vernon,Skagit,Northwest Clean Air Agency,290046.0,282315.0,3957.0,544.0,3231.0,0.0,0.0,0.0,0.0,,3.0,"48.448553, -122.434613",,,POINT (-122.434613 48.448553)
James Hardie Building Products - Tacoma,2019,Manufacturing,Building Products,327390.0,Other Concrete Product Manufacturing,James Hardie Building Products Inc.,Tacoma,Pierce,Puget Sound Clean Air Agency,15820.0,0.0,15804.0,8.0,9.0,0.0,0.0,0.0,0.0,,1.0,"47.092145, -122.364656",,,POINT (-122.364656 47.092145)
Matheson - Anacortes,2015,Petroleum Systems,Other Petroleum Systems,325120.0,Industrial Gas Manufacturing,Linde Gas North America LLC,Anacortes,Skagit,Northwest Clean Air Agency,59381.0,0.0,59381.0,0.0,0.0,0.0,0.0,0.0,0.0,,2.0,"48.467646, -122.554343",,,POINT (-122.554343 48.467646)
"Sun Pacific Energy, Inc - Kennewick",2022,Supplier,Other Fuel Supplier,,,"SUN PACIFIC ENERGY, INC",Kennewick,Benton,,12981.0,835.0,11934.0,17.0,194.0,0.0,0.0,0.0,0.0,,,,,,
Imerys Minerals Quincy Plant - Quincy,2021,Minerals,Other Minerals,212399.0,All Other Nonmetallic Mineral Mining,Imerys Filtration Minerals Inc.,Quincy,Grant,Ecology: Eastern Regional Office,19975.0,0.0,19954.0,10.0,11.0,0.0,0.0,0.0,0.0,,1.0,"47.239948, -119.838831",,,POINT (-119.838831 47.239948)
Asotin County Regional Landfill - Clarkston,2023,Waste,Landfills,562212.0,Solid Waste Landfill,Asotin County,Clarkston,Asotin,Ecology: Eastern Regional Office,64147.0,3870.0,17.0,60245.0,14.0,0.0,0.0,0.0,0.0,,2.0,"46.38463, -117.105985",,Reporter,POINT (-117.105985 46.38463)
Avista Corporation LDC - WA - statewide,2018,Natural Gas Systems,Natural Gas Local Distribution Companies,221210.0,Natural Gas Distribution,Avista Corp.,Spokane,Spokane,Spokane Regional Clean Air Agency,15762.0,0.0,19.0,15743.0,0.0,0.0,0.0,0.0,0.0,,1.0,"47.673662, -117.388735",,,POINT (-117.388735 47.673662)
"North Pacific Paper Company, LLC - Longview",2017,Pulp and Paper,Other Pulp and Paper,322122.0,Newsprint Mills,NP Paper Investor Holdings LLC,Longview,Cowlitz,Southwest Clean Air Agency,34365.0,0.0,34330.0,16.0,19.0,0.0,0.0,0.0,0.0,Formerly part of Nippon Dynawave before 2016.,2.0,"46.125662, -122.976788",,,POINT (-122.976788 46.125662)
McKinley Paper Co. - Washington Mill - Port Angeles,2019,Pulp and Paper,Other Pulp and Paper,322121.0,Paper (except Newsprint) Mills,McKinley Paper Co.,Port Angeles,Clallam,Olympic Region Clean Air Agency,4044.0,0.0,0.0,4044.0,0.0,0.0,0.0,0.0,0.0,,1.0,"48.134623, -123.467524",,,POINT (-123.467524 48.134623)
The Andersons Inc. - Overland Park,2023,Supplier,Other Fuel Supplier,115114.0,Postharvest Crop Activities (except Cotton Ginning),"The Andersons, Inc.",Overland Park,Johnson,,31361.0,0.0,31235.0,37.0,89.0,0.0,0.0,0.0,0.0,,,,31361.0,Covered Entity,
Riverside Feeders SFL - Kennewick,2017,Livestock,Cattle Feedlots,112112.0,Cattle Feedlots,Easterday Ranches,Kennewick,Benton,Benton Clean Air Agency,18863.0,0.0,2216.0,1291.0,15357.0,0.0,0.0,0.0,0.0,,1.0,"45.991872, -119.136497",,,POINT (-119.136497 45.991872)
U.S. Department of Energy Hanford Site - Richland,2015,Government,Other Government,924110.0,Administration of Air and Water Resource and Solid Waste Management Programs,US Government,Richland,Benton,Ecology: NWP,15494.0,0.0,5571.0,9912.0,10.0,0.0,0.0,0.0,0.0,,1.0,"46.55069, -119.489007",,,POINT (-119.489007 46.55069)
Nutrien US LLC. - Kennewick,2023,Chemicals,Fertilizer Production,325311.0,Nitrogenous Fertilizer Manufacturing,Agrium US Inc.,Kennewick,Benton,Benton Clean Air Agency,13400.0,0.0,8749.0,1.0,4650.0,0.0,0.0,0.0,0.0,,1.0,"46.165957, -119.017218",13400.0,Covered Entity,POINT (-119.017218 46.165957)
The Boeing Company - Auburn Site - Auburn,2015,Manufacturing,Transportation Industry,336413.0,Other Aircraft Parts and Auxiliary Equipment Manufacturing,The Boeing Company,Auburn,King,Puget Sound Clean Air Agency,36058.0,0.0,36021.0,17.0,20.0,0.0,0.0,0.0,0.0,,2.0,"47.285551, -122.242298",,,POINT (-122.242298 47.285551)
Puget Sound Energy - Fredonia Generating Station - Mount Vernon,2013,Power Plants,Natural Gas Turbine Plants,221112.0,Fossil Fuel Electric Power Generation,Puget Holdings LLC,Mount Vernon,Skagit,Northwest Clean Air Agency,82399.0,0.0,82311.0,40.0,49.0,0.0,0.0,0.0,0.0,,2.0,"48.4553, -122.435",,,POINT (-122.435 48.4553)
REC Solar Grade Silicon - Moses Lake,2023,Metals,Other Metals,331410.0,Primary Smelting and Refining of Nonferrous Metal (except Copper and Aluminum),REC Silicon,Moses Lake,Grant,Ecology: Eastern Regional Office,5956.0,0.0,5950.0,3.0,3.0,0.0,0.0,0.0,0.0,Curtailed in mid 2019. Facility restarted 2023.,1.0,"47.138359, -119.200383",5956.0,Covered Entity,POINT (-119.200383 47.138359)
Darigold - Chehalis,2016,Food Production,Dairy Products,311514.0,"Dry, Condensed, and Evaporated Dairy Product Manufacturing",Darigold Inc.,Chehalis,Lewis,Southwest Clean Air Agency,13621.0,0.0,13608.0,6.0,7.0,0.0,0.0,0.0,0.0,,1.0,"46.659952, -122.970162",,,POINT (-122.970162 46.659952)
LANXESS Corporation - Kalama,2018,Chemicals,Other Chemicals,325199.0,All Other Basic Organic Chemical Manufacturing,Emerald Performance Materials LLC,Kalama,Cowlitz,Southwest Clean Air Agency,65866.0,0.0,65798.0,31.0,37.0,0.0,0.0,0.0,0.0,,2.0,"46.02191, -122.85698",,,POINT (-122.85698 46.02191)
"Gas Transmission Northwest Compressor Station 6, LLC - Rosalia",2012,Natural Gas Systems,Natural Gas Transmission/Compression,486210.0,Pipeline Transportation of Natural Gas,TransCanada Northern Border Inc.,Rosalia,Whitman,Spokane Regional Clean Air Agency,75259.0,0.0,73870.0,1348.0,41.0,0.0,0.0,0.0,0.0,,2.0,"47.277256, -117.406737",,,POINT (-117.406737 47.277256)
Georgia-Pacific Gypsum LLC - Tacoma,2019,Manufacturing,Building Products,327420.0,Gypsum Product Manufacturing,Koch Industries Inc.,Tacoma,Pierce,Puget Sound Clean Air Agency,49200.0,0.0,49149.0,23.0,28.0,0.0,0.0,0.0,0.0,,2.0,"47.269558, -122.394869",,,POINT (-122.394869 47.269558)
Puget Sound Energy - Sumas Generating Station - Sumas,2018,Power Plants,Natural Gas Turbine Plants,221112.0,Fossil Fuel Electric Power Generation,Puget Holdings LLC,Sumas,Whatcom,Northwest Clean Air Agency,131166.0,0.0,131033.0,61.0,72.0,0.0,0.0,0.0,0.0,,3.0,"48.9905, -122.2733",,,POINT (-122.2733 48.9905)
Western Washington University - Bellingham,2022,Government,Education,611310.0,"Colleges, Universities, and Professional Schools",Western Washington University,Bellingham,Whatcom,Northwest Clean Air Agency,11890.0,0.0,11878.0,6.0,7.0,0.0,0.0,0.0,0.0,,1.0,"48.736499, -122.484714",,,POINT (-122.484714 48.736499)
REG Grays Harbor LLC - Hoquiam,2016,Petroleum Systems,Other Petroleum Systems,325199.0,All Other Basic Organic Chemical Manufacturing,Chevron Corporation,Hoquiam,Grays Harbor,Olympic Region Clean Air Agency,18051.0,0.0,18032.0,9.0,10.0,0.0,0.0,0.0,0.0,,1.0,"46.968196, -123.853622",,,POINT (-123.853622 46.968196)
Horn Rapids Sanitary Landfill - Richland,2018,Waste,Landfills,562212.0,Solid Waste Landfill,City of Richland,Richland,Benton,Benton Clean Air Agency,24475.0,0.0,0.0,24475.0,0.0,0.0,0.0,0.0,0.0,,1.0,"46.346663, -119.348118",,,POINT (-119.348118 46.346663)
Puget Sound Energy LDC Supplier - Bellevue,2016,Supplier,Natural Gas Supplier,221210.0,Natural Gas Distribution,PUGET HOLDINGS LLC,Bellevue,King,,4771132.0,0.0,4766210.0,2246.0,2677.0,0.0,0.0,0.0,0.0,,,,,,
Georgia-Pacific Consumer Operations LLC - Camas,2022,Pulp and Paper,Kraft Mills,322120.0,Paper Mills,Koch Industries Inc.,Camas,Clark,Ecology: Industrial Section,49553.0,0.0,43916.0,5613.0,25.0,0.0,0.0,0.0,0.0,,2.0,"45.584271, -122.40843",,,POINT (-122.40843 45.584271)
Naval Base Kitsap - Bremerton,2012,Government,National Security,928110.0,National Security,US Government,Bremerton,Kitsap,Puget Sound Clean Air Agency,49575.0,0.0,49522.0,24.0,29.0,0.0,0.0,0.0,0.0,,2.0,"47.557047, -122.645933",,,POINT (-122.645933 47.557047)
Great Western Malt - Vancouver,2013,Food Production,Other Food Products,311213.0,Malt Manufacturing,Great Western Malt,Vancouver,Clark,Southwest Clean Air Agency,18365.0,0.0,18346.0,9.0,10.0,0.0,0.0,0.0,0.0,,1.0,"45.631069, -122.690043",,,POINT (-122.690043 45.631069)
The Boeing Company - Fabrication (Frederickson Site) - Puyallup,2018,Manufacturing,Transportation Industry,336411.0,Aircraft Manufacturing,The Boeing Company,Puyallup,Pierce,Puget Sound Clean Air Agency,19671.0,0.0,19651.0,9.0,11.0,0.0,0.0,0.0,0.0,,1.0,"47.088831, -122.34862",,,POINT (-122.34862 47.088831)
Seaport Sound Terminal LLC - Tacoma,2023,Supplier,Other Fuel Supplier,493190.0,Other Warehousing and Storage,"ArcLight Energy Partners Fund VI, L.P.",Tacoma,Pierce,,389240.0,113091.0,270199.0,683.0,5268.0,0.0,0.0,0.0,0.0,,,,137806.0,Covered Entity,
Basic American Foods - Moses Lake,2019,Food Production,Potato Products,311423.0,Dried and Dehydrated Food Manufacturing,Basic American Inc.,Moses Lake,Grant,Ecology: Eastern Regional Office,30698.0,0.0,30666.0,15.0,17.0,0.0,0.0,0.0,0.0,,2.0,"47.075183, -119.220408",,,POINT (-119.220408 47.075183)
Cheyne Landfill - Zillah,2016,Waste,Landfills,562212.0,Solid Waste Landfill,Yakima County Public Services,Zillah,Yakima,Yakima Regional Clean Air Agency,35837.0,0.0,0.0,35837.0,0.0,0.0,0.0,0.0,0.0,,2.0,"46.4785, -120.2688",,,POINT (-120.2688 46.4785)
"Nucor Steel Seattle, Inc, - Seattle",2014,Metals,Iron and Steel Production,331110.0,Iron and Steel Mills and Ferroalloy Manufacturing,Nucor Corporation,Seattle,King,Puget Sound Clean Air Agency,166109.0,0.0,166066.0,20.0,23.0,0.0,0.0,0.0,0.0,,3.0,"47.569331, -122.367332",,,POINT (-122.367332 47.569331)
Marathon Anacortes Refinery - Anacortes,2017,Petroleum Systems,Petroleum Refineries,324110.0,Petroleum Refineries,Marathon Petroleum Corp,Anacortes,Skagit,Northwest Clean Air Agency,1359656.0,0.0,1353878.0,2293.0,3485.0,0.0,0.0,0.0,0.0,,4.0,"48.493816, -122.564845",,,POINT (-122.564845 48.493816)
Lamb Weston - Quincy,2020,Food Production,Potato Products,311411.0,"Frozen Fruit, Juice, and Vegetable Manufacturing","Lamb Weston, Inc.",Quincy,Grant,Ecology: Eastern Regional Office,32198.0,0.0,32164.0,15.0,18.0,0.0,0.0,0.0,0.0,,2.0,"47.234413, -119.869914",,,POINT (-119.869914 47.234413)
Port Townsend Paper Corporation - Port Townsend,2023,Pulp and Paper,Kraft Mills,322121.0,Paper (except Newsprint) Mills,Port Townsend Paper Corp.,Port Townsend,Jefferson,Ecology: Industrial Section,553804.0,491477.0,57063.0,2542.0,2721.0,0.0,0.0,0.0,0.0,,3.0,"48.093793, -122.796806",62287.0,Covered Entity,POINT (-122.796806 48.093793)
Hampton Lumber Mills Washington Inc. - Morton,2022,Wood Products,Lumber Mills,321113.0,Sawmills,Hampton Lumber Mills Washington Inc.,Morton,Lewis,Southwest Clean Air Agency,30648.0,30244.0,0.0,58.0,346.0,0.0,0.0,0.0,0.0,,2.0,"46.565997, -122.269573",,,POINT (-122.269573 46.565997)
Cowlitz County Headquarters Landfill - Castle Rock,2021,Waste,Landfills,562212.0,Solid Waste Landfill,Cowlitz County,Castle Rock,Cowlitz,Southwest Clean Air Agency,295795.0,7520.0,0.0,288249.0,27.0,0.0,0.0,0.0,0.0,,3.0,"46.246902, -122.772284",,,POINT (-122.772284 46.246902)
Nippon Dynawave - Longview,2021,Pulp and Paper,Kraft Mills,322121.0,Paper (except Newsprint) Mills,Nippon Paper Industries Co Ltd,Longview,Cowlitz,Ecology: Industrial Section,1721330.0,1348677.0,364835.0,1683.0,6135.0,0.0,0.0,0.0,0.0,Formerly included North Pacific Paper Company before 2016.,4.0,"46.130495, -122.983637",,,POINT (-122.983637 46.130495)
Providence Sacred Heart Medical Center - Spokane,2020,Health Care,Hospitals,622110.0,General Medical and Surgical Hospitals,Providence Health Services,Spokane,Spokane,Spokane Regional Clean Air Agency,12271.0,0.0,12258.0,6.0,7.0,0.0,0.0,0.0,0.0,,1.0,"47.648848, -117.412461",,,POINT (-117.412461 47.648848)
LRI Landfill - Graham,2015,Waste,Landfills,562212.0,Solid Waste Landfill,Waste Connections Inc.,Graham,Pierce,Puget Sound Clean Air Agency,83094.0,0.0,0.0,83094.0,0.0,0.0,0.0,0.0,0.0,,2.0,"46.972405, -122.292799",,,POINT (-122.292799 46.972405)
HF Sinclair Puget Sound Refinery LLC - Anacortes,2022,Petroleum Systems,Petroleum Refineries,324110.0,Petroleum Refineries,HollyFrontier Puget Sound Refining LLC,Anacortes,Skagit,Northwest Clean Air Agency,1907858.0,0.0,1897429.0,6435.0,3994.0,0.0,0.0,0.0,0.0,,4.0,"48.470931, -122.559161",,,POINT (-122.559161 48.470931)
Public Utility District No. 1 of Lewis County - Chehalis,2023,Power,COU,2211.0,"Electric Power Generation, Transmission and Distribution",Public Utility District No. 1 of Lewis County,Chehalis,Lewis,,18253.0,,,,,,,,,,,,,Reporter,
REC Solar Grade Silicon - Moses Lake,2018,Metals,Other Metals,331410.0,Primary Smelting and Refining of Nonferrous Metal (except Copper and Aluminum),REC Silicon,Moses Lake,Grant,Ecology: Eastern Regional Office,63133.0,0.0,63068.0,30.0,35.0,0.0,0.0,0.0,0.0,,2.0,"47.138359, -119.200383",,,POINT (-119.200383 47.138359)
Avista Corporation - WA State DOE Reporting - statewide,2021,Natural Gas Systems,Natural Gas Local Distribution Companies,221121.0,Electric Bulk Power Transmission and Control,Avista Corp.,Spokane,Spokane,Spokane Regional Clean Air Agency,7348.0,0.0,0.0,0.0,0.0,0.0,0.0,7348.0,0.0,,1.0,"47.673486, -117.388514",,,POINT (-117.388514 47.673486)
University of Washington Seattle Campus - Seattle,2014,Government,Education,611310.0,"Colleges, Universities, and Professional Schools",State of Washington,Seattle,King,Puget Sound Clean Air Agency,82134.0,0.0,82045.0,40.0,49.0,0.0,0.0,0.0,0.0,,2.0,"47.653614, -122.303608",,,POINT (-122.303608 47.653614)
Lamb Weston - Richland,2019,Food Production,Potato Products,311411.0,"Frozen Fruit, Juice, and Vegetable Manufacturing","Lamb Weston, Inc.",Richland,Benton,Benton Clean Air Agency,100713.0,11437.0,65750.0,23449.0,78.0,0.0,0.0,0.0,0.0,,3.0,"46.309314, -119.297267",,,POINT (-119.297267 46.309314)
Darigold - Chehalis,2021,Food Production,Dairy Products,311514.0,"Dry, Condensed, and Evaporated Dairy Product Manufacturing",Darigold Inc.,Chehalis,Lewis,Southwest Clean Air Agency,13183.0,0.0,13169.0,6.0,7.0,0.0,0.0,0.0,0.0,,1.0,"46.659952, -122.970162",,,POINT (-122.970162 46.659952)
Darling Ingredients Inc - Tacoma,2022,Food Production,Meat Products,311613.0,Rendering and Meat Byproduct Processing,Darling Ingredients Inc.,Tacoma,Pierce,Puget Sound Clean Air Agency,7176.0,0.0,7168.0,4.0,4.0,0.0,0.0,0.0,0.0,,1.0,"47.250503, -122.406461",,,POINT (-122.406461 47.250503)
Northwest Pipeline C/S - Washougal,2023,Natural Gas Systems,Natural Gas Transmission/Compression,486210.0,Pipeline Transportation of Natural Gas,"The Williams Companies, Inc.",Washougal,Clark,Southwest Clean Air Agency,10927.0,0.0,9261.0,1661.0,5.0,0.0,0.0,0.0,0.0,,1.0,"45.63236, -122.36516",10927.0,Covered Entity,POINT (-122.36516 45.63236)
Milne Fruit Products - Prosser,2019,Food Production,Fruit Products,311411.0,"Frozen Fruit, Juice, and Vegetable Manufacturing",Milne Fruit Products,Prosser,Benton,Benton Clean Air Agency,11346.0,0.0,11334.0,5.0,6.0,0.0,0.0,0.0,0.0,,1.0,"46.202562, -119.775527",,,POINT (-119.775527 46.202562)
Ash Grove Cement Company - Seattle,2015,Minerals,Cement Production,327310.0,Cement Manufacturing,Ash Grove Cement Co.,Seattle,King,Puget Sound Clean Air Agency,484815.0,0.0,483826.0,369.0,620.0,0.0,0.0,0.0,0.0,,3.0,"47.56799, -122.34255",,,POINT (-122.34255 47.56799)
"Solvay Chemicals, Inc. - Longview",2013,Chemicals,Other Chemicals,325180.0,Other Basic Inorganic Chemical Manufacturing,Solvay Chemicals Inc.,Longview,Cowlitz,Southwest Clean Air Agency,49256.0,0.0,49256.0,0.0,0.0,0.0,0.0,0.0,0.0,,2.0,"46.137218, -122.982847",,,POINT (-122.982847 46.137218)
Puget Sound Energy - Sumas Generating Station - Sumas,2023,Power Plants,Natural Gas Turbine Plants,221112.0,Fossil Fuel Electric Power Generation,Puget Holdings LLC,Sumas,Whatcom,Northwest Clean Air Agency,389614.0,0.0,389219.0,181.0,215.0,0.0,0.0,0.0,0.0,,3.0,"48.9905, -122.2733",389614.0,Covered Entity,POINT (-122.2733 48.9905)
Grant County Landfill 1 - Ephrata,2023,Waste,Landfills,562212.0,Solid Waste Landfill,Grant County Washington,Ephrata,Grant,Ecology: Eastern Regional Office,43957.0,2188.0,0.0,41762.0,8.0,0.0,0.0,0.0,0.0,,2.0,"47.270759, -119.573764",,Reporter,POINT (-119.573764 47.270759)
King County Solid Waste Cedar Hills Landfill - Maple Valley,2012,Waste,Landfills,562212.0,Solid Waste Landfill,King County Solid Waste Division,Maple Valley,King,Puget Sound Clean Air Agency,99258.0,0.0,206.0,99051.0,1.0,0.0,0.0,0.0,0.0,Assigned emissions level: reported under obsolete method.,2.0,"47.462625, -122.046025",,,POINT (-122.046025 47.462625)
Ponderay Industries - Usk,2022,Pulp and Paper,Other Pulp and Paper,322122.0,Newsprint Mills,Ponderay Industries,Usk,Pend Oreille,Ecology: Eastern Regional Office,0.0,0.0,0.0,0.0,0.0,0.0,0.0,0.0,0.0,Facility closed June 2020.,1.0,"48.289771, -117.271359",,,POINT (-117.271359 48.289771)
Cascade Natural Gas Corporation LDC - statewide,2022,Natural Gas Systems,Natural Gas Local Distribution Companies,221210.0,Natural Gas Distribution,MDU Resources Group Inc.,Kennewick,Benton,Benton Clean Air Agency,25017.0,0.0,712.0,24304.0,0.0,0.0,0.0,0.0,0.0,,2.0,"46.21875, -119.22987",,,POINT (-119.22987 46.21875)
Puget Sound Energy - Mint Farm Generating Station - Longview,2023,Power Plants,Natural Gas Turbine Plants,221112.0,Fossil Fuel Electric Power Generation,Puget Holdings LLC,Longview,Cowlitz,Southwest Clean Air Agency,798751.0,0.0,797939.0,370.0,441.0,0.0,0.0,0.0,0.0,,3.0,"46.140095, -122.985138",798751.0,Covered Entity,POINT (-122.985138 46.140095)
Northwest Hardwoods Inc. - Mount Vernon,2016,Wood Products,Lumber Mills,321113.0,Sawmills,Littlejohn & Co. LLC,Mount Vernon,Skagit,Northwest Clean Air Agency,10017.0,6055.0,3878.0,13.0,71.0,0.0,0.0,0.0,0.0,,1.0,"48.451642, -122.443028",,,POINT (-122.443028 48.451642)
The Boeing Company: Boeing Plant 2 - Seattle,2023,Manufacturing,Transportation Industry,336411.0,Aircraft Manufacturing,The Boeing Company,Seattle,King,Puget Sound Clean Air Agency,23047.0,0.0,23022.0,11.0,14.0,0.0,0.0,0.0,0.0,,1.0,"47.532524, -122.311623",,Reporter,POINT (-122.311623 47.532524)
"WestRock CP, LLC - Tacoma",2017,Pulp and Paper,Kraft Mills,322130.0,Paperboard Mills,Westrock Corp.,Tacoma,Pierce,Ecology: Industrial Section,1124426.0,1000676.0,117612.0,1108.0,5031.0,0.0,0.0,0.0,0.0,,4.0,"47.260953, -122.421765",,,POINT (-122.421765 47.260953)
Northwest Pipeline Roosevelt C/S - Bickleton,2018,Natural Gas Systems,Natural Gas Transmission/Compression,486210.0,Pipeline Transportation of Natural Gas,"The Williams Companies, Inc.",Bickleton,Klickitat,Ecology: Central Regional Office,13970.0,0.0,11803.0,2161.0,7.0,0.0,0.0,0.0,0.0,,1.0,"45.849504, -120.08083",,,POINT (-120.08083 45.849504)
Tree Top - Wenatchee,2021,Food Production,Fruit Products,311423.0,Dried and Dehydrated Food Manufacturing,Tree Top Inc.,Wenatchee,Chelan,Ecology: Central Regional Office,10607.0,0.0,10596.0,5.0,6.0,0.0,0.0,0.0,0.0,,1.0,"47.48938, -120.31426",,,POINT (-120.31426 47.48938)
Northwest Hardwoods Inc. - Mount Vernon,2012,Wood Products,Lumber Mills,321113.0,Sawmills,Littlejohn & Co. LLC,Mount Vernon,Skagit,Northwest Clean Air Agency,12633.0,8698.0,3742.0,76.0,118.0,0.0,0.0,0.0,0.0,,1.0,"48.451642, -122.443028",,,POINT (-122.443028 48.451642)
Puget Sound Energy LDC Facility - Bellevue,2023,Natural Gas Systems,Natural Gas Local Distribution Companies,221210.0,Natural Gas Distribution,Puget Holdings LLC,Bellevue,King,Puget Sound Clean Air Agency,67479.0,0.0,1060.0,66418.0,1.0,0.0,0.0,0.0,0.0,,2.0,"47.61345, -122.19454",67479.0,Covered Entity,POINT (-122.19454 47.61345)
Starbucks Kent Flexible Plant - Kent,2019,Food Production,Other Food Products,311920.0,Coffee and Tea Manufacturing,Starbucks Corp.,Kent,King,Puget Sound Clean Air Agency,13175.0,0.0,13161.0,6.0,7.0,0.0,0.0,0.0,0.0,,1.0,"47.436276, -122.237648",,,POINT (-122.237648 47.436276)
Guy Bennett Lumber Company - Clarkston,2014,Wood Products,Lumber Mills,321113.0,Sawmills,Bennett Lumber Products Inc.,Clarkston,Asotin,Ecology: Eastern Regional Office,11813.0,11658.0,0.0,22.0,133.0,0.0,0.0,0.0,0.0,First year reporting.,1.0,"46.423108, -117.086487",,,POINT (-117.086487 46.423108)
Chehalis Generation Facility - Chehalis,2016,Power Plants,Natural Gas Turbine Plants,221112.0,Fossil Fuel Electric Power Generation,Berkshire Hathaway,Chehalis,Lewis,EFSEC,591616.0,0.0,591015.0,274.0,327.0,0.0,0.0,0.0,0.0,,3.0,"46.6226, -122.9145",,,POINT (-122.9145 46.6226)
Cardinal FG Company - Winlock,2019,Minerals,Glass Production,327211.0,Flat Glass Manufacturing,Cardinal Glass Industries Inc.,Winlock,Lewis,Southwest Clean Air Agency,93946.0,0.0,93879.0,31.0,36.0,0.0,0.0,0.0,0.0,,2.0,"46.544937, -122.926313",,,POINT (-122.926313 46.544937)
Washington State University - Pullman,2020,Government,Education,611310.0,"Colleges, Universities, and Professional Schools",State of Washington,Pullman,Whitman,Ecology: Eastern Regional Office,59429.0,0.0,59368.0,28.0,34.0,0.0,0.0,0.0,0.0,,2.0,"46.728702, -117.151481",,,POINT (-117.151481 46.728702)
Puget Sound Energy - Frederickson Generating Station - Tacoma,2015,Power Plants,Natural Gas Turbine Plants,221112.0,Fossil Fuel Electric Power Generation,Puget Holdings LLC,Tacoma,Pierce,Puget Sound Clean Air Agency,17052.0,0.0,17034.0,8.0,10.0,0.0,0.0,0.0,0.0,,1.0,"47.079716, -122.364711",,,POINT (-122.364711 47.079716)
Northwest Pipeline C/S - Chehalis,2020,Natural Gas Systems,Natural Gas Transmission/Compression,486210.0,Pipeline Transportation of Natural Gas,"The Williams Companies, Inc.",Chehalis,Lewis,Southwest Clean Air Agency,3550.0,0.0,2628.0,921.0,1.0,0.0,0.0,0.0,0.0,,1.0,"46.533325, -122.87373",,,POINT (-122.87373 46.533325)
Puget Sound Energy - Jackson Prairie Gas Storage - Chehalis,2023,Natural Gas Systems,Natural Gas Storage,486210.0,Pipeline Transportation of Natural Gas,Puget Holdings LLC,Chehalis,Lewis,Southwest Clean Air Agency,14652.0,0.0,12889.0,1756.0,7.0,0.0,0.0,0.0,0.0,,1.0,"46.53461, -122.838569",,Reporter,POINT (-122.838569 46.53461)
Nutrien US LLC. - Kennewick,2014,Chemicals,Fertilizer Production,325311.0,Nitrogenous Fertilizer Manufacturing,Agrium US Inc.,Kennewick,Benton,Benton Clean Air Agency,132071.0,0.0,8250.0,0.0,123821.0,0.0,0.0,0.0,0.0,,3.0,"46.165957, -119.017218",,,POINT (-119.017218 46.165957)
Puget Sound Energy - Encogen Generating Station - Bellingham,2018,Power Plants,Natural Gas Turbine Plants,221112.0,Fossil Fuel Electric Power Generation,Puget Holdings LLC,Bellingham,Whatcom,Northwest Clean Air Agency,96453.0,0.0,96355.0,45.0,53.0,0.0,0.0,0.0,0.0,,2.0,"48.746, -122.486",,,POINT (-122.486 48.746)
"Gas Transmission Northwest Compressor Station 6, LLC - Rosalia",2022,Natural Gas Systems,Natural Gas Transmission/Compression,486210.0,Pipeline Transportation of Natural Gas,TransCanada Northern Border Inc.,Rosalia,Whitman,Spokane Regional Clean Air Agency,109027.0,0.0,107622.0,1345.0,60.0,0.0,0.0,0.0,0.0,,3.0,"47.277256, -117.406737",,,POINT (-117.406737 47.277256)
Hampton Lumber Mills Washington Inc. - Randle,2017,Wood Products,Lumber Mills,321113.0,Sawmills,Hampton Lumber Mills Washington Inc.,Randle,Lewis,Southwest Clean Air Agency,64712.0,63859.0,0.0,123.0,730.0,0.0,0.0,0.0,0.0,,2.0,"46.533743, -121.917906",,,POINT (-121.917906 46.533743)
Frederickson Power LP - Tacoma,2019,Power Plants,Natural Gas Turbine Plants,221112.0,Fossil Fuel Electric Power Generation,"Puget Sound Energy, Inc. and Capital Power (US Holdings) Inc",Tacoma,Pierce,Puget Sound Clean Air Agency,514505.0,0.0,513983.0,238.0,284.0,0.0,0.0,0.0,0.0,,3.0,"47.086342, -122.365686",,,POINT (-122.365686 47.086342)
H.W. Hill Landfill Gas Power Plant - Roosevelt,2020,Power Plants,"Other Power, Heating, or Cooling Plants",221119.0,Other Electric Power Generation,Public Utility District No. 1 of Klickitat County,Roosevelt,Klickitat,Ecology: Central Regional Office,1633.0,0.0,1631.0,1.0,1.0,0.0,0.0,0.0,0.0,Facility converted from onsite electricity generation to processing landfill gas for pipeline use.,1.0,"45.807765, -120.166354",,,POINT (-120.166354 45.807765)
Terrace Heights Landfill - Yakima,2020,Waste,Landfills,562212.0,Solid Waste Landfill,Yakima County Public Services - Solid Waste Division,Yakima,Yakima,Yakima Regional Clean Air Agency,122903.0,0.0,19.0,122884.0,0.0,0.0,0.0,0.0,0.0,,3.0,"46.610031, -120.39408",,,POINT (-120.39408 46.610031)
Milne Fruit Products - Prosser,2022,Food Production,Fruit Products,311411.0,"Frozen Fruit, Juice, and Vegetable Manufacturing",Milne Fruit Products,Prosser,Benton,Benton Clean Air Agency,10321.0,0.0,10310.0,5.0,6.0,0.0,0.0,0.0,0.0,,1.0,"46.202562, -119.775527",,,POINT (-119.775527 46.202562)
Northwest Pipeline Willard C/S - Cook,2018,Natural Gas Systems,Natural Gas Transmission/Compression,486210.0,Pipeline Transportation of Natural Gas,"The Williams Companies, Inc.",Cook,Skamania,Southwest Clean Air Agency,14663.0,0.0,13280.0,1375.0,7.0,0.0,0.0,0.0,0.0,,1.0,"45.778087, -121.626311",,,POINT (-121.626311 45.778087)
Northwest Pipeline C/S - Sumas,2016,Natural Gas Systems,Natural Gas Transmission/Compression,486210.0,Pipeline Transportation of Natural Gas,"The Williams Companies, Inc.",Sumas,Whatcom,Northwest Clean Air Agency,109639.0,0.0,105182.0,4398.0,59.0,0.0,0.0,0.0,0.0,,3.0,"49.001, -122.2214",,,POINT (-122.2214 49.001)
Riverside Feeders SFL - Kennewick,2019,Livestock,Cattle Feedlots,112112.0,Cattle Feedlots,Easterday Ranches,Kennewick,Benton,Benton Clean Air Agency,21162.0,0.0,2749.0,1428.0,16985.0,0.0,0.0,0.0,0.0,,1.0,"45.991872, -119.136497",,,POINT (-119.136497 45.991872)
WaferTech LLC - Camas,2022,Manufacturing,Electronics Industry,334413.0,Semiconductor and Related Device Manufacturing,WaferTech LLC,Camas,Clark,Southwest Clean Air Agency,98160.0,0.0,14278.0,7.0,7894.0,11421.0,34594.0,14170.0,15796.0,,2.0,"45.619569, -122.454955",,,POINT (-122.454955 45.619569)
Grays Harbor Energy Center - Elma,2023,Power Plants,Natural Gas Turbine Plants,221112.0,Fossil Fuel Electric Power Generation,Invenergy Investment Company LLC,Elma,Grays Harbor,EFSEC,1397813.0,0.0,1396393.0,648.0,772.0,0.0,0.0,0.0,0.0,,4.0,"46.9688, -123.48",1397813.0,Covered Entity,POINT (-123.48 46.9688)
Washington State University - Pullman,2013,Government,Education,611310.0,"Colleges, Universities, and Professional Schools",State of Washington,Pullman,Whitman,Ecology: Eastern Regional Office,60798.0,0.0,60732.0,29.0,36.0,0.0,0.0,0.0,0.0,,2.0,"46.728702, -117.151481",,,POINT (-117.151481 46.728702)
"Kaiser Aluminum Washington, LLC (Trentwood Works) - Spokane Valley",2015,Metals,Other Metals,331315.0,"Aluminum Sheet, Plate, and Foil Manufacturing",Kaiser Aluminum Corp.,Spokane Valley,Spokane,Spokane Regional Clean Air Agency,117856.0,0.0,117734.0,56.0,66.0,0.0,0.0,0.0,0.0,,3.0,"47.687074, -117.212673",,,POINT (-117.212673 47.687074)
Simplot Feeders LTD. - Burbank,2014,Livestock,Cattle Feedlots,112112.0,Cattle Feedlots,J.R. Simplot Company,Burbank,Walla Walla,Ecology: Eastern Regional Office,25867.0,0.0,0.0,1871.0,23996.0,0.0,0.0,0.0,0.0,,2.0,"46.133131, -118.90629",,,POINT (-118.90629 46.133131)
"Vaagen Bros. Lumber, Inc. - Colville",2021,Wood Products,Lumber Mills,321999.0,All Other Miscellaneous Wood Product Manufacturing,Vaagen Bros. Lumber Inc.,Colville,Stevens,Ecology: Eastern Regional Office,38760.0,38249.0,0.0,74.0,437.0,0.0,0.0,0.0,0.0,,2.0,"48.548525, -117.915469",,,POINT (-117.915469 48.548525)
The Boeing Company - Renton,2014,Manufacturing,Transportation Industry,336411.0,Aircraft Manufacturing,The Boeing Company,Renton,King,Puget Sound Clean Air Agency,18512.0,0.0,18492.0,9.0,11.0,0.0,0.0,0.0,0.0,,1.0,"47.498257, -122.211346",,,POINT (-122.211346 47.498257)
"WestRock CP, LLC - Tacoma",2022,Pulp and Paper,Kraft Mills,322130.0,Paperboard Mills,Westrock Corp.,Tacoma,Pierce,Ecology: Industrial Section,978344.0,847415.0,125572.0,973.0,4384.0,0.0,0.0,0.0,0.0,,3.0,"47.260953, -122.421765",,,POINT (-122.421765 47.260953)
BP Products North America,2022,Supplier,Other Fuel Supplier,324110.0,Petroleum Refineries,BP America Inc,Houston,Harris,,7182798.0,183882.0,6938291.0,7243.0,53381.0,0.0,0.0,0.0,0.0,,,,,,
Owens-Brockway Glass Container Inc Plant #2 - Kalama,2023,Minerals,Glass Production,327213.0,Glass Container Manufacturing,O-I Glass Inc.,Kalama,Cowlitz,Southwest Clean Air Agency,21704.0,0.0,21688.0,8.0,9.0,0.0,0.0,0.0,0.0,,1.0,"46.031656, -122.866241",21704.0,Covered Entity,POINT (-122.866241 46.031656)
Northwest Hardwoods Inc. - Centralia,2019,Wood Products,Lumber Mills,321113.0,Sawmills,Littlejohn & Co. LLC,Centralia,Lewis,Southwest Clean Air Agency,9349.0,6127.0,3137.0,13.0,72.0,0.0,0.0,0.0,0.0,,1.0,"46.734454, -122.991963",,,POINT (-122.991963 46.734454)
Washington State University - Pullman,2015,Government,Education,611310.0,"Colleges, Universities, and Professional Schools",State of Washington,Pullman,Whitman,Ecology: Eastern Regional Office,57309.0,0.0,57248.0,27.0,34.0,0.0,0.0,0.0,0.0,,2.0,"46.728702, -117.151481",,,POINT (-117.151481 46.728702)
Powerex Corp. - Burnaby,2023,Power,Marketer,424990.0,Other Miscellaneous Nondurable Goods Merchant Wholesalers,Powerex Corp.,Burnaby,Greater Vancouver,,62215.0,,,,,,,,,,,,31772.0,Covered Entity,
Goodrich Corporation - Spokane,2014,Manufacturing,Transportation Industry,336413.0,Other Aircraft Parts and Auxiliary Equipment Manufacturing,Raytheon Technologies Corp,Spokane,Spokane,Spokane Regional Clean Air Agency,41089.0,0.0,41051.0,17.0,21.0,0.0,0.0,0.0,0.0,,2.0,"47.583604, -117.568511",,,POINT (-117.568511 47.583604)
J.R. Simplot Company - Moses Lake,2018,Food Production,Potato Products,311411.0,"Frozen Fruit, Juice, and Vegetable Manufacturing",J.R. Simplot Company,Moses Lake,Grant,Ecology: Eastern Regional Office,35266.0,3412.0,26773.0,5054.0,27.0,0.0,0.0,0.0,0.0,,2.0,"47.131732, -119.18926",,,POINT (-119.18926 47.131732)
Northwest Pipeline C/S - Mount Vernon,2012,Natural Gas Systems,Natural Gas Transmission/Compression,486210.0,Pipeline Transportation of Natural Gas,"The Williams Companies, Inc.",Mount Vernon,Skagit,Northwest Clean Air Agency,27876.0,0.0,20885.0,6976.0,15.0,0.0,0.0,0.0,0.0,,2.0,"48.421967, -122.21547",,,POINT (-122.21547 48.421967)
Lamb Weston - Pasco,2015,Food Production,Potato Products,311411.0,"Frozen Fruit, Juice, and Vegetable Manufacturing","Lamb Weston, Inc.",Pasco,Franklin,Ecology: Eastern Regional Office,48162.0,0.0,48113.0,23.0,27.0,0.0,0.0,0.0,0.0,,2.0,"46.288137, -119.115336",,,POINT (-119.115336 46.288137)
Sierra Pacific Industries - Centralia,2012,Wood Products,Lumber Mills,321113.0,Sawmills,Sierra Pacific Industries,Centralia,Lewis,Southwest Clean Air Agency,37760.0,36951.0,0.0,315.0,493.0,0.0,0.0,0.0,0.0,,2.0,"46.756413, -122.995433",,,POINT (-122.995433 46.756413)
Parkland Corporation - Calgary,2022,Supplier,Other Fuel Supplier,,,Parkland Corporation,Calgary,MD of Foothills No. 31,,458013.0,6939.0,449273.0,231.0,1570.0,0.0,0.0,0.0,0.0,,,,,,
City of Ellensburg LDC - supplier,2022,Supplier,Natural Gas Supplier,221210.0,Natural Gas Distribution,City of Ellensburg,Ellensburg,Kittitas,,31706.0,0.0,31674.0,15.0,18.0,0.0,0.0,0.0,0.0,,,,,,
"El Oro Cattle Feeders, LLC - Moses Lake",2015,Livestock,Cattle Feedlots,112112.0,Cattle Feedlots,Agri Beef Co.,Moses Lake,Grant,Ecology: Eastern Regional Office,25752.0,0.0,0.0,1986.0,23766.0,0.0,0.0,0.0,0.0,,2.0,"47.052176, -119.093815",,,POINT (-119.093815 47.052176)
CenTrio Energy Seattle LLC - Seattle,2023,Power Plants,"Other Power, Heating, or Cooling Plants",221330.0,Steam and Air-Conditioning Supply,Seattle Steam Company LLC,Seattle,King,Puget Sound Clean Air Agency,68651.0,0.0,68576.0,33.0,41.0,0.0,0.0,0.0,0.0,,2.0,"47.6068, -122.340179",67317.0,Covered Entity,POINT (-122.340179 47.6068)
Ascensus Specialties LLC - Elma,2023,Chemicals,Other Chemicals,325180.0,Other Basic Inorganic Chemical Manufacturing,VSI Holdings LLC,Elma,Grays Harbor,Olympic Region Clean Air Agency,13860.0,0.0,13845.0,7.0,8.0,0.0,0.0,0.0,0.0,,1.0,"46.995459, -123.382316",,Reporter,POINT (-123.382316 46.995459)
"Greif, Tacoma Mill - Tacoma",2021,Pulp and Paper,Other Pulp and Paper,322130.0,Paperboard Mills,Paperboard Parent Inc.,Tacoma,Pierce,Puget Sound Clean Air Agency,14196.0,0.0,14181.0,7.0,8.0,0.0,0.0,0.0,0.0,,1.0,"47.239235, -122.421909",,,POINT (-122.421909 47.239235)
Air Liquide Hydrogen Plant  - Anacortes,2021,Petroleum Systems,Other Petroleum Systems,325120.0,Industrial Gas Manufacturing,Air Liquide USA Inc.,Anacortes,Skagit,Northwest Clean Air Agency,68887.0,0.0,68887.0,0.0,0.0,0.0,0.0,0.0,0.0,,2.0,"48.465617, -122.556032",,,POINT (-122.556032 48.465617)
The Boeing Company: DC/MFC - Tukwila,2017,Manufacturing,Transportation Industry,336411.0,Aircraft Manufacturing,The Boeing Company,Tukwila,King,Puget Sound Clean Air Agency,15437.0,0.0,15421.0,7.0,9.0,0.0,0.0,0.0,0.0,,1.0,"47.516246, -122.298613",,,POINT (-122.298613 47.516246)
City of Tacoma Solid Waste Facility - Tacoma,2023,Waste,Landfills,562212.0,Solid Waste Landfill,City of Tacoma,Tacoma,Pierce,Puget Sound Clean Air Agency,12503.0,5555.0,0.0,6928.0,20.0,0.0,0.0,0.0,0.0,,1.0,"47.223413, -122.499775",,Reporter,POINT (-122.499775 47.223413)
"Interfor US, Inc. - Port Angeles",2017,Wood Products,Lumber Mills,321113.0,Sawmills,Interfor US Inc.,Port Angeles,Clallam,Olympic Region Clean Air Agency,40810.0,40272.0,0.0,77.0,461.0,0.0,0.0,0.0,0.0,,2.0,"48.103425, -123.518642",,,POINT (-123.518642 48.103425)
Eugene Water & Electric Board - Eugene,2023,Power,COU,221122.0,Electric Power Distribution,Eugene Water & Electric Board,Eugene,Lane,,10190.0,,,,,,,,,,,,,Reporter,
"Bio Energy Washington, LLC - Maple Valley",2013,Power Plants,"Other Power, Heating, or Cooling Plants",221119.0,Other Electric Power Generation,Bio Energy Washington,Maple Valley,King,Puget Sound Clean Air Agency,28256.0,26891.0,1223.0,43.0,100.0,0.0,0.0,0.0,0.0,,2.0,"47.455871, -122.041817",,,POINT (-122.041817 47.455871)
"North Pacific Paper Company, LLC - Longview",2012,Pulp and Paper,Other Pulp and Paper,322122.0,Newsprint Mills,NP Paper Investor Holdings LLC,Longview,Cowlitz,Southwest Clean Air Agency,43924.0,0.0,43879.0,21.0,25.0,0.0,0.0,0.0,0.0,Assigned emissions level.  Formerly part of Nippon Dynawave before 2016.  Ecology split emissions for consistency with cooperation from facility.,2.0,"46.125662, -122.976788",,,POINT (-122.976788 46.125662)
Michelsen Packaging - Yakima,2020,Pulp and Paper,Other Pulp and Paper,322299.0,All Other Converted Paper Product Manufacturing,Michelson Packaging Co.,Yakima,Yakima,Yakima Regional Clean Air Agency,10532.0,0.0,10521.0,5.0,6.0,0.0,0.0,0.0,0.0,,1.0,"46.604058, -120.513015",,,POINT (-120.513015 46.604058)
Darigold - Sunnyside,2020,Food Production,Dairy Products,311513.0,Cheese Manufacturing,Darigold Inc.,Sunnyside,Yakima,Yakima Regional Clean Air Agency,40732.0,0.0,40690.0,19.0,23.0,0.0,0.0,0.0,0.0,,2.0,"46.30058, -120.015675",,,POINT (-120.015675 46.30058)
J.R. Simplot Company - Moses Lake,2013,Food Production,Potato Products,311411.0,"Frozen Fruit, Juice, and Vegetable Manufacturing",J.R. Simplot Company,Moses Lake,Grant,Ecology: Eastern Regional Office,36308.0,2684.0,27992.0,5607.0,25.0,0.0,0.0,0.0,0.0,,2.0,"47.131732, -119.18926",,,POINT (-119.18926 47.131732)
The Boeing Company - Renton,2019,Manufacturing,Transportation Industry,336411.0,Aircraft Manufacturing,The Boeing Company,Renton,King,Puget Sound Clean Air Agency,20506.0,0.0,20484.0,10.0,12.0,0.0,0.0,0.0,0.0,,1.0,"47.498257, -122.211346",,,POINT (-122.211346 47.498257)
"SEH America, Inc - Vancouver",2021,Manufacturing,Electronics Industry,334413.0,Semiconductor and Related Device Manufacturing,SEH America Inc.,Vancouver,Clark,Southwest Clean Air Agency,11332.0,0.0,11321.0,5.0,6.0,0.0,0.0,0.0,0.0,,1.0,"45.649912, -122.553612",,,POINT (-122.553612 45.649912)
TYREE OIL INC - Eugene,2023,Supplier,Other Fuel Supplier,424720.0,Petroleum and Petroleum Products Merchant Wholesalers (except Bulk Stations and Terminals),TYREE OIL INC,Eugene,Lane,,16488.0,194.0,16238.0,10.0,45.0,0.0,0.0,0.0,0.0,,,,,Reporter,
Naval Base Kitsap - Bremerton,2020,Government,National Security,928110.0,National Security,US Government,Bremerton,Kitsap,Puget Sound Clean Air Agency,44127.0,0.0,44081.0,21.0,25.0,0.0,0.0,0.0,0.0,,2.0,"47.557047, -122.645933",,,POINT (-122.645933 47.557047)
Puget Sound Energy T&D - statewide,2014,Power Plants,Electrical Transmission and Distribution,221122.0,Electric Power Distribution,Puget Holdings LLC,Bellevue,King,Puget Sound Clean Air Agency,1664.0,0.0,0.0,0.0,0.0,0.0,0.0,1664.0,0.0,,1.0,"47.61345, -122.19454",,,POINT (-122.19454 47.61345)
McCain Foods - Othello,2018,Food Production,Potato Products,311411.0,"Frozen Fruit, Juice, and Vegetable Manufacturing",McCain USA Inc.,Othello,Adams,Ecology: Eastern Regional Office,61901.0,0.0,36883.0,24997.0,21.0,0.0,0.0,0.0,0.0,,2.0,"46.840102, -119.172705",,,POINT (-119.172705 46.840102)
Northwest Pipeline C/S - Sumner,2022,Natural Gas Systems,Natural Gas Transmission/Compression,486210.0,Pipeline Transportation of Natural Gas,"The Williams Companies, Inc.",Sumner,Pierce,Puget Sound Clean Air Agency,36474.0,0.0,35805.0,649.0,20.0,0.0,0.0,0.0,0.0,,2.0,"47.228986, -122.209551",,,POINT (-122.209551 47.228986)
"Rainier Veneer, Inc. - Spanaway",2013,Wood Products,Other Wood Products,321212.0,Softwood Veneer and Plywood Manufacturing,Rainier Veneer Inc.,Spanaway,Pierce,Puget Sound Clean Air Agency,19279.0,18088.0,949.0,35.0,207.0,0.0,0.0,0.0,0.0,,1.0,"47.062059, -122.318981",,,POINT (-122.318981 47.062059)
Chehalis Generation Facility - Chehalis,2018,Power Plants,Natural Gas Turbine Plants,221112.0,Fossil Fuel Electric Power Generation,Berkshire Hathaway,Chehalis,Lewis,EFSEC,691521.0,0.0,690819.0,320.0,382.0,0.0,0.0,0.0,0.0,,3.0,"46.6226, -122.9145",,,POINT (-122.9145 46.6226)
Northwest Pipeline Roosevelt C/S - Bickleton,2022,Natural Gas Systems,Natural Gas Transmission/Compression,486210.0,Pipeline Transportation of Natural Gas,"The Williams Companies, Inc.",Bickleton,Klickitat,Ecology: Central Regional Office,12884.0,0.0,11053.0,1825.0,6.0,0.0,0.0,0.0,0.0,,1.0,"45.849504, -120.08083",,,POINT (-120.08083 45.849504)
Hampton Lumber Mills Washington Inc. - Morton,2012,Wood Products,Lumber Mills,321113.0,Sawmills,Hampton Lumber Mills Washington Inc.,Morton,Lewis,Southwest Clean Air Agency,36379.0,35600.0,0.0,304.0,475.0,0.0,0.0,0.0,0.0,,2.0,"46.565997, -122.269573",,,POINT (-122.269573 46.565997)
Frederickson Power LP - Tacoma,2023,Power Plants,Natural Gas Turbine Plants,221112.0,Fossil Fuel Electric Power Generation,"Puget Sound Energy, Inc. and Capital Power (US Holdings) Inc",Tacoma,Pierce,Puget Sound Clean Air Agency,708701.0,0.0,707981.0,328.0,391.0,0.0,0.0,0.0,0.0,,3.0,"47.086342, -122.365686",708701.0,Covered Entity,POINT (-122.365686 47.086342)
Ardagh Glass Inc. - Seattle,2016,Minerals,Glass Production,327213.0,Glass Container Manufacturing,Ardagh Holdings USA Inc.,Seattle,King,Puget Sound Clean Air Agency,77845.0,0.0,77783.0,28.0,33.0,0.0,0.0,0.0,0.0,,2.0,"47.55242, -122.33739",,,POINT (-122.33739 47.55242)
bp Cherry Point Refinery - Blaine,2017,Petroleum Systems,Petroleum Refineries,324110.0,Petroleum Refineries,BP America Inc.,Blaine,Whatcom,Northwest Clean Air Agency,2060243.0,0.0,2048575.0,7166.0,4502.0,0.0,0.0,0.0,0.0,Assigned Emissions Level,5.0,"48.8864, -122.7353",,,POINT (-122.7353 48.8864)
Factor Gas Liquids Inc. - Ontario,2023,Supplier,Other Fuel Supplier,424720.0,Petroleum and Petroleum Products Merchant Wholesalers (except Bulk Stations and Terminals),Factor Gas Liquids Inc.,Sarnia,Lambton,,17709.0,0.0,17638.0,21.0,50.0,0.0,0.0,0.0,0.0,,,,,Reporter,
"Bio Energy Washington, LLC - Maple Valley",2023,Power Plants,"Other Power, Heating, or Cooling Plants",221119.0,Other Electric Power Generation,Bio Energy Washington,Maple Valley,King,Puget Sound Clean Air Agency,11193.0,10496.0,641.0,17.0,39.0,0.0,0.0,0.0,0.0,,1.0,"47.455871, -122.041817",,Reporter,POINT (-122.041817 47.455871)
Providence Sacred Heart Medical Center - Spokane,2017,Health Care,Hospitals,622110.0,General Medical and Surgical Hospitals,Providence Health Services,Spokane,Spokane,Spokane Regional Clean Air Agency,12192.0,0.0,12180.0,6.0,7.0,0.0,0.0,0.0,0.0,First year reporting.,1.0,"47.648848, -117.412461",,,POINT (-117.412461 47.648848)
"Rainier Veneer, Inc. - Spanaway",2018,Wood Products,Other Wood Products,321212.0,Softwood Veneer and Plywood Manufacturing,Rainier Veneer Inc.,Spanaway,Pierce,Puget Sound Clean Air Agency,18812.0,16101.0,2493.0,32.0,186.0,0.0,0.0,0.0,0.0,,1.0,"47.062059, -122.318981",,,POINT (-122.318981 47.062059)
Macquarie Energy LLC - Houston,2023,Power,Marketer,,,Macquarie Financial Holdings (USA) LLC,Houston,Harris,,2592.0,,,,,,,,,,,,,Reporter,
"Boise Cascade Wood Products, LLC.  Kettle Falls Lumber - Kettle Falls",2016,Wood Products,Lumber Mills,321912.0,"Cut Stock, Resawing Lumber, and Planing",Boise Cascade Company,Kettle Falls,Stevens,Ecology: Eastern Regional Office,53752.0,53044.0,0.0,102.0,607.0,0.0,0.0,0.0,0.0,,2.0,"48.609799, -118.067441",,,POINT (-118.067441 48.609799)
Avista - EPE - Spokane,2023,Power,IOU,221210.0,Natural Gas Distribution,Avista Corporation,Spokane,Spokane,,1947646.0,,,,,,,,,,,,1947646.0,Covered Entity,
James Hardie Building Products - Tacoma,2023,Manufacturing,Building Products,327390.0,Other Concrete Product Manufacturing,James Hardie Building Products Inc.,Tacoma,Pierce,Puget Sound Clean Air Agency,14984.0,0.0,14969.0,7.0,8.0,0.0,0.0,0.0,0.0,,1.0,"47.092145, -122.364656",,Reporter,POINT (-122.364656 47.092145)
Imerys Minerals Quincy Plant - Quincy,2017,Minerals,Other Minerals,212399.0,All Other Nonmetallic Mineral Mining,Imerys Filtration Minerals Inc.,Quincy,Grant,Ecology: Eastern Regional Office,21395.0,0.0,21373.0,10.0,12.0,0.0,0.0,0.0,0.0,,1.0,"47.239948, -119.838831",,,POINT (-119.838831 47.239948)
Alon Asphalt Company - Seattle,2012,Petroleum Systems,Other Petroleum Systems,424710.0,Petroleum Bulk Stations and Terminals,Delek US Holdings Inc.,Seattle,King,Puget Sound Clean Air Agency,15138.0,0.0,15111.0,18.0,9.0,0.0,0.0,0.0,0.0,,1.0,"47.781642, -122.395299",,,POINT (-122.395299 47.781642)
Ascensus Specialties LLC - Elma,2013,Chemicals,Other Chemicals,325180.0,Other Basic Inorganic Chemical Manufacturing,VSI Holdings LLC,Elma,Grays Harbor,Olympic Region Clean Air Agency,17966.0,0.0,17857.0,9.0,100.0,0.0,0.0,0.0,0.0,,1.0,"46.995459, -123.382316",,,POINT (-123.382316 46.995459)
Boeing Commercial Airplanes - Everett,2018,Manufacturing,Transportation Industry,336411.0,Aircraft Manufacturing,The Boeing Company,Everett,Snohomish,Puget Sound Clean Air Agency,72308.0,0.0,72233.0,34.0,41.0,0.0,0.0,0.0,0.0,,2.0,"47.918622, -122.276987",,,POINT (-122.276987 47.918622)
LANXESS Corporation - Kalama,2014,Chemicals,Other Chemicals,325199.0,All Other Basic Organic Chemical Manufacturing,Emerald Performance Materials LLC,Kalama,Cowlitz,Southwest Clean Air Agency,68453.0,0.0,68383.0,32.0,38.0,0.0,0.0,0.0,0.0,,2.0,"46.02191, -122.85698",,,POINT (-122.85698 46.02191)
Boeing Commercial Airplanes - Everett,2023,Manufacturing,Transportation Industry,336411.0,Aircraft Manufacturing,The Boeing Company,Everett,Snohomish,Puget Sound Clean Air Agency,66124.0,0.0,66056.0,31.0,38.0,0.0,0.0,0.0,0.0,,2.0,"47.918622, -122.276987",65836.0,Covered Entity,POINT (-122.276987 47.918622)
Northwest Pipeline C/S - Snohomish,2015,Natural Gas Systems,Natural Gas Transmission/Compression,486210.0,Pipeline Transportation of Natural Gas,"The Williams Companies, Inc.",Snohomish,Snohomish,Puget Sound Clean Air Agency,66543.0,0.0,65853.0,653.0,37.0,0.0,0.0,0.0,0.0,,2.0,"47.78825, -122.05859",,,POINT (-122.05859 47.78825)
Fairchild AFB - Spokane Co.,2017,Government,National Security,928110.0,National Security,US Government,Fairchild Air Force Base,Spokane,Spokane Regional Clean Air Agency,13236.0,0.0,13222.0,6.0,8.0,0.0,0.0,0.0,0.0,,1.0,"47.641332, -117.644832",,,POINT (-117.644832 47.641332)
Fairchild AFB - Spokane Co.,2015,Government,National Security,928110.0,National Security,US Government,Fairchild Air Force Base,Spokane,Spokane Regional Clean Air Agency,14052.0,0.0,14038.0,7.0,8.0,0.0,0.0,0.0,0.0,,1.0,"47.641332, -117.644832",,,POINT (-117.644832 47.641332)
Waste Management Greater Wenatchee Regional Landfill - East Wenatchee,2021,Waste,Landfills,562212.0,Solid Waste Landfill,Waste Management Inc.,East Wenatchee,Douglas,Ecology: Central Regional Office,49645.0,0.0,0.0,49645.0,0.0,0.0,0.0,0.0,0.0,,2.0,"47.405083, -120.167444",,,POINT (-120.167444 47.405083)
Simplot Feeders LTD. - Burbank,2019,Livestock,Cattle Feedlots,112112.0,Cattle Feedlots,J.R. Simplot Company,Burbank,Walla Walla,Ecology: Eastern Regional Office,32157.0,0.0,1072.0,2335.0,28750.0,0.0,0.0,0.0,0.0,First year reporting emissions from onsite combustion.,2.0,"46.133131, -118.90629",,,POINT (-118.90629 46.133131)
Northwest Pipeline C/S - Goldendale,2019,Natural Gas Systems,Natural Gas Transmission/Compression,486210.0,Pipeline Transportation of Natural Gas,"The Williams Companies, Inc.",Goldendale,Klickitat,Ecology: Central Regional Office,36931.0,0.0,34125.0,2788.0,19.0,0.0,0.0,0.0,0.0,,2.0,"45.771216, -120.799267",,,POINT (-120.799267 45.771216)
Nutrien US LLC. - Kennewick,2019,Chemicals,Fertilizer Production,325311.0,Nitrogenous Fertilizer Manufacturing,Agrium US Inc.,Kennewick,Benton,Benton Clean Air Agency,145245.0,0.0,11198.0,1.0,134046.0,0.0,0.0,0.0,0.0,,3.0,"46.165957, -119.017218",,,POINT (-119.017218 46.165957)
Georgia-Pacific Consumer Operations LLC - Camas,2018,Pulp and Paper,Kraft Mills,322120.0,Paper Mills,Koch Industries Inc.,Camas,Clark,Ecology: Industrial Section,242007.0,117432.0,117134.0,6836.0,606.0,0.0,0.0,0.0,0.0,Pulp production shut down in 2018,3.0,"45.584271, -122.40843",,,POINT (-122.40843 45.584271)
"Analog Devices, Inc. - Camas",2013,Manufacturing,Electronics Industry,334413.0,Semiconductor and Related Device Manufacturing,Linear Technology Corporation,Camas,Clark,Southwest Clean Air Agency,29137.0,0.0,1649.0,1.0,1172.0,1539.0,21949.0,2729.0,98.0,,2.0,"45.598844, -122.45232",,,POINT (-122.45232 45.598844)
Roosevelt Regional Landfill - Roosevelt,2020,Waste,Landfills,562212.0,Solid Waste Landfill,"Republic Services, Inc.",Roosevelt,Klickitat,Ecology: Central Regional Office,239444.0,0.0,190.0,239253.0,1.0,0.0,0.0,0.0,0.0,,3.0,"45.807146, -120.179785",,,POINT (-120.179785 45.807146)
Washington Potato Company - Warden,2021,Food Production,Potato Products,311991.0,Perishable Prepared Food Manufacturing,Washington Potato Co.,Warden,Grant,Ecology: Eastern Regional Office,11509.0,0.0,11497.0,6.0,7.0,0.0,0.0,0.0,0.0,,1.0,"46.970469, -119.063631",,,POINT (-119.063631 46.970469)
Puget Sound Energy - Goldendale Generating Station - Goldendale,2015,Power Plants,Natural Gas Turbine Plants,221112.0,Fossil Fuel Electric Power Generation,Puget Holdings LLC,Goldendale,Klickitat,Ecology: Central Regional Office,551705.0,0.0,551145.0,256.0,305.0,0.0,0.0,0.0,0.0,,3.0,"45.8114, -120.833",,,POINT (-120.833 45.8114)
"Bio Energy Washington, LLC - Maple Valley",2018,Power Plants,"Other Power, Heating, or Cooling Plants",221119.0,Other Electric Power Generation,Bio Energy Washington,Maple Valley,King,Puget Sound Clean Air Agency,28698.0,27258.0,1295.0,43.0,102.0,0.0,0.0,0.0,0.0,,2.0,"47.455871, -122.041817",,,POINT (-122.041817 47.455871)
Michelsen Packaging - Yakima,2015,Pulp and Paper,Other Pulp and Paper,322299.0,All Other Converted Paper Product Manufacturing,Michelson Packaging Co.,Yakima,Yakima,Yakima Regional Clean Air Agency,9296.0,0.0,9286.0,5.0,5.0,0.0,0.0,0.0,0.0,,1.0,"46.604058, -120.513015",,,POINT (-120.513015 46.604058)
Weyerhaeuser Raymond Lumber - Raymond,2012,Wood Products,Lumber Mills,321113.0,Sawmills,Weyerhaeuser Co.,Raymond,Pacific,Olympic Region Clean Air Agency,45768.0,44790.0,0.0,382.0,596.0,0.0,0.0,0.0,0.0,,2.0,"46.688088, -123.737495",,,POINT (-123.737495 46.688088)
King County Solid Waste Cedar Hills Landfill - Maple Valley,2017,Waste,Landfills,562212.0,Solid Waste Landfill,King County Solid Waste Division,Maple Valley,King,Puget Sound Clean Air Agency,72848.0,0.0,334.0,72514.0,1.0,0.0,0.0,0.0,0.0,,2.0,"47.462625, -122.046025",,,POINT (-122.046025 47.462625)
Lamb Weston - Richland,2023,Food Production,Potato Products,311411.0,"Frozen Fruit, Juice, and Vegetable Manufacturing","Lamb Weston, Inc.",Richland,Benton,Benton Clean Air Agency,84081.0,9355.0,56530.0,18131.0,66.0,0.0,0.0,0.0,0.0,,2.0,"46.309314, -119.297267",74726.0,Covered Entity,POINT (-119.297267 46.309314)
Tacoma Power - Tacoma,2022,Power,COU,221122.0,Electric Power Distribution,"City of Tacoma, Department of Public Utilities, Light Division DBA Tacoma Power",Tacoma,Pierce,,79244.0,,,,,,,,,,,,,,
Eastern Washington University,2020,Government,Education,611310.0,"Colleges, Universities, and Professional Schools",State of Washington,Cheney,Spokane,Spokane Regional Clean Air Agency,13687.0,0.0,13673.0,7.0,8.0,0.0,0.0,0.0,0.0,,1.0,"47.490091, -117.579702",,,POINT (-117.579702 47.490091)
WSCO Petroleum Corporation,2023,Supplier,Other Fuel Supplier,424710.0,Petroleum Bulk Stations and Terminals,WSCO Petroleum Corp,Portland,Multnomah,,26279.0,1731.0,24068.0,39.0,441.0,0.0,0.0,0.0,0.0,,,,,Reporter,
Frito Lay - Vancouver,2022,Food Production,Other Food Products,311919.0,Other Snack Food Manufacturing,PepsiCo Inc,Vancouver,Clark,Southwest Clean Air Agency,14163.0,0.0,14149.0,7.0,8.0,0.0,0.0,0.0,0.0,,1.0,"45.657037, -122.692",,,POINT (-122.692 45.657037)
Tree Top - Prosser,2016,Food Production,Fruit Products,311411.0,"Frozen Fruit, Juice, and Vegetable Manufacturing",Tree Top Inc.,Prosser,Benton,Benton Clean Air Agency,17640.0,0.0,17622.0,8.0,10.0,0.0,0.0,0.0,0.0,,1.0,"46.21842, -119.73397",,,POINT (-119.73397 46.21842)
"North Pacific Paper Company, LLC - Longview",2022,Pulp and Paper,Other Pulp and Paper,322122.0,Newsprint Mills,NP Paper Investor Holdings LLC,Longview,Cowlitz,Southwest Clean Air Agency,42740.0,0.0,42697.0,20.0,24.0,0.0,0.0,0.0,0.0,Formerly part of Nippon Dynawave before 2016.,2.0,"46.125662, -122.976788",,,POINT (-122.976788 46.125662)
Northwest Pipeline C/S - Snohomish,2022,Natural Gas Systems,Natural Gas Transmission/Compression,486210.0,Pipeline Transportation of Natural Gas,"The Williams Companies, Inc.",Snohomish,Snohomish,Puget Sound Clean Air Agency,57349.0,0.0,55839.0,1479.0,31.0,0.0,0.0,0.0,0.0,,2.0,"47.78825, -122.05859",,,POINT (-122.05859 47.78825)
Western Washington University - Bellingham,2018,Government,Education,611310.0,"Colleges, Universities, and Professional Schools",Western Washington University,Bellingham,Whatcom,Northwest Clean Air Agency,10129.0,0.0,10119.0,5.0,6.0,0.0,0.0,0.0,0.0,,1.0,"48.736499, -122.484714",,,POINT (-122.484714 48.736499)
Cosmo Specialty Fibers Inc - Cosmopolis,2013,Pulp and Paper,Sulfite Mills,322110.0,Pulp Mills,Cosmo Specialty Fibers Inc.,Cosmopolis,Grays Harbor,Ecology: Industrial Section,512586.0,488239.0,17568.0,4970.0,1810.0,0.0,0.0,0.0,0.0,,3.0,"46.952907, -123.76211",,,POINT (-123.76211 46.952907)
Inland Empire Paper Company - Spokane,2012,Pulp and Paper,Other Pulp and Paper,322122.0,Newsprint Mills,Cowles Publishing Co.,Spokane,Spokane,Spokane Regional Clean Air Agency,36152.0,17985.0,17755.0,162.0,250.0,0.0,0.0,0.0,0.0,,2.0,"47.688295, -117.279323",,,POINT (-117.279323 47.688295)
Puget Sound Energy - Whitehorn Generating Station - Blaine,2022,Power Plants,Natural Gas Turbine Plants,221112.0,Fossil Fuel Electric Power Generation,Puget Holdings LLC,Blaine,Whatcom,Northwest Clean Air Agency,9109.0,0.0,9096.0,5.0,8.0,0.0,0.0,0.0,0.0,,1.0,"48.885475, -122.724299",,,POINT (-122.724299 48.885475)
Bonneville Power Administration - WA Only - statewide,2022,Power Plants,Electrical Transmission and Distribution,221121.0,Electric Bulk Power Transmission and Control,US Government,Vancouver,Clark,Southwest Clean Air Agency,3496.0,0.0,0.0,0.0,0.0,0.0,0.0,3496.0,0.0,,1.0,"45.661178, -122.658608",,,POINT (-122.658608 45.661178)
Northwest Hardwoods Inc. - Longview,2015,Wood Products,Lumber Mills,321113.0,Sawmills,Littlejohn & Co. LLC,Longview,Cowlitz,Southwest Clean Air Agency,16719.0,11074.0,5492.0,24.0,130.0,0.0,0.0,0.0,0.0,,1.0,"46.114537, -122.916806",,,POINT (-122.916806 46.114537)
Air Liquide Hydrogen Plant  - Anacortes,2018,Petroleum Systems,Other Petroleum Systems,325120.0,Industrial Gas Manufacturing,Air Liquide USA Inc.,Anacortes,Skagit,Northwest Clean Air Agency,68968.0,0.0,68968.0,0.0,0.0,0.0,0.0,0.0,0.0,,2.0,"48.465617, -122.556032",,,POINT (-122.556032 48.465617)
Port Townsend Paper Corporation - Port Townsend,2019,Pulp and Paper,Kraft Mills,322121.0,Paper (except Newsprint) Mills,Port Townsend Paper Corp.,Port Townsend,Jefferson,Ecology: Industrial Section,583291.0,512487.0,65732.0,2485.0,2588.0,0.0,0.0,0.0,0.0,,3.0,"48.093793, -122.796806",,,POINT (-122.796806 48.093793)
Central Washington University - Ellensburg,2020,Government,Education,611310.0,"Colleges, Universities, and Professional Schools",State of Washington,Ellensburg,Kittitas,Ecology: Central Regional Office,11930.0,0.0,11918.0,6.0,7.0,0.0,0.0,0.0,0.0,,1.0,"47.003202, -120.544513",,,POINT (-120.544513 47.003202)
Puget Sound Energy LDC Supplier - Bellevue,2023,Supplier,Natural Gas Supplier,221210.0,Natural Gas Distribution,"Puget Holdings, LLC",Bellevue,King,,5262258.0,34193.0,5222636.0,2477.0,2952.0,0.0,0.0,0.0,0.0,,,,5369985.0,Covered Entity,
Ash Grove Cement Company - Seattle,2019,Minerals,Cement Production,327310.0,Cement Manufacturing,Ash Grove Cement Co.,Seattle,King,Puget Sound Clean Air Agency,366202.0,0.0,365684.0,207.0,310.0,0.0,0.0,0.0,0.0,,3.0,"47.56799, -122.34255",,,POINT (-122.34255 47.56799)
Basic American Foods - Moses Lake,2015,Food Production,Potato Products,311423.0,Dried and Dehydrated Food Manufacturing,Basic American Inc.,Moses Lake,Grant,Ecology: Eastern Regional Office,31063.0,0.0,31031.0,15.0,17.0,0.0,0.0,0.0,0.0,,2.0,"47.075183, -119.220408",,,POINT (-119.220408 47.075183)
Sierra Pacific Industries - Burlington - Mount Vernon,2013,Wood Products,Lumber Mills,321113.0,Sawmills,Sierra Pacific Industries,Mount Vernon,Skagit,Northwest Clean Air Agency,297759.0,291480.0,2384.0,560.0,3335.0,0.0,0.0,0.0,0.0,,3.0,"48.448553, -122.434613",,,POINT (-122.434613 48.448553)
Naval Air Station Whidbey Island - Oak Harbor,2014,Government,National Security,928110.0,National Security,US Government,Oak Harbor,Island,Northwest Clean Air Agency,15388.0,0.0,15372.0,7.0,9.0,0.0,0.0,0.0,0.0,,1.0,"48.345281, -122.669741",,,POINT (-122.669741 48.345281)
Owens-Brockway Glass Container Inc Plant #2 - Kalama,2018,Minerals,Glass Production,327213.0,Glass Container Manufacturing,O-I Glass Inc.,Kalama,Cowlitz,Southwest Clean Air Agency,24090.0,0.0,24073.0,8.0,9.0,0.0,0.0,0.0,0.0,,1.0,"46.031656, -122.866241",,,POINT (-122.866241 46.031656)
Spectrum Glass Company - Woodinville,2013,Minerals,Glass Production,327211.0,Flat Glass Manufacturing,Vanguard Properties Co.,Woodinville,King,Puget Sound Clean Air Agency,12088.0,0.0,12077.0,5.0,6.0,0.0,0.0,0.0,0.0,,1.0,"47.777004, -122.148978",,,POINT (-122.148978 47.777004)
Avista Corporation - WA State DOE Reporting - statewide,2017,Natural Gas Systems,Natural Gas Local Distribution Companies,221121.0,Electric Bulk Power Transmission and Control,Avista Corp.,Spokane,Spokane,Spokane Regional Clean Air Agency,17779.0,0.0,19.0,15596.0,0.0,0.0,0.0,2164.0,0.0,,1.0,"47.673486, -117.388514",,,POINT (-117.388514 47.673486)
Terrace Heights Landfill - Yakima,2023,Waste,Landfills,562212.0,Solid Waste Landfill,Yakima County Public Services - Solid Waste Division,Yakima,Yakima,Yakima Regional Clean Air Agency,130876.0,0.0,23.0,130854.0,0.0,0.0,0.0,0.0,0.0,,3.0,"46.610031, -120.39408",,Reporter,POINT (-120.39408 46.610031)
Spectrum Glass Company - Woodinville,2015,Minerals,Glass Production,327211.0,Flat Glass Manufacturing,Vanguard Properties Co.,Woodinville,King,Puget Sound Clean Air Agency,10750.0,0.0,10740.0,5.0,5.0,0.0,0.0,0.0,0.0,,1.0,"47.777004, -122.148978",,,POINT (-122.148978 47.777004)
Puget Sound Energy - Sumas Generating Station - Sumas,2014,Power Plants,Natural Gas Turbine Plants,221112.0,Fossil Fuel Electric Power Generation,Puget Holdings LLC,Sumas,Whatcom,Northwest Clean Air Agency,209202.0,0.0,208989.0,97.0,116.0,0.0,0.0,0.0,0.0,,3.0,"48.9905, -122.2733",,,POINT (-122.2733 48.9905)
CertainTeed Gypsum - Seattle,2022,Manufacturing,Building Products,327420.0,Gypsum Product Manufacturing,Saint-Gobain Corporation,Seattle,King,Puget Sound Clean Air Agency,52402.0,0.0,52348.0,25.0,30.0,0.0,0.0,0.0,0.0,,2.0,"47.548056, -122.336944",,,POINT (-122.336944 47.548056)
TransAlta Centralia Generation LLC - Centralia,2023,Power Plants,Coal Plants,221112.0,Fossil Fuel Electric Power Generation,Transalta Centralia Generation/Mining,Centralia,Lewis,Southwest Clean Air Agency,4536949.0,0.0,4501387.0,13008.0,22554.0,0.0,0.0,0.0,0.0,,5.0,"46.7559, -122.8578",,Reporter,POINT (-122.8578 46.7559)
Costco Wholesale Corporation - Issaquah,2022,Supplier,Other Fuel Supplier,,,Costco Wholesale Corp,Issaquah,King,,18095.0,1078.0,16690.0,26.0,301.0,0.0,0.0,0.0,0.0,,,,,,
Northwest Hardwoods Inc. - Centralia,2023,Wood Products,Lumber Mills,321113.0,Sawmills,Littlejohn & Co. LLC,Centralia,Lewis,Southwest Clean Air Agency,9004.0,5070.0,3863.0,12.0,60.0,0.0,0.0,0.0,0.0,,1.0,"46.734454, -122.991963",,Reporter,POINT (-122.991963 46.734454)
Star Forge LLC dba Jorgensen Forge - Tukwila,2015,Metals,Other Metals,332111.0,Iron and Steel Forging,Jorgensen Forge Corp.,Tukwila,King,Puget Sound Clean Air Agency,5321.0,0.0,5316.0,3.0,3.0,0.0,0.0,0.0,0.0,,1.0,"47.526872, -122.303906",,,POINT (-122.303906 47.526872)
Murphy Veneer - Elma,2021,Wood Products,Other Wood Products,321212.0,Softwood Veneer and Plywood Manufacturing,Murphy Co.,Elma,Grays Harbor,Olympic Region Clean Air Agency,11220.0,0.0,11209.0,5.0,6.0,0.0,0.0,0.0,0.0,,1.0,"47.040323, -123.334339",,,POINT (-123.334339 47.040323)
Nippon Dynawave - Longview,2016,Pulp and Paper,Kraft Mills,322121.0,Paper (except Newsprint) Mills,Nippon Paper Industries Co Ltd,Longview,Cowlitz,Ecology: Industrial Section,1563256.0,1219699.0,336063.0,1671.0,5823.0,0.0,0.0,0.0,0.0,Formerly included North Pacific Paper Company before 2016.,4.0,"46.130495, -122.983637",,,POINT (-122.983637 46.130495)
Northwest Hardwoods Inc. - Longview,2020,Wood Products,Lumber Mills,321113.0,Sawmills,Littlejohn & Co. LLC,Longview,Cowlitz,Southwest Clean Air Agency,11353.0,6529.0,4731.0,15.0,77.0,0.0,0.0,0.0,0.0,,1.0,"46.114537, -122.916806",,,POINT (-122.916806 46.114537)
Puget Sound Energy - Jackson Prairie Gas Storage - Chehalis,2019,Natural Gas Systems,Natural Gas Storage,486210.0,Pipeline Transportation of Natural Gas,Puget Holdings LLC,Chehalis,Lewis,Southwest Clean Air Agency,11177.0,0.0,9892.0,1280.0,6.0,0.0,0.0,0.0,0.0,,1.0,"46.53461, -122.838569",,,POINT (-122.838569 46.53461)
Northwest Pipeline C/S - Snohomish,2020,Natural Gas Systems,Natural Gas Transmission/Compression,486210.0,Pipeline Transportation of Natural Gas,"The Williams Companies, Inc.",Snohomish,Snohomish,Puget Sound Clean Air Agency,33754.0,0.0,32967.0,768.0,18.0,0.0,0.0,0.0,0.0,,2.0,"47.78825, -122.05859",,,POINT (-122.05859 47.78825)
Western Washington University - Bellingham,2015,Government,Education,611310.0,"Colleges, Universities, and Professional Schools",Western Washington University,Bellingham,Whatcom,Northwest Clean Air Agency,9913.0,0.0,9903.0,5.0,6.0,0.0,0.0,0.0,0.0,,1.0,"48.736499, -122.484714",,,POINT (-122.484714 48.736499)
Steelscape - Kalama,2013,Metals,Other Metals,331221.0,Rolled Steel Shape Manufacturing,NS BlueScope USA LLC,Kalama,Cowlitz,Southwest Clean Air Agency,23551.0,0.0,23527.0,11.0,13.0,0.0,0.0,0.0,0.0,,1.0,"46.04326, -122.871703",,,POINT (-122.871703 46.04326)
The Boeing Company: DC/MFC - Tukwila,2022,Manufacturing,Transportation Industry,336411.0,Aircraft Manufacturing,The Boeing Company,Tukwila,King,Puget Sound Clean Air Agency,12913.0,0.0,12900.0,6.0,7.0,0.0,0.0,0.0,0.0,,1.0,"47.516246, -122.298613",,,POINT (-122.298613 47.516246)
EPIC Aviation LLC,2022,Supplier,Other Fuel Supplier,424710.0,Petroleum Bulk Stations and Terminals,Signature Aviation,Salem,Marion,,12758.0,0.0,12713.0,13.0,31.0,0.0,0.0,0.0,0.0,,,,,,
"Gas Transmission Northwest Compressor Station 8, LLC -Wallula",2023,Natural Gas Systems,Natural Gas Transmission/Compression,486210.0,Pipeline Transportation of Natural Gas,TransCanada Northern Border Inc.,Wallula,Walla Walla,Ecology: Eastern Regional Office,133440.0,0.0,131297.0,2069.0,74.0,0.0,0.0,0.0,0.0,,3.0,"46.053153, -118.843934",133440.0,Covered Entity,POINT (-118.843934 46.053153)
Darling Ingredients Inc - Tacoma,2018,Food Production,Meat Products,311613.0,Rendering and Meat Byproduct Processing,Darling Ingredients Inc.,Tacoma,Pierce,Puget Sound Clean Air Agency,9515.0,0.0,9505.0,5.0,5.0,0.0,0.0,0.0,0.0,,1.0,"47.250503, -122.406461",,,POINT (-122.406461 47.250503)
Northwest Hardwoods Inc. - Longview,2013,Wood Products,Lumber Mills,321113.0,Sawmills,Littlejohn & Co. LLC,Longview,Cowlitz,Southwest Clean Air Agency,14936.0,9533.0,5270.0,21.0,112.0,0.0,0.0,0.0,0.0,,1.0,"46.114537, -122.916806",,,POINT (-122.916806 46.114537)
Eastern Washington University,2021,Government,Education,611310.0,"Colleges, Universities, and Professional Schools",State of Washington,Cheney,Spokane,Spokane Regional Clean Air Agency,13858.0,0.0,13844.0,7.0,8.0,0.0,0.0,0.0,0.0,,1.0,"47.490091, -117.579702",,,POINT (-117.579702 47.490091)
Georgia-Pacific Gypsum LLC - Tacoma,2012,Manufacturing,Building Products,327420.0,Gypsum Product Manufacturing,Koch Industries Inc.,Tacoma,Pierce,Puget Sound Clean Air Agency,42750.0,0.0,42706.0,20.0,24.0,0.0,0.0,0.0,0.0,,2.0,"47.269558, -122.394869",,,POINT (-122.394869 47.269558)
Guy Bennett Lumber Company - Clarkston,2018,Wood Products,Lumber Mills,321113.0,Sawmills,Bennett Lumber Products Inc.,Clarkston,Asotin,Ecology: Eastern Regional Office,15574.0,15240.0,0.0,130.0,203.0,0.0,0.0,0.0,0.0,,1.0,"46.423108, -117.086487",,,POINT (-117.086487 46.423108)
Northwest Pipeline Willard C/S - Cook,2016,Natural Gas Systems,Natural Gas Transmission/Compression,486210.0,Pipeline Transportation of Natural Gas,"The Williams Companies, Inc.",Cook,Skamania,Southwest Clean Air Agency,7520.0,0.0,5573.0,1944.0,3.0,0.0,0.0,0.0,0.0,,1.0,"45.778087, -121.626311",,,POINT (-121.626311 45.778087)
"SGL Carbon, LLC - Moses Lake",2016,Manufacturing,Transportation Industry,335991.0,Carbon and Graphite Product Manufacturing,SGL Automotive Carbon Fibers LLC,Moses Lake,Grant,Ecology: Eastern Regional Office,6856.0,0.0,6849.0,3.0,4.0,0.0,0.0,0.0,0.0,,1.0,"47.208993, -119.285437",,,POINT (-119.285437 47.208993)
Cathcart Landfill - Snohomish,2023,Waste,Landfills,562212.0,Solid Waste Landfill,Snohomish County,Snohomish,Snohomish,Puget Sound Clean Air Agency,23226.0,925.0,193.0,22105.0,3.0,0.0,0.0,0.0,0.0,,1.0,"47.870014, -122.118284",,Reporter,POINT (-122.118284 47.870014)
Spectrum Glass Company - Woodinville,2016,Minerals,Glass Production,327211.0,Flat Glass Manufacturing,Vanguard Properties Co.,Woodinville,King,Puget Sound Clean Air Agency,9327.0,0.0,9319.0,4.0,4.0,0.0,0.0,0.0,0.0,,1.0,"47.777004, -122.148978",,,POINT (-122.148978 47.777004)
Alcoa Wenatchee Works - Malaga,2014,Metals,Aluminum Production,331312.0,Primary Aluminum Production,Alcoa Corp.,Malaga,Chelan,Ecology: Industrial Section,354692.0,0.0,270752.0,14.0,16.0,0.0,83910.0,0.0,0.0,,3.0,"47.3567, -120.1273",,,POINT (-120.1273 47.3567)
Naval Air Station Whidbey Island - Oak Harbor,2013,Government,National Security,928110.0,National Security,US Government,Oak Harbor,Island,Northwest Clean Air Agency,16248.0,0.0,16231.0,8.0,10.0,0.0,0.0,0.0,0.0,,1.0,"48.345281, -122.669741",,,POINT (-122.669741 48.345281)
Boulder Park Generating Station - Spokane Valley,2022,Power Plants,"Other Power, Heating, or Cooling Plants",221112.0,Fossil Fuel Electric Power Generation,Avista Corp.,Spokane Valley,Spokane,Spokane Regional Clean Air Agency,39549.0,0.0,39508.0,19.0,22.0,0.0,0.0,0.0,0.0,,2.0,"47.696999, -117.147223",,,POINT (-117.147223 47.696999)
Spokane Waste to Energy Facility - Spokane,2022,Power Plants,"Other Power, Heating, or Cooling Plants",562213.0,Solid Waste Combustors and Incinerators,City of Spokane,Spokane,Spokane,Spokane Regional Clean Air Agency,229883.0,129420.0,95414.0,1969.0,3080.0,0.0,0.0,0.0,0.0,,3.0,"47.626529, -117.504278",,,POINT (-117.504278 47.626529)
Pasco Processing LLC - Pasco,2023,Food Production,Other Food Products,311991.0,Perishable Prepared Food Manufacturing,Oregon Potato Co.,Pasco,Franklin,Ecology: Eastern Regional Office,11545.0,0.0,11533.0,6.0,7.0,0.0,0.0,0.0,0.0,,1.0,"46.28274, -119.097528",,Reporter,POINT (-119.097528 46.28274)
VGP Holdings LLC - Lexington,2022,Supplier,Other Fuel Supplier,324191.0,Petroleum Lubricating Oil and Grease Manufacturing,VGP Holdings LLC,Lexington,Fayette,,15315.0,0.0,15262.0,15.0,37.0,0.0,0.0,0.0,0.0,,,,,,
"SEH America, Inc - Vancouver",2022,Manufacturing,Electronics Industry,334413.0,Semiconductor and Related Device Manufacturing,SEH America Inc.,Vancouver,Clark,Southwest Clean Air Agency,11387.0,0.0,11375.0,5.0,6.0,0.0,0.0,0.0,0.0,,1.0,"45.649912, -122.553612",,,POINT (-122.553612 45.649912)
Air Liquide Electronics Moses Lake Hydrogen Plant,2019,Chemicals,Other Chemicals,325120.0,Industrial Gas Manufacturing,Air Liquide USA Inc.,Moses Lake,Grant,Ecology: Eastern Regional Office,3593.0,0.0,3593.0,0.0,0.0,0.0,0.0,0.0,0.0,,1.0,"47.135844, -119.19962",,,POINT (-119.19962 47.135844)
Northwest Pipeline Roosevelt C/S - Bickleton,2021,Natural Gas Systems,Natural Gas Transmission/Compression,486210.0,Pipeline Transportation of Natural Gas,"The Williams Companies, Inc.",Bickleton,Klickitat,Ecology: Central Regional Office,16535.0,0.0,14323.0,2204.0,8.0,0.0,0.0,0.0,0.0,,1.0,"45.849504, -120.08083",,,POINT (-120.08083 45.849504)
Hampton Lumber Mills Washington Inc. - Morton,2019,Wood Products,Lumber Mills,321113.0,Sawmills,Hampton Lumber Mills Washington Inc.,Morton,Lewis,Southwest Clean Air Agency,37806.0,37308.0,1.0,72.0,427.0,0.0,0.0,0.0,0.0,,2.0,"46.565997, -122.269573",,,POINT (-122.269573 46.565997)
Grays Harbor Energy Center - Elma,2015,Power Plants,Natural Gas Turbine Plants,221112.0,Fossil Fuel Electric Power Generation,Invenergy Investment Company LLC,Elma,Grays Harbor,EFSEC,1170621.0,0.0,1169432.0,542.0,646.0,0.0,0.0,0.0,0.0,,4.0,"46.9688, -123.48",,,POINT (-123.48 46.9688)
Starbucks Kent Flexible Plant - Kent,2020,Food Production,Other Food Products,311920.0,Coffee and Tea Manufacturing,Starbucks Corp.,Kent,King,Puget Sound Clean Air Agency,11513.0,0.0,11501.0,6.0,7.0,0.0,0.0,0.0,0.0,,1.0,"47.436276, -122.237648",,,POINT (-122.237648 47.436276)
Simplot Feeders LTD. - Burbank,2020,Livestock,Cattle Feedlots,112112.0,Cattle Feedlots,J.R. Simplot Company,Burbank,Walla Walla,Ecology: Eastern Regional Office,32477.0,0.0,1162.0,2432.0,28883.0,0.0,0.0,0.0,0.0,,2.0,"46.133131, -118.90629",,,POINT (-118.90629 46.133131)
REG Grays Harbor LLC - Hoquiam,2023,Petroleum Systems,Other Petroleum Systems,325199.0,All Other Basic Organic Chemical Manufacturing,Chevron Corporation,Hoquiam,Grays Harbor,Olympic Region Clean Air Agency,20092.0,0.0,20072.0,10.0,11.0,0.0,0.0,0.0,0.0,,1.0,"46.968196, -123.853622",,Reporter,POINT (-123.853622 46.968196)
Hampton Lumber Mills Washington Inc. - Morton,2017,Wood Products,Lumber Mills,321113.0,Sawmills,Hampton Lumber Mills Washington Inc.,Morton,Lewis,Southwest Clean Air Agency,36531.0,36045.0,5.0,69.0,412.0,0.0,0.0,0.0,0.0,,2.0,"46.565997, -122.269573",,,POINT (-122.269573 46.565997)
"Analog Devices, Inc. - Camas",2023,Manufacturing,Electronics Industry,334413.0,Semiconductor and Related Device Manufacturing,Linear Technology Corporation,Camas,Clark,Southwest Clean Air Agency,18421.0,0.0,2220.0,1.0,2220.0,3214.0,6382.0,4095.0,289.0,,1.0,"45.598844, -122.45232",18420.0,Covered Entity,POINT (-122.45232 45.598844)
Puget Sound Energy - Ferndale Generating Station - Ferndale,2016,Power Plants,Natural Gas Turbine Plants,221112.0,Fossil Fuel Electric Power Generation,Puget Holdings LLC,Ferndale,Whatcom,Northwest Clean Air Agency,354146.0,0.0,353786.0,164.0,196.0,0.0,0.0,0.0,0.0,,3.0,"48.828707, -122.685533",,,POINT (-122.685533 48.828707)
Sierra Pacific Industries - Burlington - Mount Vernon,2019,Wood Products,Lumber Mills,321113.0,Sawmills,Sierra Pacific Industries,Mount Vernon,Skagit,Northwest Clean Air Agency,307533.0,300773.0,2740.0,579.0,3442.0,0.0,0.0,0.0,0.0,,3.0,"48.448553, -122.434613",,,POINT (-122.434613 48.448553)
Boeing Commercial Airplanes - Everett,2016,Manufacturing,Transportation Industry,336411.0,Aircraft Manufacturing,The Boeing Company,Everett,Snohomish,Puget Sound Clean Air Agency,76191.0,0.0,76112.0,36.0,44.0,0.0,0.0,0.0,0.0,,2.0,"47.918622, -122.276987",,,POINT (-122.276987 47.918622)
Cosmo Specialty Fibers Inc - Cosmopolis,2022,Pulp and Paper,Sulfite Mills,322110.0,Pulp Mills,Cosmo Specialty Fibers Inc.,Cosmopolis,Grays Harbor,Ecology: Industrial Section,518321.0,462418.0,50666.0,3427.0,1809.0,0.0,0.0,0.0,0.0,,3.0,"46.952907, -123.76211",,,POINT (-123.76211 46.952907)
Northwest Pipeline C/S - Mount Vernon,2019,Natural Gas Systems,Natural Gas Transmission/Compression,486210.0,Pipeline Transportation of Natural Gas,"The Williams Companies, Inc.",Mount Vernon,Skagit,Northwest Clean Air Agency,35096.0,0.0,32768.0,2310.0,18.0,0.0,0.0,0.0,0.0,,2.0,"48.421967, -122.21547",,,POINT (-122.21547 48.421967)
Darling Ingredients Inc - Tacoma,2017,Food Production,Meat Products,311613.0,Rendering and Meat Byproduct Processing,Darling Ingredients Inc.,Tacoma,Pierce,Puget Sound Clean Air Agency,11327.0,0.0,11315.0,5.0,6.0,0.0,0.0,0.0,0.0,,1.0,"47.250503, -122.406461",,,POINT (-122.406461 47.250503)
Packaging Corporation of America - Wallula,2014,Pulp and Paper,Kraft Mills,322121.0,Paper (except Newsprint) Mills,Packaging Corp of America,Wallula,Walla Walla,Ecology: Industrial Section,889452.0,765685.0,107830.0,13290.0,2647.0,0.0,0.0,0.0,0.0,,3.0,"46.10396, -118.9184",,,POINT (-118.9184 46.10396)
Matheson - Anacortes,2023,Petroleum Systems,Other Petroleum Systems,325120.0,Industrial Gas Manufacturing,Linde Gas North America LLC,Anacortes,Skagit,Northwest Clean Air Agency,53407.0,0.0,53407.0,0.0,0.0,0.0,0.0,0.0,0.0,,2.0,"48.467646, -122.554343",53407.0,Covered Entity,POINT (-122.554343 48.467646)
Okanogan County Central Landfill - Okanogan,2023,Waste,Landfills,562212.0,Solid Waste Landfill,Okanogan County,Okanogan,Okanogan,Ecology: Central Regional Office,17803.0,0.0,0.0,17803.0,0.0,0.0,0.0,0.0,0.0,,1.0,"48.341148, -119.620109",,Reporter,POINT (-119.620109 48.341148)
Northwest Pipeline C/S - Washougal,2013,Natural Gas Systems,Natural Gas Transmission/Compression,486210.0,Pipeline Transportation of Natural Gas,"The Williams Companies, Inc.",Washougal,Clark,Southwest Clean Air Agency,25393.0,0.0,20514.0,4867.0,12.0,0.0,0.0,0.0,0.0,,2.0,"45.63236, -122.36516",,,POINT (-122.36516 45.63236)
"Rainier Veneer, Inc. - Spanaway",2019,Wood Products,Other Wood Products,321212.0,Softwood Veneer and Plywood Manufacturing,Rainier Veneer Inc.,Spanaway,Pierce,Puget Sound Clean Air Agency,14399.0,12519.0,1712.0,25.0,144.0,0.0,0.0,0.0,0.0,,1.0,"47.062059, -122.318981",,,POINT (-122.318981 47.062059)
NW Natural - supplier,2018,Supplier,Natural Gas Supplier,221210.0,Natural Gas Distribution,,Portland,Multnomah,,441933.0,0.0,441480.0,206.0,246.0,0.0,0.0,0.0,0.0,,,,,,
McCain Foods - Othello,2022,Food Production,Potato Products,311411.0,"Frozen Fruit, Juice, and Vegetable Manufacturing",McCain USA Inc.,Othello,Adams,Ecology: Eastern Regional Office,81049.0,5263.0,55798.0,19938.0,50.0,0.0,0.0,0.0,0.0,,2.0,"46.840102, -119.172705",,,POINT (-119.172705 46.840102)
Alcoa Intalco Works - Ferndale,2014,Metals,Aluminum Production,331312.0,Primary Aluminum Production,Alcoa Corp.,Ferndale,Whatcom,Ecology: Industrial Section,1326684.0,0.0,431403.0,10905.0,32.0,0.0,884344.0,0.0,0.0,PFC emissions based on old source test information.,4.0,"48.8455, -122.7055",,,POINT (-122.7055 48.8455)
Puget Sound Energy - Whitehorn Generating Station - Blaine,2017,Power Plants,Natural Gas Turbine Plants,221112.0,Fossil Fuel Electric Power Generation,Puget Holdings LLC,Blaine,Whatcom,Northwest Clean Air Agency,67424.0,0.0,67351.0,33.0,41.0,0.0,0.0,0.0,0.0,,2.0,"48.885475, -122.724299",,,POINT (-122.724299 48.885475)
"Interfor US, Inc. - Port Angeles",2021,Wood Products,Lumber Mills,321113.0,Sawmills,Interfor US Inc.,Port Angeles,Clallam,Olympic Region Clean Air Agency,43617.0,43042.0,0.0,83.0,492.0,0.0,0.0,0.0,0.0,,2.0,"48.103425, -123.518642",,,POINT (-123.518642 48.103425)
Spokane Waste to Energy Facility - Spokane,2017,Power Plants,"Other Power, Heating, or Cooling Plants",562213.0,Solid Waste Combustors and Incinerators,City of Spokane,Spokane,Spokane,Spokane Regional Clean Air Agency,234104.0,140810.0,88156.0,2004.0,3135.0,0.0,0.0,0.0,0.0,,3.0,"47.626529, -117.504278",,,POINT (-117.504278 47.626529)
Keyes Fibre Corporation - Wenatchee,2018,Pulp and Paper,Other Pulp and Paper,322299.0,All Other Converted Paper Product Manufacturing,Tekni-Plex Wenatchee Fiber Consumer Porducts,Wenatchee,Chelan,Ecology: Central Regional Office,15291.0,0.0,15275.0,7.0,9.0,0.0,0.0,0.0,0.0,,1.0,"47.485987, -120.316363",,,POINT (-120.316363 47.485987)
The Boeing Company - Fabrication (Frederickson Site) - Puyallup,2013,Manufacturing,Transportation Industry,336411.0,Aircraft Manufacturing,The Boeing Company,Puyallup,Pierce,Puget Sound Clean Air Agency,21969.0,0.0,21946.0,10.0,12.0,0.0,0.0,0.0,0.0,,1.0,"47.088831, -122.34862",,,POINT (-122.34862 47.088831)
Cathcart Landfill - Snohomish,2022,Waste,Landfills,562212.0,Solid Waste Landfill,Snohomish County,Snohomish,Snohomish,Puget Sound Clean Air Agency,14176.0,1368.0,204.0,12599.0,5.0,0.0,0.0,0.0,0.0,,1.0,"47.870014, -122.118284",,,POINT (-122.118284 47.870014)
"WestRock CP, LLC - Tacoma",2015,Pulp and Paper,Kraft Mills,322130.0,Paperboard Mills,Westrock Corp.,Tacoma,Pierce,Ecology: Industrial Section,1135442.0,1011954.0,116998.0,1154.0,5336.0,0.0,0.0,0.0,0.0,,4.0,"47.260953, -122.421765",,,POINT (-122.421765 47.260953)
Roosevelt Regional Landfill - Roosevelt,2015,Waste,Landfills,562212.0,Solid Waste Landfill,"Republic Services, Inc.",Roosevelt,Klickitat,Ecology: Central Regional Office,248507.0,0.0,189.0,248318.0,1.0,0.0,0.0,0.0,0.0,,3.0,"45.807146, -120.179785",,,POINT (-120.179785 45.807146)
River Road Generating Plant - Vancouver,2023,Power Plants,Natural Gas Turbine Plants,221112.0,Fossil Fuel Electric Power Generation,Clark Public Utilities,Vancouver,Clark,Southwest Clean Air Agency,700250.0,0.0,1399077.0,649.0,774.0,0.0,0.0,0.0,0.0,,4.0,"45.64958, -122.724806",700250.0,Covered Entity,POINT (-122.724806 45.64958)
US Army Joint Base Lewis-McChord - Pierce Co.,2015,Government,National Security,928110.0,National Security,US Government,Joint Base Lewis-McChord,Pierce,Puget Sound Clean Air Agency,78742.0,0.0,56073.0,22633.0,35.0,0.0,0.0,0.0,0.0,,2.0,"47.1142, -122.5365",,,POINT (-122.5365 47.1142)
Puget Sound Energy - Encogen Generating Station - Bellingham,2022,Power Plants,Natural Gas Turbine Plants,221112.0,Fossil Fuel Electric Power Generation,Puget Holdings LLC,Bellingham,Whatcom,Northwest Clean Air Agency,204794.0,0.0,204586.0,95.0,113.0,0.0,0.0,0.0,0.0,,3.0,"48.746, -122.486",,,POINT (-122.486 48.746)
Weyerhaeuser Raymond Lumber - Raymond,2017,Wood Products,Lumber Mills,321113.0,Sawmills,Weyerhaeuser Co.,Raymond,Pacific,Olympic Region Clean Air Agency,48561.0,47921.0,0.0,92.0,548.0,0.0,0.0,0.0,0.0,,2.0,"46.688088, -123.737495",,,POINT (-123.737495 46.688088)
Northwest Pipeline C/S - Sumner,2020,Natural Gas Systems,Natural Gas Transmission/Compression,486210.0,Pipeline Transportation of Natural Gas,"The Williams Companies, Inc.",Sumner,Pierce,Puget Sound Clean Air Agency,9603.0,0.0,9167.0,431.0,5.0,0.0,0.0,0.0,0.0,,1.0,"47.228986, -122.209551",,,POINT (-122.209551 47.228986)
DH Feeders - Eltopia,2013,Livestock,Cattle Feedlots,112112.0,Cattle Feedlots,Easterday Ranches,Eltopia,Franklin,Ecology: Eastern Regional Office,14831.0,0.0,693.0,1080.0,13058.0,0.0,0.0,0.0,0.0,,1.0,"46.50919, -118.881203",,,POINT (-118.881203 46.50919)
"Greif, Tacoma Mill - Tacoma",2020,Pulp and Paper,Other Pulp and Paper,322130.0,Paperboard Mills,Paperboard Parent Inc.,Tacoma,Pierce,Puget Sound Clean Air Agency,13941.0,0.0,13926.0,7.0,8.0,0.0,0.0,0.0,0.0,,1.0,"47.239235, -122.421909",,,POINT (-122.421909 47.239235)
Puget Sound Energy - Goldendale Generating Station - Goldendale,2020,Power Plants,Natural Gas Turbine Plants,221112.0,Fossil Fuel Electric Power Generation,Puget Holdings LLC,Goldendale,Klickitat,Ecology: Central Regional Office,730210.0,0.0,729468.0,338.0,403.0,0.0,0.0,0.0,0.0,,3.0,"45.8114, -120.833",,,POINT (-120.833 45.8114)
REG Grays Harbor LLC - Hoquiam,2017,Petroleum Systems,Other Petroleum Systems,325199.0,All Other Basic Organic Chemical Manufacturing,Chevron Corporation,Hoquiam,Grays Harbor,Olympic Region Clean Air Agency,17588.0,0.0,17570.0,8.0,10.0,0.0,0.0,0.0,0.0,,1.0,"46.968196, -123.853622",,,POINT (-123.853622 46.968196)
City of Ellensburg LDC - supplier,2023,Supplier,Natural Gas Supplier,221210.0,Natural Gas Distribution,City of Ellensburg,Ellensburg,Kittitas,,28110.0,0.0,28081.0,13.0,16.0,0.0,0.0,0.0,0.0,,,,41017.0,Covered Entity,
WestRock LLC - Longview,2019,Pulp and Paper,Kraft Mills,322130.0,Paperboard Mills,Westrock Corp.,Longview,Cowlitz,Ecology: Industrial Section,1555080.0,1408358.0,139775.0,1330.0,5617.0,0.0,0.0,0.0,0.0,,4.0,"46.10361, -122.92167",,,POINT (-122.92167 46.10361)
King County Solid Waste Cedar Hills Landfill - Maple Valley,2019,Waste,Landfills,562212.0,Solid Waste Landfill,King County Solid Waste Division,Maple Valley,King,Puget Sound Clean Air Agency,72738.0,0.0,320.0,72417.0,1.0,0.0,0.0,0.0,0.0,,2.0,"47.462625, -122.046025",,,POINT (-122.046025 47.462625)
U.S. Oil & Refining Co. - Tacoma,2012,Petroleum Systems,Petroleum Refineries,324110.0,Petroleum Refineries,Par Pacific Holdings Inc.,Tacoma,Pierce,Puget Sound Clean Air Agency,169581.0,0.0,167338.0,1703.0,539.0,0.0,0.0,0.0,0.0,,3.0,"47.256813, -122.394952",,,POINT (-122.394952 47.256813)
Tree Top - Wenatchee,2015,Food Production,Fruit Products,311423.0,Dried and Dehydrated Food Manufacturing,Tree Top Inc.,Wenatchee,Chelan,Ecology: Central Regional Office,7806.0,0.0,7797.0,4.0,4.0,0.0,0.0,0.0,0.0,,1.0,"47.48938, -120.31426",,,POINT (-120.31426 47.48938)
Hidden Valley Landfill - Puyallup,2019,Waste,Landfills,562212.0,Solid Waste Landfill,Waste Connections US Inc.,Puyallup,Pierce,Puget Sound Clean Air Agency,7434.0,0.0,0.0,7434.0,0.0,0.0,0.0,0.0,0.0,Voluntary reporter.,1.0,"47.095, -122.2878",,,POINT (-122.2878 47.095)
Port Angeles Hardwood LLC - Port Angeles,2023,Wood Products,Lumber Mills,321113.0,Sawmills,Port Angeles Hardwood LLC,Port Angeles,Clallam,Olympic Region Clean Air Agency,21627.0,21342.0,0.0,41.0,244.0,0.0,0.0,0.0,0.0,,1.0,"48.100872, -123.485745",,Reporter,POINT (-123.485745 48.100872)
Frito Lay - Vancouver,2021,Food Production,Other Food Products,311919.0,Other Snack Food Manufacturing,PepsiCo Inc,Vancouver,Clark,Southwest Clean Air Agency,14349.0,0.0,14335.0,7.0,8.0,0.0,0.0,0.0,0.0,,1.0,"45.657037, -122.692",,,POINT (-122.692 45.657037)
Bonneville Power Administration - WA Only - statewide,2013,Power Plants,Electrical Transmission and Distribution,221121.0,Electric Bulk Power Transmission and Control,US Government,Vancouver,Clark,Southwest Clean Air Agency,42114.0,0.0,0.0,0.0,0.0,0.0,0.0,42114.0,0.0,,2.0,"45.661178, -122.658608",,,POINT (-122.658608 45.661178)
Alcoa Intalco Works - Ferndale,2018,Metals,Aluminum Production,331312.0,Primary Aluminum Production,Alcoa Corp.,Ferndale,Whatcom,Ecology: Industrial Section,1130624.0,0.0,340166.0,9297.0,32.0,0.0,781130.0,0.0,0.0,PFC emissions based on old source test information.,4.0,"48.8455, -122.7055",,,POINT (-122.7055 48.8455)
Cosmo Specialty Fibers Inc - Cosmopolis,2012,Pulp and Paper,Sulfite Mills,322110.0,Pulp Mills,Cosmo Specialty Fibers Inc.,Cosmopolis,Grays Harbor,Ecology: Industrial Section,536935.0,502830.0,27037.0,5186.0,1881.0,0.0,0.0,0.0,0.0,,3.0,"46.952907, -123.76211",,,POINT (-123.76211 46.952907)
KIROS Energy Marketing ULC - Calgary,2022,Supplier,Other Fuel Supplier,424720.0,Petroleum and Petroleum Products Merchant Wholesalers (except Bulk Stations and Terminals),KIROS Energy Marketing ULC,Calgary,MD of Foothills No. 31,,128798.0,0.0,128282.0,153.0,364.0,0.0,0.0,0.0,0.0,,,,,,
Alon Asphalt Company - Seattle,2019,Petroleum Systems,Other Petroleum Systems,424710.0,Petroleum Bulk Stations and Terminals,Delek US Holdings Inc.,Seattle,King,Puget Sound Clean Air Agency,13673.0,0.0,13645.0,21.0,7.0,0.0,0.0,0.0,0.0,,1.0,"47.781642, -122.395299",,,POINT (-122.395299 47.781642)
Cascade Natural Gas Corporation - supplier,2015,Supplier,Natural Gas Supplier,221210.0,Natural Gas Distribution,"MDU Resources Group, Inc.",Kennewick,Benton,,1490533.0,0.0,1488995.0,702.0,836.0,0.0,0.0,0.0,0.0,,,,,,
Lamb Weston - Pasco,2019,Food Production,Potato Products,311411.0,"Frozen Fruit, Juice, and Vegetable Manufacturing","Lamb Weston, Inc.",Pasco,Franklin,Ecology: Eastern Regional Office,46270.0,0.0,46223.0,22.0,26.0,0.0,0.0,0.0,0.0,,2.0,"46.288137, -119.115336",,,POINT (-119.115336 46.288137)
Ponderay Industries - Usk,2021,Pulp and Paper,Other Pulp and Paper,322122.0,Newsprint Mills,Ponderay Industries,Usk,Pend Oreille,Ecology: Eastern Regional Office,523.0,0.0,521.0,1.0,1.0,0.0,0.0,0.0,0.0,Facility closed June 2020.,1.0,"48.289771, -117.271359",,,POINT (-117.271359 48.289771)
Air Liquide Electronics Moses Lake Hydrogen Plant,2013,Chemicals,Other Chemicals,325120.0,Industrial Gas Manufacturing,Air Liquide USA Inc.,Moses Lake,Grant,Ecology: Eastern Regional Office,17253.0,0.0,17253.0,0.0,0.0,0.0,0.0,0.0,0.0,,1.0,"47.135844, -119.19962",,,POINT (-119.19962 47.135844)
Ash Grove Cement Company - Seattle,2023,Minerals,Cement Production,327310.0,Cement Manufacturing,Ash Grove Cement Co.,Seattle,King,Puget Sound Clean Air Agency,367651.0,0.0,366730.0,325.0,596.0,0.0,0.0,0.0,0.0,,3.0,"47.56799, -122.34255",367651.0,Covered Entity,POINT (-122.34255 47.56799)
Puget Sound Energy - Frederickson Generating Station - Tacoma,2014,Power Plants,Natural Gas Turbine Plants,221112.0,Fossil Fuel Electric Power Generation,Puget Holdings LLC,Tacoma,Pierce,Puget Sound Clean Air Agency,24413.0,0.0,24387.0,12.0,14.0,0.0,0.0,0.0,0.0,,1.0,"47.079716, -122.364711",,,POINT (-122.364711 47.079716)
Horn Rapids Sanitary Landfill - Richland,2022,Waste,Landfills,562212.0,Solid Waste Landfill,City of Richland,Richland,Benton,Benton Clean Air Agency,44238.0,4842.0,0.0,39379.0,18.0,0.0,0.0,0.0,0.0,,2.0,"46.346663, -119.348118",,,POINT (-119.348118 46.346663)
Great Western Malt - Vancouver,2014,Food Production,Other Food Products,311213.0,Malt Manufacturing,Great Western Malt,Vancouver,Clark,Southwest Clean Air Agency,18814.0,0.0,18795.0,9.0,10.0,0.0,0.0,0.0,0.0,,1.0,"45.631069, -122.690043",,,POINT (-122.690043 45.631069)
Puget Sound Energy - Fredonia Generating Station - Mount Vernon,2021,Power Plants,Natural Gas Turbine Plants,221112.0,Fossil Fuel Electric Power Generation,Puget Holdings LLC,Mount Vernon,Skagit,Northwest Clean Air Agency,250660.0,0.0,250403.0,117.0,139.0,0.0,0.0,0.0,0.0,,3.0,"48.4553, -122.435",,,POINT (-122.435 48.4553)
Northwest Hardwoods Inc. - Mount Vernon,2018,Wood Products,Lumber Mills,321113.0,Sawmills,Littlejohn & Co. LLC,Mount Vernon,Skagit,Northwest Clean Air Agency,9335.0,6091.0,3159.0,13.0,72.0,0.0,0.0,0.0,0.0,Last year reporting.  Facility shut down in 2019.,1.0,"48.451642, -122.443028",,,POINT (-122.443028 48.451642)
Lamb Weston - Connell,2019,Food Production,Potato Products,311411.0,"Frozen Fruit, Juice, and Vegetable Manufacturing","Lamb Weston, Inc.",Connell,Franklin,Ecology: Eastern Regional Office,36114.0,0.0,36077.0,17.0,20.0,0.0,0.0,0.0,0.0,,2.0,"46.651389, -118.871944",,,POINT (-118.871944 46.651389)
Pasco Processing LLC - Pasco,2017,Food Production,Other Food Products,311991.0,Perishable Prepared Food Manufacturing,Oregon Potato Co.,Pasco,Franklin,Ecology: Eastern Regional Office,13759.0,0.0,13745.0,7.0,8.0,0.0,0.0,0.0,0.0,,1.0,"46.28274, -119.097528",,,POINT (-119.097528 46.28274)
Marathon Anacortes Refinery - Anacortes,2012,Petroleum Systems,Petroleum Refineries,324110.0,Petroleum Refineries,Marathon Petroleum Corp,Anacortes,Skagit,Northwest Clean Air Agency,1311523.0,0.0,1299070.0,7929.0,4525.0,0.0,0.0,0.0,0.0,,4.0,"48.493816, -122.564845",,,POINT (-122.564845 48.493816)
Ardagh Glass Inc. - Seattle,2020,Minerals,Glass Production,327213.0,Glass Container Manufacturing,Ardagh Holdings USA Inc.,Seattle,King,Puget Sound Clean Air Agency,58653.0,0.0,58607.0,21.0,25.0,0.0,0.0,0.0,0.0,,2.0,"47.55242, -122.33739",,,POINT (-122.33739 47.55242)
bp Cherry Point Refinery - Blaine,2015,Petroleum Systems,Petroleum Refineries,324110.0,Petroleum Refineries,BP America Inc.,Blaine,Whatcom,Northwest Clean Air Agency,1995759.0,0.0,1985046.0,6521.0,4192.0,0.0,0.0,0.0,0.0,Assigned Emissions Level,4.0,"48.8864, -122.7353",,,POINT (-122.7353 48.8864)
Tree Top - Selah Campus,2015,Food Production,Fruit Products,311423.0,Dried and Dehydrated Food Manufacturing,Tree Top Inc.,Selah,Yakima,Yakima Regional Clean Air Agency,20029.0,0.0,20009.0,10.0,11.0,0.0,0.0,0.0,0.0,,1.0,"46.64992, -120.52755",,,POINT (-120.52755 46.64992)
"Vaagen Bros. Lumber, Inc. - Colville",2022,Wood Products,Lumber Mills,321999.0,All Other Miscellaneous Wood Product Manufacturing,Vaagen Bros. Lumber Inc.,Colville,Stevens,Ecology: Eastern Regional Office,36853.0,36367.0,0.0,70.0,416.0,0.0,0.0,0.0,0.0,,2.0,"48.548525, -117.915469",,,POINT (-117.915469 48.548525)
"EcoLube Recovery, LLC - Portland",2022,Supplier,Other Fuel Supplier,324191.0,Petroleum Lubricating Oil and Grease Manufacturing,EcoLube,Portland,Multnomah,,46906.0,0.0,46743.0,48.0,115.0,0.0,0.0,0.0,0.0,,,,,,
Kettle Falls Generating Station - Kettle Falls,2014,Power Plants,"Other Power, Heating, or Cooling Plants",221117.0,Biomass Electric Power Generation,Avista Corp.,Kettle Falls,Stevens,Ecology: Eastern Regional Office,375275.0,361824.0,2907.0,6404.0,4140.0,0.0,0.0,0.0,0.0,,3.0,"48.620335, -118.110841",,,POINT (-118.110841 48.620335)
Tree Top - Prosser,2020,Food Production,Fruit Products,311411.0,"Frozen Fruit, Juice, and Vegetable Manufacturing",Tree Top Inc.,Prosser,Benton,Benton Clean Air Agency,17983.0,0.0,17964.0,9.0,10.0,0.0,0.0,0.0,0.0,,1.0,"46.21842, -119.73397",,,POINT (-119.73397 46.21842)
Port Angeles Hardwood LLC - Port Angeles,2018,Wood Products,Lumber Mills,321113.0,Sawmills,Port Angeles Hardwood LLC,Port Angeles,Clallam,Olympic Region Clean Air Agency,23179.0,22874.0,0.0,44.0,262.0,0.0,0.0,0.0,0.0,,1.0,"48.100872, -123.485745",,,POINT (-123.485745 48.100872)
Northwest Pipeline C/S - Mount Vernon,2017,Natural Gas Systems,Natural Gas Transmission/Compression,486210.0,Pipeline Transportation of Natural Gas,"The Williams Companies, Inc.",Mount Vernon,Skagit,Northwest Clean Air Agency,62345.0,0.0,60027.0,2284.0,34.0,0.0,0.0,0.0,0.0,,2.0,"48.421967, -122.21547",,,POINT (-122.21547 48.421967)
Tree Top - Wenatchee,2020,Food Production,Fruit Products,311423.0,Dried and Dehydrated Food Manufacturing,Tree Top Inc.,Wenatchee,Chelan,Ecology: Central Regional Office,9129.0,0.0,9119.0,4.0,5.0,0.0,0.0,0.0,0.0,,1.0,"47.48938, -120.31426",,,POINT (-120.31426 47.48938)
"Gas Transmission Northwest Compressor Station 6, LLC - Rosalia",2020,Natural Gas Systems,Natural Gas Transmission/Compression,486210.0,Pipeline Transportation of Natural Gas,TransCanada Northern Border Inc.,Rosalia,Whitman,Spokane Regional Clean Air Agency,100382.0,0.0,99736.0,590.0,56.0,0.0,0.0,0.0,0.0,,3.0,"47.277256, -117.406737",,,POINT (-117.406737 47.277256)
CertainTeed Gypsum - Seattle,2018,Manufacturing,Building Products,327420.0,Gypsum Product Manufacturing,Saint-Gobain Corporation,Seattle,King,Puget Sound Clean Air Agency,51104.0,0.0,51051.0,24.0,29.0,0.0,0.0,0.0,0.0,,2.0,"47.548056, -122.336944",,,POINT (-122.336944 47.548056)
Cardinal FG Company - Winlock,2018,Minerals,Glass Production,327211.0,Flat Glass Manufacturing,Cardinal Glass Industries Inc.,Winlock,Lewis,Southwest Clean Air Agency,106984.0,0.0,106907.0,35.0,42.0,0.0,0.0,0.0,0.0,,3.0,"46.544937, -122.926313",,,POINT (-122.926313 46.544937)
Public Utility District No. 1 of Benton County,2023,Power,COU,2211.0,"Electric Power Generation, Transmission and Distribution",Public Utility District No. 1 of Benton County,Kennewick,Benton,,39537.0,,,,,,,,,,,,39145.0,Covered Entity,
Nutrien US LLC. - Kennewick,2015,Chemicals,Fertilizer Production,325311.0,Nitrogenous Fertilizer Manufacturing,Agrium US Inc.,Kennewick,Benton,Benton Clean Air Agency,155667.0,0.0,10731.0,1.0,144935.0,0.0,0.0,0.0,0.0,,3.0,"46.165957, -119.017218",,,POINT (-119.017218 46.165957)
Roosevelt Regional Landfill - Roosevelt,2013,Waste,Landfills,562212.0,Solid Waste Landfill,"Republic Services, Inc.",Roosevelt,Klickitat,Ecology: Central Regional Office,282981.0,0.0,207.0,282773.0,1.0,0.0,0.0,0.0,0.0,,3.0,"45.807146, -120.179785",,,POINT (-120.179785 45.807146)
Bonneville Power Administration - WA Only - statewide,2018,Power Plants,Electrical Transmission and Distribution,221121.0,Electric Bulk Power Transmission and Control,US Government,Vancouver,Clark,Southwest Clean Air Agency,19350.0,0.0,0.0,0.0,0.0,0.0,0.0,19350.0,0.0,,1.0,"45.661178, -122.658608",,,POINT (-122.658608 45.661178)
Darigold - Lynden,2019,Food Production,Dairy Products,311514.0,"Dry, Condensed, and Evaporated Dairy Product Manufacturing",Darigold Inc.,Lynden,Whatcom,Northwest Clean Air Agency,19402.0,0.0,19382.0,9.0,11.0,0.0,0.0,0.0,0.0,,1.0,"48.947567, -122.451915",,,POINT (-122.451915 48.947567)
Seattle City Light - Seattle,2022,Power,COU,221122.0,Electric Power Distribution,"The City of Seattle, City Light Department",Seattle,King,,261981.0,,,,,,,,,,,,,,
Hampton Lumber Mills Washington Inc. - Randle,2018,Wood Products,Lumber Mills,321113.0,Sawmills,Hampton Lumber Mills Washington Inc.,Randle,Lewis,Southwest Clean Air Agency,61571.0,60760.0,0.0,117.0,695.0,0.0,0.0,0.0,0.0,,2.0,"46.533743, -121.917906",,,POINT (-121.917906 46.533743)
"Solvay Chemicals, Inc. - Longview",2018,Chemicals,Other Chemicals,325180.0,Other Basic Inorganic Chemical Manufacturing,Solvay Chemicals Inc.,Longview,Cowlitz,Southwest Clean Air Agency,55496.0,0.0,55496.0,0.0,0.0,0.0,0.0,0.0,0.0,,2.0,"46.137218, -122.982847",,,POINT (-122.982847 46.137218)
"Bio Energy Washington, LLC - Maple Valley",2014,Power Plants,"Other Power, Heating, or Cooling Plants",221119.0,Other Electric Power Generation,Bio Energy Washington,Maple Valley,King,Puget Sound Clean Air Agency,28217.0,26868.0,1207.0,43.0,100.0,0.0,0.0,0.0,0.0,,2.0,"47.455871, -122.041817",,,POINT (-122.041817 47.455871)
U.S. Department of Energy Hanford Site - Richland,2023,Government,Other Government,924110.0,Administration of Air and Water Resource and Solid Waste Management Programs,US Government,Richland,Benton,Ecology: NWP,30899.0,0.0,22384.0,8464.0,51.0,0.0,0.0,0.0,0.0,,2.0,"46.55069, -119.489007",,Reporter,POINT (-119.489007 46.55069)
Goodrich Corporation - Spokane,2018,Manufacturing,Transportation Industry,336413.0,Other Aircraft Parts and Auxiliary Equipment Manufacturing,Raytheon Technologies Corp,Spokane,Spokane,Spokane Regional Clean Air Agency,43776.0,0.0,43724.0,22.0,29.0,0.0,0.0,0.0,0.0,,2.0,"47.583604, -117.568511",,,POINT (-117.568511 47.583604)
PUD No 1 of Chelan County - Wenatchee,2022,Power,COU,221118.0,Other Electric Power Generation,PUD No 1 of Chelan County,Wenatchee,Chelan,,15820.0,,,,,,,,,,,,,,
"Nucor Steel Seattle, Inc, - Seattle",2023,Metals,Iron and Steel Production,331110.0,Iron and Steel Mills and Ferroalloy Manufacturing,Nucor Corporation,Seattle,King,Puget Sound Clean Air Agency,82396.0,0.0,82355.0,19.0,22.0,0.0,0.0,0.0,0.0,,2.0,"47.569331, -122.367332",82396.0,Covered Entity,POINT (-122.367332 47.569331)
Sonoco Products - Sumner,2023,Pulp and Paper,Other Pulp and Paper,322130.0,Paperboard Mills,Sonoco Products Company,Sumner,Pierce,Puget Sound Clean Air Agency,10985.0,0.0,10974.0,5.0,6.0,0.0,0.0,0.0,0.0,,1.0,"47.210641, -122.239474",,Reporter,POINT (-122.239474 47.210641)
"Boise Cascade Wood Products, LLC.  Kettle Falls Plywood - Kettle Falls",2020,Wood Products,Other Wood Products,321219.0,Reconstituted Wood Product Manufacturing,Boise Cascade Company,Kettle Falls,Stevens,Ecology: Eastern Regional Office,74138.0,55866.0,17508.0,116.0,649.0,0.0,0.0,0.0,0.0,,2.0,"48.613175, -118.116106",,,POINT (-118.116106 48.613175)
Lamb Weston - Quincy,2012,Food Production,Potato Products,311411.0,"Frozen Fruit, Juice, and Vegetable Manufacturing","Lamb Weston, Inc.",Quincy,Grant,Ecology: Eastern Regional Office,39693.0,0.0,39652.0,19.0,22.0,0.0,0.0,0.0,0.0,,2.0,"47.234413, -119.869914",,,POINT (-119.869914 47.234413)
Peninsula Light Company - Gig Harbor,2022,Power,COU,926130.0,"Regulation and Administration of Communications, Electric, Gas, and Other Utilities",Jafar Taghavi (CEO),Gig Harbor,Pierce,,10328.0,,,,,,,,,,,,,,
Fairchild AFB - Spokane Co.,2018,Government,National Security,928110.0,National Security,US Government,Fairchild Air Force Base,Spokane,Spokane Regional Clean Air Agency,12260.0,0.0,12247.0,6.0,7.0,0.0,0.0,0.0,0.0,,1.0,"47.641332, -117.644832",,,POINT (-117.644832 47.641332)
ExxonMobil Oil Corporation,2023,Supplier,Other Fuel Supplier,424710.0,Petroleum Bulk Stations and Terminals,ExxonMobil Oil Corporation,Houston,Harris,,489317.0,24539.0,457759.0,583.0,6436.0,0.0,0.0,0.0,0.0,,,,464778.0,Covered Entity,
Northwest Pipeline C/S - Washougal,2015,Natural Gas Systems,Natural Gas Transmission/Compression,486210.0,Pipeline Transportation of Natural Gas,"The Williams Companies, Inc.",Washougal,Clark,Southwest Clean Air Agency,15534.0,0.0,12862.0,2666.0,7.0,0.0,0.0,0.0,0.0,,1.0,"45.63236, -122.36516",,,POINT (-122.36516 45.63236)
"Interfor US, Inc. - Tacoma",2012,Wood Products,Lumber Mills,321113.0,Sawmills,Simpson Lumber Company LLC,Tacoma,Pierce,Puget Sound Clean Air Agency,12269.0,0.0,12256.0,6.0,7.0,0.0,0.0,0.0,0.0,,1.0,"47.260211, -122.426476",,,POINT (-122.426476 47.260211)
Sierra Pacific Industries - Centralia,2021,Wood Products,Lumber Mills,321113.0,Sawmills,Sierra Pacific Industries,Centralia,Lewis,Southwest Clean Air Agency,46063.0,45596.0,0.0,67.0,400.0,0.0,0.0,0.0,0.0,,2.0,"46.756413, -122.995433",,,POINT (-122.995433 46.756413)
Naval Air Station Whidbey Island - Oak Harbor,2018,Government,National Security,928110.0,National Security,US Government,Oak Harbor,Island,Northwest Clean Air Agency,14566.0,0.0,14550.0,7.0,9.0,0.0,0.0,0.0,0.0,,1.0,"48.345281, -122.669741",,,POINT (-122.669741 48.345281)
Georgia-Pacific Consumer Operations LLC - Camas,2016,Pulp and Paper,Kraft Mills,322120.0,Paper Mills,Koch Industries Inc.,Camas,Clark,Ecology: Industrial Section,583163.0,420749.0,153710.0,7312.0,1393.0,0.0,0.0,0.0,0.0,,3.0,"45.584271, -122.40843",,,POINT (-122.40843 45.584271)
Puget Sound Energy - Goldendale Generating Station - Goldendale,2019,Power Plants,Natural Gas Turbine Plants,221112.0,Fossil Fuel Electric Power Generation,Puget Holdings LLC,Goldendale,Klickitat,Ecology: Central Regional Office,729130.0,0.0,728390.0,338.0,403.0,0.0,0.0,0.0,0.0,,3.0,"45.8114, -120.833",,,POINT (-120.833 45.8114)
Alon Asphalt Company - Seattle,2013,Petroleum Systems,Other Petroleum Systems,424710.0,Petroleum Bulk Stations and Terminals,Delek US Holdings Inc.,Seattle,King,Puget Sound Clean Air Agency,14336.0,0.0,14304.0,24.0,8.0,0.0,0.0,0.0,0.0,,1.0,"47.781642, -122.395299",,,POINT (-122.395299 47.781642)
Washington Potato Company - Warden,2018,Food Production,Potato Products,311991.0,Perishable Prepared Food Manufacturing,Washington Potato Co.,Warden,Grant,Ecology: Eastern Regional Office,29914.0,0.0,29884.0,14.0,17.0,0.0,0.0,0.0,0.0,,2.0,"46.970469, -119.063631",,,POINT (-119.063631 46.970469)
NGL Supply Co. Ltd. - Sarnia,2023,Supplier,Other Fuel Supplier,424720.0,Petroleum and Petroleum Products Merchant Wholesalers (except Bulk Stations and Terminals),NGL Supply Co. Ltd.,Sarnia,Lambton,,21259.0,0.0,21173.0,25.0,60.0,0.0,0.0,0.0,0.0,,,,15385.0,Covered Entity,
Owens-Brockway Glass Container Inc Plant #2 - Kalama,2014,Minerals,Glass Production,327213.0,Glass Container Manufacturing,O-I Glass Inc.,Kalama,Cowlitz,Southwest Clean Air Agency,22136.0,0.0,22121.0,7.0,8.0,0.0,0.0,0.0,0.0,,1.0,"46.031656, -122.866241",,,POINT (-122.866241 46.031656)
Guy Bennett Lumber Company - Clarkston,2023,Wood Products,Lumber Mills,321113.0,Sawmills,Bennett Lumber Products Inc.,Clarkston,Asotin,Ecology: Eastern Regional Office,14674.0,14481.0,0.0,28.0,166.0,0.0,0.0,0.0,0.0,,1.0,"46.423108, -117.086487",,Reporter,POINT (-117.086487 46.423108)
Puget Sound Energy LDC Facility - Bellevue,2018,Natural Gas Systems,Natural Gas Local Distribution Companies,221210.0,Natural Gas Distribution,Puget Holdings LLC,Bellevue,King,Puget Sound Clean Air Agency,61071.0,0.0,90.0,60981.0,0.0,0.0,0.0,0.0,0.0,,2.0,"47.61345, -122.19454",,,POINT (-122.19454 47.61345)
Naval Base Kitsap Bangor - Silverdale,2017,Government,National Security,928110.0,National Security,US Government,Silverdale,Kitsap,Puget Sound Clean Air Agency,21860.0,0.0,21834.0,11.0,15.0,0.0,0.0,0.0,0.0,,1.0,"47.699284, -122.696926",,,POINT (-122.696926 47.699284)
Avista Corporation - supplier,2017,Supplier,Natural Gas Supplier,,,Avista Corporation,Spokane,Spokane,,1119269.0,0.0,1118114.0,527.0,628.0,0.0,0.0,0.0,0.0,,,,,,
The Boeing Company - Fabrication (Frederickson Site) - Puyallup,2017,Manufacturing,Transportation Industry,336411.0,Aircraft Manufacturing,The Boeing Company,Puyallup,Pierce,Puget Sound Clean Air Agency,19893.0,0.0,19873.0,9.0,11.0,0.0,0.0,0.0,0.0,,1.0,"47.088831, -122.34862",,,POINT (-122.34862 47.088831)
H.W. Hill Landfill Gas Power Plant - Roosevelt,2012,Power Plants,"Other Power, Heating, or Cooling Plants",221119.0,Other Electric Power Generation,Public Utility District No. 1 of Klickitat County,Roosevelt,Klickitat,Ecology: Central Regional Office,84423.0,83991.0,0.0,129.0,303.0,0.0,0.0,0.0,0.0,,2.0,"45.807765, -120.166354",,,POINT (-120.166354 45.807765)
Ascensus Specialties LLC - Elma,2022,Chemicals,Other Chemicals,325180.0,Other Basic Inorganic Chemical Manufacturing,VSI Holdings LLC,Elma,Grays Harbor,Olympic Region Clean Air Agency,18125.0,0.0,18107.0,9.0,10.0,0.0,0.0,0.0,0.0,,1.0,"46.995459, -123.382316",,,POINT (-123.382316 46.995459)
Kettle Falls Generating Station - Kettle Falls,2019,Power Plants,"Other Power, Heating, or Cooling Plants",221117.0,Biomass Electric Power Generation,Avista Corp.,Kettle Falls,Stevens,Ecology: Eastern Regional Office,448360.0,424690.0,11848.0,6959.0,4864.0,0.0,0.0,0.0,0.0,,3.0,"48.620335, -118.110841",,,POINT (-118.110841 48.620335)
Nutrien US LLC. - Kennewick,2022,Chemicals,Fertilizer Production,325311.0,Nitrogenous Fertilizer Manufacturing,Agrium US Inc.,Kennewick,Benton,Benton Clean Air Agency,142911.0,0.0,9555.0,1.0,133356.0,0.0,0.0,0.0,0.0,,3.0,"46.165957, -119.017218",,,POINT (-119.017218 46.165957)
The Boeing Company: DC/MFC - Tukwila,2018,Manufacturing,Transportation Industry,336411.0,Aircraft Manufacturing,The Boeing Company,Tukwila,King,Puget Sound Clean Air Agency,15468.0,0.0,15451.0,8.0,9.0,0.0,0.0,0.0,0.0,,1.0,"47.516246, -122.298613",,,POINT (-122.298613 47.516246)
"Gas Transmission Northwest Compressor Station 8, LLC -Wallula",2019,Natural Gas Systems,Natural Gas Transmission/Compression,486210.0,Pipeline Transportation of Natural Gas,TransCanada Northern Border Inc.,Wallula,Walla Walla,Ecology: Eastern Regional Office,121132.0,0.0,119457.0,1608.0,67.0,0.0,0.0,0.0,0.0,,3.0,"46.053153, -118.843934",,,POINT (-118.843934 46.053153)
Grant County Landfill 1 - Ephrata,2016,Waste,Landfills,562212.0,Solid Waste Landfill,Grant County Washington,Ephrata,Grant,Ecology: Eastern Regional Office,42711.0,0.0,0.0,42711.0,0.0,0.0,0.0,0.0,0.0,,2.0,"47.270759, -119.573764",,,POINT (-119.573764 47.270759)
Cascade Natural Gas Corporation LDC - statewide,2012,Natural Gas Systems,Natural Gas Local Distribution Companies,221210.0,Natural Gas Distribution,MDU Resources Group Inc.,Kennewick,Benton,Benton Clean Air Agency,10605.0,0.0,20.0,10586.0,0.0,0.0,0.0,0.0,0.0,,1.0,"46.21875, -119.22987",,,POINT (-119.22987 46.21875)
Sierra Pacific Industries - Shelton,2019,Wood Products,Lumber Mills,321212.0,Softwood Veneer and Plywood Manufacturing,Simpson Lumber Company LLC,Shelton,Mason,Olympic Region Clean Air Agency,84086.0,82977.0,0.0,159.0,949.0,0.0,0.0,0.0,0.0,,2.0,"47.213448, -123.096517",,,POINT (-123.096517 47.213448)
"Rainier Veneer, Inc. - Spanaway",2023,Wood Products,Other Wood Products,321212.0,Softwood Veneer and Plywood Manufacturing,Rainier Veneer Inc.,Spanaway,Pierce,Puget Sound Clean Air Agency,15208.0,13241.0,1789.0,26.0,152.0,0.0,0.0,0.0,0.0,,1.0,"47.062059, -122.318981",,Reporter,POINT (-122.318981 47.062059)
Grant County Landfill 1 - Ephrata,2018,Waste,Landfills,562212.0,Solid Waste Landfill,Grant County Washington,Ephrata,Grant,Ecology: Eastern Regional Office,47089.0,0.0,0.0,47089.0,0.0,0.0,0.0,0.0,0.0,,2.0,"47.270759, -119.573764",,,POINT (-119.573764 47.270759)
HF Sinclair Puget Sound Refinery LLC - Anacortes,2023,Petroleum Systems,Petroleum Refineries,324110.0,Petroleum Refineries,HollyFrontier Puget Sound Refining LLC,Anacortes,Skagit,Northwest Clean Air Agency,1900999.0,0.0,1890710.0,6317.0,3971.0,0.0,0.0,0.0,0.0,,4.0,"48.470931, -122.559161",1900827.0,Covered Entity,POINT (-122.559161 48.470931)
Benton Rural Electric Association - Prosser,2023,Power,COOP,2211.0,"Electric Power Generation, Transmission and Distribution",Benton Rural Electric Association,Prosser,Benton,,11454.0,,,,,,,,,,,,,Reporter,
Clatskanie People's Utility District - Clatskanie,2023,Power,COU,221122.0,Electric Power Distribution,Clatskanie People's Utility District,Clatskanie,Columbia,,20251.0,,,,,,,,,,,,,Reporter,
CenTrio Energy Seattle LLC - Seattle,2015,Power Plants,"Other Power, Heating, or Cooling Plants",221330.0,Steam and Air-Conditioning Supply,Seattle Steam Company LLC,Seattle,King,Puget Sound Clean Air Agency,70984.0,1847.0,69042.0,36.0,60.0,0.0,0.0,0.0,0.0,,2.0,"47.6068, -122.340179",,,POINT (-122.340179 47.6068)
"SEH America, Inc - Vancouver",2013,Manufacturing,Electronics Industry,334413.0,Semiconductor and Related Device Manufacturing,SEH America Inc.,Vancouver,Clark,Southwest Clean Air Agency,13852.0,0.0,13838.0,7.0,8.0,0.0,0.0,0.0,0.0,,1.0,"45.649912, -122.553612",,,POINT (-122.553612 45.649912)
Avista Corporation - WA State DOE Reporting - statewide,2022,Natural Gas Systems,Natural Gas Local Distribution Companies,221121.0,Electric Bulk Power Transmission and Control,Avista Corp.,Spokane,Spokane,Spokane Regional Clean Air Agency,6.0,0.0,0.0,0.0,0.0,0.0,0.0,6.0,0.0,,1.0,"47.673486, -117.388514",,,POINT (-117.388514 47.673486)
Goodrich Corporation - Spokane,2023,Manufacturing,Transportation Industry,336413.0,Other Aircraft Parts and Auxiliary Equipment Manufacturing,Raytheon Technologies Corp,Spokane,Spokane,Spokane Regional Clean Air Agency,42340.0,0.0,42293.0,21.0,26.0,0.0,0.0,0.0,0.0,,2.0,"47.583604, -117.568511",41339.0,Covered Entity,POINT (-117.568511 47.583604)
AmeriGas Propane - King of Prussia,2022,Supplier,Other Fuel Supplier,,,UGI Corp,King of Prussia,Montgomery,,53575.0,0.0,53360.0,63.0,151.0,0.0,0.0,0.0,0.0,,,,,,
Nippon Dynawave - Longview,2020,Pulp and Paper,Kraft Mills,322121.0,Paper (except Newsprint) Mills,Nippon Paper Industries Co Ltd,Longview,Cowlitz,Ecology: Industrial Section,1532644.0,1172774.0,352071.0,1656.0,6143.0,0.0,0.0,0.0,0.0,Formerly included North Pacific Paper Company before 2016.,4.0,"46.130495, -122.983637",,,POINT (-122.983637 46.130495)
Central Washington University - Ellensburg,2015,Government,Education,611310.0,"Colleges, Universities, and Professional Schools",State of Washington,Ellensburg,Kittitas,Ecology: Central Regional Office,12838.0,0.0,12822.0,7.0,9.0,0.0,0.0,0.0,0.0,,1.0,"47.003202, -120.544513",,,POINT (-120.544513 47.003202)
Ascensus Specialties LLC - Elma,2015,Chemicals,Other Chemicals,325180.0,Other Basic Inorganic Chemical Manufacturing,VSI Holdings LLC,Elma,Grays Harbor,Olympic Region Clean Air Agency,17600.0,0.0,17582.0,8.0,10.0,0.0,0.0,0.0,0.0,,1.0,"46.995459, -123.382316",,,POINT (-123.382316 46.995459)
River Road Generating Plant - Vancouver,2020,Power Plants,Natural Gas Turbine Plants,221112.0,Fossil Fuel Electric Power Generation,Clark Public Utilities,Vancouver,Clark,Southwest Clean Air Agency,635084.0,0.0,634439.0,294.0,351.0,0.0,0.0,0.0,0.0,,3.0,"45.64958, -122.724806",,,POINT (-122.724806 45.64958)
Western Washington University - Bellingham,2020,Government,Education,611310.0,"Colleges, Universities, and Professional Schools",Western Washington University,Bellingham,Whatcom,Northwest Clean Air Agency,9286.0,0.0,9277.0,4.0,5.0,0.0,0.0,0.0,0.0,,1.0,"48.736499, -122.484714",,,POINT (-122.484714 48.736499)
General Petroleum LLC - Seattle,2023,Supplier,Other Fuel Supplier,424720.0,Petroleum and Petroleum Products Merchant Wholesalers (except Bulk Stations and Terminals),"Maxum Enterprises, LLC",Seattle,King,,374337.0,0.0,374000.0,55.0,282.0,0.0,0.0,0.0,0.0,,,,138633.0,Covered Entity,
McCain Foods - Othello,2012,Food Production,Potato Products,311411.0,"Frozen Fruit, Juice, and Vegetable Manufacturing",McCain USA Inc.,Othello,Adams,Ecology: Eastern Regional Office,107911.0,0.0,41847.0,66041.0,24.0,0.0,0.0,0.0,0.0,,3.0,"46.840102, -119.172705",,,POINT (-119.172705 46.840102)
WaferTech LLC - Camas,2014,Manufacturing,Electronics Industry,334413.0,Semiconductor and Related Device Manufacturing,WaferTech LLC,Camas,Clark,Southwest Clean Air Agency,178962.0,23.0,13500.0,6.0,7493.0,9187.0,84600.0,42235.0,21919.0,Assigned Emissions Level,3.0,"45.619569, -122.454955",,,POINT (-122.454955 45.619569)
TransAlta Centralia Generation LLC - Centralia,2018,Power Plants,Coal Plants,221112.0,Fossil Fuel Electric Power Generation,Transalta Centralia Generation/Mining,Centralia,Lewis,Southwest Clean Air Agency,6097084.0,0.0,6049290.0,17482.0,30312.0,0.0,0.0,0.0,0.0,,5.0,"46.7559, -122.8578",,,POINT (-122.8578 46.7559)
Hampton Lumber Mills Washington Inc. - Morton,2021,Wood Products,Lumber Mills,321113.0,Sawmills,Hampton Lumber Mills Washington Inc.,Morton,Lewis,Southwest Clean Air Agency,33062.0,32626.0,0.0,63.0,373.0,0.0,0.0,0.0,0.0,,2.0,"46.565997, -122.269573",,,POINT (-122.269573 46.565997)
"SEH America, Inc - Vancouver",2018,Manufacturing,Electronics Industry,334413.0,Semiconductor and Related Device Manufacturing,SEH America Inc.,Vancouver,Clark,Southwest Clean Air Agency,11291.0,0.0,11279.0,5.0,6.0,0.0,0.0,0.0,0.0,,1.0,"45.649912, -122.553612",,,POINT (-122.553612 45.649912)
Air Liquide Hydrogen Plant  - Anacortes,2013,Petroleum Systems,Other Petroleum Systems,325120.0,Industrial Gas Manufacturing,Air Liquide USA Inc.,Anacortes,Skagit,Northwest Clean Air Agency,58995.0,0.0,58995.0,0.0,0.0,0.0,0.0,0.0,0.0,,2.0,"48.465617, -122.556032",,,POINT (-122.556032 48.465617)
Puget Sound Energy T&D - statewide,2022,Power Plants,Electrical Transmission and Distribution,221122.0,Electric Power Distribution,Puget Holdings LLC,Bellevue,King,Puget Sound Clean Air Agency,6867.0,0.0,0.0,0.0,0.0,0.0,0.0,6867.0,0.0,Resumed reporting.,1.0,"47.61345, -122.19454",,,POINT (-122.19454 47.61345)
Naval Base Kitsap - Bremerton,2015,Government,National Security,928110.0,National Security,US Government,Bremerton,Kitsap,Puget Sound Clean Air Agency,42287.0,0.0,42241.0,21.0,26.0,0.0,0.0,0.0,0.0,,2.0,"47.557047, -122.645933",,,POINT (-122.645933 47.557047)
Alcoa Wenatchee Works - Malaga,2018,Metals,Aluminum Production,331312.0,Primary Aluminum Production,Alcoa Corp.,Malaga,Chelan,Ecology: Industrial Section,0.0,0.0,0.0,0.0,0.0,0.0,0.0,0.0,0.0,Last year reporting.  Facility curtailed.,1.0,"47.3567, -120.1273",,,POINT (-120.1273 47.3567)
Cheyne Landfill - Zillah,2020,Waste,Landfills,562212.0,Solid Waste Landfill,Yakima County Public Services,Zillah,Yakima,Yakima Regional Clean Air Agency,42145.0,0.0,0.0,42145.0,0.0,0.0,0.0,0.0,0.0,,2.0,"46.4785, -120.2688",,,POINT (-120.2688 46.4785)
University of Washington Seattle Campus - Seattle,2023,Government,Education,611310.0,"Colleges, Universities, and Professional Schools",State of Washington,Seattle,King,Puget Sound Clean Air Agency,80936.0,0.0,80851.0,38.0,46.0,0.0,0.0,0.0,0.0,,2.0,"47.653614, -122.303608",80376.0,Covered Entity,POINT (-122.303608 47.653614)
Packaging Corporation of America - Wallula,2018,Pulp and Paper,Kraft Mills,322121.0,Paper (except Newsprint) Mills,Packaging Corp of America,Wallula,Walla Walla,Ecology: Industrial Section,652556.0,527640.0,108620.0,13777.0,2519.0,0.0,0.0,0.0,0.0,,3.0,"46.10396, -118.9184",,,POINT (-118.9184 46.10396)
Seattle-Tacoma International Airport - Seattle,2017,Government,Other Government,488119.0,Other Airport Operations,Port of Seattle,Seattle,King,Puget Sound Clean Air Agency,14791.0,0.0,14776.0,7.0,8.0,0.0,0.0,0.0,0.0,,1.0,"47.443643, -122.302452",,,POINT (-122.302452 47.443643)
The Boeing Company: Boeing Plant 2 - Seattle,2015,Manufacturing,Transportation Industry,336411.0,Aircraft Manufacturing,The Boeing Company,Seattle,King,Puget Sound Clean Air Agency,21499.0,0.0,21477.0,10.0,12.0,0.0,0.0,0.0,0.0,,1.0,"47.532524, -122.311623",,,POINT (-122.311623 47.532524)
Avista Corporation - supplier,2023,Supplier,Natural Gas Supplier,221210.0,Natural Gas Distribution,Avista Corporation,Spokane,Spokane,,1072737.0,35.0,1071595.0,505.0,602.0,0.0,0.0,0.0,0.0,,,,1118894.0,Covered Entity,
Starbucks Kent Flexible Plant - Kent,2016,Food Production,Other Food Products,311920.0,Coffee and Tea Manufacturing,Starbucks Corp.,Kent,King,Puget Sound Clean Air Agency,14382.0,0.0,14367.0,7.0,8.0,0.0,0.0,0.0,0.0,,1.0,"47.436276, -122.237648",,,POINT (-122.237648 47.436276)
Chehalis Generation Facility - Chehalis,2023,Power Plants,Natural Gas Turbine Plants,221112.0,Fossil Fuel Electric Power Generation,Berkshire Hathaway,Chehalis,Lewis,EFSEC,914725.0,0.0,913796.0,424.0,505.0,0.0,0.0,0.0,0.0,,3.0,"46.6226, -122.9145",914725.0,Covered Entity,POINT (-122.9145 46.6226)
"Gas Transmission Northwest, LLC - Houston",2023,Supplier,Natural Gas Supplier,486210.0,Pipeline Transportation of Natural Gas,TC Energy,Houston,Harris,,,,,,,,,,,,,,,Reporter,
Lamb Weston - Quincy,2022,Food Production,Potato Products,311411.0,"Frozen Fruit, Juice, and Vegetable Manufacturing","Lamb Weston, Inc.",Quincy,Grant,Ecology: Eastern Regional Office,35378.0,0.0,35341.0,17.0,20.0,0.0,0.0,0.0,0.0,,2.0,"47.234413, -119.869914",,,POINT (-119.869914 47.234413)
Terrace Heights Landfill - Yakima,2012,Waste,Landfills,562212.0,Solid Waste Landfill,Yakima County Public Services - Solid Waste Division,Yakima,Yakima,Yakima Regional Clean Air Agency,102488.0,0.0,16.0,102472.0,0.0,0.0,0.0,0.0,0.0,,3.0,"46.610031, -120.39408",,,POINT (-120.39408 46.610031)
Steelscape - Kalama,2018,Metals,Other Metals,331221.0,Rolled Steel Shape Manufacturing,NS BlueScope USA LLC,Kalama,Cowlitz,Southwest Clean Air Agency,24156.0,0.0,24131.0,11.0,13.0,0.0,0.0,0.0,0.0,,1.0,"46.04326, -122.871703",,,POINT (-122.871703 46.04326)
J.R. Simplot Company - Othello,2017,Food Production,Potato Products,311411.0,"Frozen Fruit, Juice, and Vegetable Manufacturing",J.R. Simplot Company,Othello,Adams,Ecology: Eastern Regional Office,95215.0,0.0,49074.0,46114.0,27.0,0.0,0.0,0.0,0.0,,2.0,"46.837778, -119.176389",,,POINT (-119.176389 46.837778)
Boeing Commercial Airplanes - Everett,2012,Manufacturing,Transportation Industry,336411.0,Aircraft Manufacturing,The Boeing Company,Everett,Snohomish,Puget Sound Clean Air Agency,71463.0,0.0,71389.0,34.0,40.0,0.0,0.0,0.0,0.0,,2.0,"47.918622, -122.276987",,,POINT (-122.276987 47.918622)
Lamb Weston - Warden,2023,Food Production,Potato Products,311411.0,"Frozen Fruit, Juice, and Vegetable Manufacturing","Lamb Weston, Inc.",Warden,Grant,Ecology: Eastern Regional Office,14112.0,0.0,14097.0,7.0,8.0,0.0,0.0,0.0,0.0,,1.0,"46.971504, -119.055427",,Reporter,POINT (-119.055427 46.971504)
Weyerhaeuser Raymond Lumber - Raymond,2021,Wood Products,Lumber Mills,321113.0,Sawmills,Weyerhaeuser Co.,Raymond,Pacific,Olympic Region Clean Air Agency,44899.0,44307.0,0.0,85.0,507.0,0.0,0.0,0.0,0.0,,2.0,"46.688088, -123.737495",,,POINT (-123.737495 46.688088)
Tree Top - Selah Campus,2020,Food Production,Fruit Products,311423.0,Dried and Dehydrated Food Manufacturing,Tree Top Inc.,Selah,Yakima,Yakima Regional Clean Air Agency,20339.0,0.0,20318.0,10.0,11.0,0.0,0.0,0.0,0.0,,1.0,"46.64992, -120.52755",,,POINT (-120.52755 46.64992)
Darigold - Sunnyside,2012,Food Production,Dairy Products,311513.0,Cheese Manufacturing,Darigold Inc.,Sunnyside,Yakima,Yakima Regional Clean Air Agency,22078.0,0.0,22055.0,11.0,13.0,0.0,0.0,0.0,0.0,,1.0,"46.30058, -120.015675",,,POINT (-120.015675 46.30058)
"Midstream Energy Partners (USA), LLC -Tupman",2023,Supplier,Other Fuel Supplier,424720.0,Petroleum and Petroleum Products Merchant Wholesalers (except Bulk Stations and Terminals),"South 49 Holdings, Ltd.",Tupman,Kern,,124898.0,0.0,124397.0,148.0,353.0,0.0,0.0,0.0,0.0,,,,91117.0,Covered Entity,
City of Tacoma Solid Waste Facility - Tacoma,2015,Waste,Landfills,562212.0,Solid Waste Landfill,City of Tacoma,Tacoma,Pierce,Puget Sound Clean Air Agency,14812.0,0.0,0.0,14812.0,0.0,0.0,0.0,0.0,0.0,,1.0,"47.223413, -122.499775",,,POINT (-122.499775 47.223413)
J.R. Simplot Company - Moses Lake,2022,Food Production,Potato Products,311411.0,"Frozen Fruit, Juice, and Vegetable Manufacturing",J.R. Simplot Company,Moses Lake,Grant,Ecology: Eastern Regional Office,33007.0,6762.0,20804.0,5406.0,36.0,0.0,0.0,0.0,0.0,,2.0,"47.131732, -119.18926",,,POINT (-119.18926 47.131732)
Cowlitz County Tennant Way Landfill - Longview,2021,Waste,Landfills,562212.0,Solid Waste Landfill,Cowlitz County Washington,Longview,Cowlitz,Southwest Clean Air Agency,15762.0,0.0,0.0,15762.0,0.0,0.0,0.0,0.0,0.0,,1.0,"46.107229, -122.905601",,,POINT (-122.905601 46.107229)
Cowlitz County Tennant Way Landfill - Longview,2016,Waste,Landfills,562212.0,Solid Waste Landfill,Cowlitz County Washington,Longview,Cowlitz,Southwest Clean Air Agency,17254.0,0.0,0.0,17254.0,0.0,0.0,0.0,0.0,0.0,,1.0,"46.107229, -122.905601",,,POINT (-122.905601 46.107229)
TransAlta Centralia Generation LLC - Centralia,2015,Power Plants,Coal Plants,221112.0,Fossil Fuel Electric Power Generation,Transalta Centralia Generation/Mining,Centralia,Lewis,Southwest Clean Air Agency,5665101.0,0.0,5619677.0,16615.0,28808.0,0.0,0.0,0.0,0.0,,5.0,"46.7559, -122.8578",,,POINT (-122.8578 46.7559)
Northwest Pipeline C/S - Chehalis,2012,Natural Gas Systems,Natural Gas Transmission/Compression,486210.0,Pipeline Transportation of Natural Gas,"The Williams Companies, Inc.",Chehalis,Lewis,Southwest Clean Air Agency,12757.0,0.0,11310.0,1441.0,6.0,0.0,0.0,0.0,0.0,,1.0,"46.533325, -122.87373",,,POINT (-122.87373 46.533325)
Sierra Pacific Industries - Aberdeen,2016,Wood Products,Lumber Mills,321113.0,Sawmills,Sierra Pacific Industries,Aberdeen,Grays Harbor,Olympic Region Clean Air Agency,220243.0,215642.0,1720.0,415.0,2467.0,0.0,0.0,0.0,0.0,,3.0,"46.971875, -123.775526",,,POINT (-123.775526 46.971875)
Pilot Travel Centers LLC - Knoxville,2023,Supplier,Other Fuel Supplier,457120.0,Other Gasoline Stations,Pilot Travel Centers LLC,Knoxville,Knox,,27266.0,276.0,26964.0,4.0,23.0,0.0,0.0,0.0,0.0,,,,26991.0,Covered Entity,
City of Ellensburg LDC - supplier,2019,Supplier,Natural Gas Supplier,221210.0,Natural Gas Distribution,City of Ellensburg,Ellensburg,Kittitas,,29657.0,0.0,29627.0,14.0,17.0,0.0,0.0,0.0,0.0,,,,,,
Riverside Feeders SFL - Kennewick,2021,Livestock,Cattle Feedlots,112112.0,Cattle Feedlots,Easterday Ranches,Kennewick,Benton,Benton Clean Air Agency,5456.0,0.0,311.0,399.0,4747.0,0.0,0.0,0.0,0.0,Voluntary reporter.  Manure management reporting repealed by Legislature.,1.0,"45.991872, -119.136497",,,POINT (-119.136497 45.991872)
Washington Potato Company - Warden,2013,Food Production,Potato Products,311991.0,Perishable Prepared Food Manufacturing,Washington Potato Co.,Warden,Grant,Ecology: Eastern Regional Office,31968.0,0.0,31935.0,15.0,18.0,0.0,0.0,0.0,0.0,,2.0,"46.970469, -119.063631",,,POINT (-119.063631 46.970469)
Puget Sound Energy - Ferndale Generating Station - Ferndale,2019,Power Plants,Natural Gas Turbine Plants,221112.0,Fossil Fuel Electric Power Generation,Puget Holdings LLC,Ferndale,Whatcom,Northwest Clean Air Agency,478280.0,0.0,477794.0,222.0,264.0,0.0,0.0,0.0,0.0,,3.0,"48.828707, -122.685533",,,POINT (-122.685533 48.828707)
Northwest Pipeline Willard C/S - Cook,2023,Natural Gas Systems,Natural Gas Transmission/Compression,486210.0,Pipeline Transportation of Natural Gas,"The Williams Companies, Inc.",Cook,Skamania,Southwest Clean Air Agency,9146.0,0.0,7458.0,1685.0,4.0,0.0,0.0,0.0,0.0,,1.0,"45.778087, -121.626311",9146.0,Covered Entity,POINT (-121.626311 45.778087)
Hampton Lumber Mills Washington Inc. - Darrington,2016,Wood Products,Lumber Mills,321113.0,Sawmills,Hampton Lumber Mills Washington Inc.,Darrington,Snohomish,Puget Sound Clean Air Agency,94826.0,93577.0,0.0,180.0,1070.0,0.0,0.0,0.0,0.0,,2.0,"48.262797, -121.597608",,,POINT (-121.597608 48.262797)
Great Western Malt - Vancouver,2018,Food Production,Other Food Products,311213.0,Malt Manufacturing,Great Western Malt,Vancouver,Clark,Southwest Clean Air Agency,13770.0,0.0,13756.0,7.0,8.0,0.0,0.0,0.0,0.0,,1.0,"45.631069, -122.690043",,,POINT (-122.690043 45.631069)
Hattenhauer Distributing Co - The Dalles,2023,Supplier,Other Fuel Supplier,457110.0,Gasoline Stations with Convenience Stores,Hattenhauer Distributing Co,The Dalles,Wasco,,16828.0,1018.0,15604.0,17.0,189.0,0.0,0.0,0.0,0.0,,,,,Reporter,
Puget Sound Energy - Whitehorn Generating Station - Blaine,2014,Power Plants,Natural Gas Turbine Plants,221112.0,Fossil Fuel Electric Power Generation,Puget Holdings LLC,Blaine,Whatcom,Northwest Clean Air Agency,29472.0,0.0,29441.0,14.0,18.0,0.0,0.0,0.0,0.0,,2.0,"48.885475, -122.724299",,,POINT (-122.724299 48.885475)
"Kaiser Aluminum Washington, LLC (Trentwood Works) - Spokane Valley",2023,Metals,Other Metals,331315.0,"Aluminum Sheet, Plate, and Foil Manufacturing",Kaiser Aluminum Corp.,Spokane Valley,Spokane,Spokane Regional Clean Air Agency,124834.0,0.0,124706.0,59.0,70.0,0.0,0.0,0.0,0.0,,3.0,"47.687074, -117.212673",124833.0,Covered Entity,POINT (-117.212673 47.687074)
Lamb Weston - Richland,2015,Food Production,Potato Products,311411.0,"Frozen Fruit, Juice, and Vegetable Manufacturing","Lamb Weston, Inc.",Richland,Benton,Benton Clean Air Agency,36252.0,0.0,36215.0,17.0,20.0,0.0,0.0,0.0,0.0,,2.0,"46.309314, -119.297267",,,POINT (-119.297267 46.309314)
Frederickson Power LP - Tacoma,2014,Power Plants,Natural Gas Turbine Plants,221112.0,Fossil Fuel Electric Power Generation,"Puget Sound Energy, Inc. and Capital Power (US Holdings) Inc",Tacoma,Pierce,Puget Sound Clean Air Agency,271639.0,0.0,271363.0,126.0,150.0,0.0,0.0,0.0,0.0,,3.0,"47.086342, -122.365686",,,POINT (-122.365686 47.086342)
SDS Lumber Company - Bingen,2017,Wood Products,Lumber Mills,321113.0,Sawmills,SDS Lumber Company,Bingen,Klickitat,Ecology: Central Regional Office,57787.0,56682.0,348.0,109.0,648.0,0.0,0.0,0.0,0.0,,2.0,"45.713913, -121.468688",,,POINT (-121.468688 45.713913)
Graymont Western US. Inc. - Tacoma,2014,Minerals,Lime Production,327410.0,Lime Manufacturing,"Graymont, Inc.",Tacoma,Pierce,Puget Sound Clean Air Agency,60625.0,0.0,60278.0,127.0,220.0,0.0,0.0,0.0,0.0,,2.0,"47.271365, -122.397262",,,POINT (-122.397262 47.271365)
U.S. Oil & Refining Co. - Tacoma,2016,Petroleum Systems,Petroleum Refineries,324110.0,Petroleum Refineries,Par Pacific Holdings Inc.,Tacoma,Pierce,Puget Sound Clean Air Agency,146049.0,0.0,144562.0,1008.0,479.0,0.0,0.0,0.0,0.0,,3.0,"47.256813, -122.394952",,,POINT (-122.394952 47.256813)
WestRock LLC - Longview,2015,Pulp and Paper,Kraft Mills,322130.0,Paperboard Mills,Westrock Corp.,Longview,Cowlitz,Ecology: Industrial Section,1708008.0,1565128.0,135500.0,1427.0,5954.0,0.0,0.0,0.0,0.0,,4.0,"46.10361, -122.92167",,,POINT (-122.92167 46.10361)
Puget Sound Energy LDC Supplier - Bellevue,2020,Supplier,Natural Gas Supplier,221210.0,Natural Gas Distribution,PUGET HOLDINGS LLC,Bellevue,King,,5112527.0,0.0,5107252.0,2406.0,2868.0,0.0,0.0,0.0,0.0,,,,,,
Waste Management Greater Wenatchee Regional Landfill - East Wenatchee,2013,Waste,Landfills,562212.0,Solid Waste Landfill,Waste Management Inc.,East Wenatchee,Douglas,Ecology: Central Regional Office,31854.0,0.0,0.0,31854.0,0.0,0.0,0.0,0.0,0.0,,2.0,"47.405083, -120.167444",,,POINT (-120.167444 47.405083)
HF Sinclair Puget Sound Refinery LLC - Anacortes,2016,Petroleum Systems,Petroleum Refineries,324110.0,Petroleum Refineries,HollyFrontier Puget Sound Refining LLC,Anacortes,Skagit,Northwest Clean Air Agency,1980495.0,0.0,1969285.0,6794.0,4416.0,0.0,0.0,0.0,0.0,Assigned Emissions Level,4.0,"48.470931, -122.559161",,,POINT (-122.559161 48.470931)
Gas Transmission Northwest Compressor Station 7 -Prescott,2022,Natural Gas Systems,Natural Gas Transmission/Compression,486210.0,Pipeline Transportation of Natural Gas,TransCanada Northern Border Inc.,Starbuck,Columbia,Ecology: Eastern Regional Office,121513.0,0.0,120168.0,1278.0,67.0,0.0,0.0,0.0,0.0,,3.0,"46.53558, -118.293441",,,POINT (-118.293441 46.53558)
"Nucor Steel Seattle, Inc, - Seattle",2012,Metals,Iron and Steel Production,331110.0,Iron and Steel Mills and Ferroalloy Manufacturing,Nucor Corporation,Seattle,King,Puget Sound Clean Air Agency,124468.0,0.0,124425.0,20.0,24.0,0.0,0.0,0.0,0.0,,3.0,"47.569331, -122.367332",,,POINT (-122.367332 47.569331)
Georgia-Pacific Gypsum LLC - Tacoma,2023,Manufacturing,Building Products,327420.0,Gypsum Product Manufacturing,Koch Industries Inc.,Tacoma,Pierce,Puget Sound Clean Air Agency,49843.0,0.0,49792.0,23.0,28.0,0.0,0.0,0.0,0.0,,2.0,"47.269558, -122.394869",49843.0,Covered Entity,POINT (-122.394869 47.269558)
Naval Air Station Whidbey Island - Oak Harbor,2023,Government,National Security,928110.0,National Security,US Government,Oak Harbor,Island,Northwest Clean Air Agency,12779.0,0.0,12766.0,6.0,8.0,0.0,0.0,0.0,0.0,,1.0,"48.345281, -122.669741",,Reporter,POINT (-122.669741 48.345281)
"Boise Cascade Wood Products, LLC.  Kettle Falls Plywood - Kettle Falls",2012,Wood Products,Other Wood Products,321219.0,Reconstituted Wood Product Manufacturing,Boise Cascade Company,Kettle Falls,Stevens,Ecology: Eastern Regional Office,68360.0,64638.0,2306.0,552.0,864.0,0.0,0.0,0.0,0.0,,2.0,"48.613175, -118.116106",,,POINT (-118.116106 48.613175)
Horn Rapids Sanitary Landfill - Richland,2020,Waste,Landfills,562212.0,Solid Waste Landfill,City of Richland,Richland,Benton,Benton Clean Air Agency,27329.0,0.0,0.0,27329.0,0.0,0.0,0.0,0.0,0.0,,2.0,"46.346663, -119.348118",,,POINT (-119.348118 46.346663)
Frito Lay - Vancouver,2013,Food Production,Other Food Products,311919.0,Other Snack Food Manufacturing,PepsiCo Inc,Vancouver,Clark,Southwest Clean Air Agency,15212.0,0.0,15196.0,7.0,9.0,0.0,0.0,0.0,0.0,,1.0,"45.657037, -122.692",,,POINT (-122.692 45.657037)
Public Utility District No. 1 of Douglas County - East Wenatchee,2023,Power,COU,221111.0,"Electric power generation, hydroelectric",Public Utility District No. 1 of Dougals County,East Wenatchee,Douglas,,8115.0,,,,,,,,,,,,,Reporter,
Equilon Enterprises LLC dba Shell Oil Products US,2022,Supplier,Other Fuel Supplier,324110.0,Petroleum Refineries,TMR COMPANY LLC,Houston,Harris,,5053422.0,156562.0,4846658.0,5618.0,44585.0,0.0,0.0,0.0,0.0,,,,,,
"SGL Carbon, LLC - Moses Lake",2020,Manufacturing,Transportation Industry,335991.0,Carbon and Graphite Product Manufacturing,SGL Automotive Carbon Fibers LLC,Moses Lake,Grant,Ecology: Eastern Regional Office,11827.0,0.0,11815.0,6.0,7.0,0.0,0.0,0.0,0.0,,1.0,"47.208993, -119.285437",,,POINT (-119.285437 47.208993)
Fairchild AFB - Spokane Co.,2022,Government,National Security,928110.0,National Security,US Government,Fairchild Air Force Base,Spokane,Spokane Regional Clean Air Agency,14935.0,0.0,14920.0,7.0,8.0,0.0,0.0,0.0,0.0,,1.0,"47.641332, -117.644832",,,POINT (-117.644832 47.641332)
Cowlitz County Headquarters Landfill - Castle Rock,2017,Waste,Landfills,562212.0,Solid Waste Landfill,Cowlitz County,Castle Rock,Cowlitz,Southwest Clean Air Agency,218522.0,11096.0,0.0,207386.0,40.0,0.0,0.0,0.0,0.0,,3.0,"46.246902, -122.772284",,,POINT (-122.772284 46.246902)
Inland Empire Paper Company - Spokane,2020,Pulp and Paper,Other Pulp and Paper,322122.0,Newsprint Mills,Cowles Publishing Co.,Spokane,Spokane,Spokane Regional Clean Air Agency,34724.0,17931.0,16537.0,43.0,215.0,0.0,0.0,0.0,0.0,,2.0,"47.688295, -117.279323",,,POINT (-117.279323 47.688295)
Avangrid Renewables LLC - Portland,2022,Power,Electrical Transmission and Distribution,221118.0,Other Electric Power Generation,"Avangrid, INC",Portland,Multnomah,,218869.0,,,,,,,,,,,,,,
Morgan Stanley Capital Group Inc. - New York,2022,Power,Marketer,,,Morgan Stanley,New York,New York,,199011.0,,,,,,,,,,,,,,
U.S. Department of Energy Hanford Site - Richland,2019,Government,Other Government,924110.0,Administration of Air and Water Resource and Solid Waste Management Programs,US Government,Richland,Benton,Ecology: NWP,14390.0,0.0,5233.0,9150.0,8.0,0.0,0.0,0.0,0.0,,1.0,"46.55069, -119.489007",,,POINT (-119.489007 46.55069)
DH Feeders - Eltopia,2015,Livestock,Cattle Feedlots,112112.0,Cattle Feedlots,Easterday Ranches,Eltopia,Franklin,Ecology: Eastern Regional Office,15048.0,0.0,922.0,1094.0,13032.0,0.0,0.0,0.0,0.0,,1.0,"46.50919, -118.881203",,,POINT (-118.881203 46.50919)
"Solvay Chemicals, Inc. - Longview",2022,Chemicals,Other Chemicals,325180.0,Other Basic Inorganic Chemical Manufacturing,Solvay Chemicals Inc.,Longview,Cowlitz,Southwest Clean Air Agency,62123.0,0.0,62123.0,0.0,0.0,0.0,0.0,0.0,0.0,,2.0,"46.137218, -122.982847",,,POINT (-122.982847 46.137218)
Phillips 66 Ferndale Refinery - Ferndale,2017,Petroleum Systems,Petroleum Refineries,324110.0,Petroleum Refineries,Phillips 66 Company,Ferndale,Whatcom,Northwest Clean Air Agency,748762.0,0.0,745076.0,1794.0,1892.0,0.0,0.0,0.0,0.0,,3.0,"48.830142, -122.692114",,,POINT (-122.692114 48.830142)
Graymont Western US. Inc. - Tacoma,2019,Minerals,Lime Production,327410.0,Lime Manufacturing,"Graymont, Inc.",Tacoma,Pierce,Puget Sound Clean Air Agency,22.0,0.0,22.0,0.0,0.0,0.0,0.0,0.0,0.0,Last year reporting.  Facility shut down.,1.0,"47.271365, -122.397262",,,POINT (-122.397262 47.271365)
Hampton Lumber Mills Washington Inc. - Randle,2014,Wood Products,Lumber Mills,321113.0,Sawmills,Hampton Lumber Mills Washington Inc.,Randle,Lewis,Southwest Clean Air Agency,56286.0,55544.0,0.0,107.0,635.0,0.0,0.0,0.0,0.0,,2.0,"46.533743, -121.917906",,,POINT (-121.917906 46.533743)
CertainTeed Gypsum - Seattle,2014,Manufacturing,Building Products,327420.0,Gypsum Product Manufacturing,Saint-Gobain Corporation,Seattle,King,Puget Sound Clean Air Agency,36299.0,0.0,36262.0,17.0,20.0,0.0,0.0,0.0,0.0,,2.0,"47.548056, -122.336944",,,POINT (-122.336944 47.548056)
Matheson - Anacortes,2014,Petroleum Systems,Other Petroleum Systems,325120.0,Industrial Gas Manufacturing,Linde Gas North America LLC,Anacortes,Skagit,Northwest Clean Air Agency,53751.0,0.0,53751.0,0.0,0.0,0.0,0.0,0.0,0.0,,2.0,"48.467646, -122.554343",,,POINT (-122.554343 48.467646)
"SEI Fuel Services, Inc.",2023,Supplier,Other Fuel Supplier,424710.0,Petroleum Bulk Stations and Terminals,7-Eleven Inc,Irving,Dallas,,364510.0,22558.0,335742.0,503.0,5706.0,0.0,0.0,0.0,0.0,,,,341952.0,Covered Entity,
Kiva United Energy - San Joaquin,2023,Supplier,Other Fuel Supplier,424720.0,Petroleum and Petroleum Products Merchant Wholesalers (except Bulk Stations and Terminals),Kiva United Energy,Manteca,San Joaquin,,38040.0,0.0,37888.0,45.0,108.0,0.0,0.0,0.0,0.0,,,,26683.0,Covered Entity,
Puget Sound Energy - Mint Farm Generating Station - Longview,2019,Power Plants,Natural Gas Turbine Plants,221112.0,Fossil Fuel Electric Power Generation,Puget Holdings LLC,Longview,Cowlitz,Southwest Clean Air Agency,759455.0,0.0,758684.0,352.0,419.0,0.0,0.0,0.0,0.0,,3.0,"46.140095, -122.985138",,,POINT (-122.985138 46.140095)
"Gas Transmission Northwest Compressor Station 6, LLC - Rosalia",2016,Natural Gas Systems,Natural Gas Transmission/Compression,486210.0,Pipeline Transportation of Natural Gas,TransCanada Northern Border Inc.,Rosalia,Whitman,Spokane Regional Clean Air Agency,112620.0,0.0,86647.0,25925.0,49.0,0.0,0.0,0.0,0.0,,3.0,"47.277256, -117.406737",,,POINT (-117.406737 47.277256)
University of Washington Seattle Campus - Seattle,2018,Government,Education,611310.0,"Colleges, Universities, and Professional Schools",State of Washington,Seattle,King,Puget Sound Clean Air Agency,92022.0,0.0,91926.0,44.0,52.0,0.0,0.0,0.0,0.0,,2.0,"47.653614, -122.303608",,,POINT (-122.303608 47.653614)
Mutual Materials Mica Brick Plant - Spokane,2022,Minerals,Other Minerals,327120.0,Clay Building Material and Refractories Manufacturing,Mutual Materials Co.,Spokane,Spokane,Spokane Regional Clean Air Agency,8672.0,0.0,8664.0,4.0,5.0,0.0,0.0,0.0,0.0,,1.0,"47.55833, -117.2117",,,POINT (-117.2117 47.55833)
Puget Sound Energy LDC Supplier - Bellevue,2015,Supplier,Natural Gas Supplier,221210.0,Natural Gas Distribution,PUGET HOLDINGS LLC,Bellevue,King,,4938673.0,0.0,4933577.0,2325.0,2771.0,0.0,0.0,0.0,0.0,,,,,,
Frito Lay - Vancouver,2014,Food Production,Other Food Products,311919.0,Other Snack Food Manufacturing,PepsiCo Inc,Vancouver,Clark,Southwest Clean Air Agency,16325.0,0.0,16308.0,8.0,9.0,0.0,0.0,0.0,0.0,,1.0,"45.657037, -122.692",,,POINT (-122.692 45.657037)
Puget Sound Energy - Sumas Generating Station - Sumas,2019,Power Plants,Natural Gas Turbine Plants,221112.0,Fossil Fuel Electric Power Generation,Puget Holdings LLC,Sumas,Whatcom,Northwest Clean Air Agency,227714.0,0.0,227483.0,106.0,126.0,0.0,0.0,0.0,0.0,,3.0,"48.9905, -122.2733",,,POINT (-122.2733 48.9905)
"Boise Cascade Wood Products, LLC.  Kettle Falls Plywood - Kettle Falls",2016,Wood Products,Other Wood Products,321219.0,Reconstituted Wood Product Manufacturing,Boise Cascade Company,Kettle Falls,Stevens,Ecology: Eastern Regional Office,73564.0,70714.0,1903.0,137.0,810.0,0.0,0.0,0.0,0.0,,2.0,"48.613175, -118.116106",,,POINT (-118.116106 48.613175)
"Boise Cascade Wood Products, LLC.  Kettle Falls Plywood - Kettle Falls",2014,Wood Products,Other Wood Products,321219.0,Reconstituted Wood Product Manufacturing,Boise Cascade Company,Kettle Falls,Stevens,Ecology: Eastern Regional Office,71069.0,68040.0,2118.0,132.0,779.0,0.0,0.0,0.0,0.0,,2.0,"48.613175, -118.116106",,,POINT (-118.116106 48.613175)
Xpress Natural Gas: SATSOP,2022,Supplier,Natural Gas Supplier,221210.0,Natural Gas Distribution,Xpress Natural Gas,Elma,Grays Harbor,,51008.0,0.0,50956.0,24.0,29.0,0.0,0.0,0.0,0.0,,,,,,
Puget Sound Energy - Fredonia Generating Station - Mount Vernon,2018,Power Plants,Natural Gas Turbine Plants,221112.0,Fossil Fuel Electric Power Generation,Puget Holdings LLC,Mount Vernon,Skagit,Northwest Clean Air Agency,101465.0,0.0,101359.0,48.0,59.0,0.0,0.0,0.0,0.0,,3.0,"48.4553, -122.435",,,POINT (-122.435 48.4553)
City of Enumclaw Gas Utility - supplier,2020,Supplier,Natural Gas Supplier,221210.0,Natural Gas Distribution,City of Enumclaw,Enumclaw,King,,23653.0,0.0,23629.0,11.0,13.0,0.0,0.0,0.0,0.0,,,,,,
Lamb Weston - Connell,2014,Food Production,Potato Products,311411.0,"Frozen Fruit, Juice, and Vegetable Manufacturing","Lamb Weston, Inc.",Connell,Franklin,Ecology: Eastern Regional Office,38810.0,0.0,38770.0,18.0,22.0,0.0,0.0,0.0,0.0,,2.0,"46.651389, -118.871944",,,POINT (-118.871944 46.651389)
Northwest Pipeline Roosevelt C/S - Bickleton,2014,Natural Gas Systems,Natural Gas Transmission/Compression,486210.0,Pipeline Transportation of Natural Gas,"The Williams Companies, Inc.",Bickleton,Klickitat,Ecology: Central Regional Office,10856.0,0.0,7973.0,2879.0,4.0,0.0,0.0,0.0,0.0,,1.0,"45.849504, -120.08083",,,POINT (-120.08083 45.849504)
"Analog Devices, Inc. - Camas",2012,Manufacturing,Electronics Industry,334413.0,Semiconductor and Related Device Manufacturing,Linear Technology Corporation,Camas,Clark,Southwest Clean Air Agency,23649.0,0.0,1787.0,1.0,1110.0,1029.0,16947.0,2729.0,46.0,,1.0,"45.598844, -122.45232",,,POINT (-122.45232 45.598844)
"Nucor Steel Seattle, Inc, - Seattle",2019,Metals,Iron and Steel Production,331110.0,Iron and Steel Mills and Ferroalloy Manufacturing,Nucor Corporation,Seattle,King,Puget Sound Clean Air Agency,85248.0,0.0,85210.0,17.0,21.0,0.0,0.0,0.0,0.0,,2.0,"47.569331, -122.367332",,,POINT (-122.367332 47.569331)
McKinley Paper Co. - Washington Mill - Port Angeles,2014,Pulp and Paper,Other Pulp and Paper,322121.0,Paper (except Newsprint) Mills,McKinley Paper Co.,Port Angeles,Clallam,Olympic Region Clean Air Agency,148223.0,139332.0,2696.0,4595.0,1600.0,0.0,0.0,0.0,0.0,,3.0,"48.134623, -123.467524",,,POINT (-123.467524 48.134623)
"Horse Heaven Cattle Feeders, Inc. - Sunnyside",2013,Livestock,Cattle Feedlots,112112.0,Cattle Feedlots,"Horse Heaven Cattle Feeders, Inc.",Sunnyside,Yakima,Yakima Regional Clean Air Agency,9410.0,0.0,0.0,595.0,8815.0,0.0,0.0,0.0,0.0,,1.0,"46.284622, -120.019668",,,POINT (-120.019668 46.284622)
LANXESS Corporation - Kalama,2023,Chemicals,Other Chemicals,325199.0,All Other Basic Organic Chemical Manufacturing,Emerald Performance Materials LLC,Kalama,Cowlitz,Southwest Clean Air Agency,60120.0,0.0,60058.0,28.0,34.0,0.0,0.0,0.0,0.0,,2.0,"46.02191, -122.85698",60120.0,Covered Entity,POINT (-122.85698 46.02191)
"Kaiser Aluminum Washington, LLC (Trentwood Works) - Spokane Valley",2020,Metals,Other Metals,331315.0,"Aluminum Sheet, Plate, and Foil Manufacturing",Kaiser Aluminum Corp.,Spokane Valley,Spokane,Spokane Regional Clean Air Agency,106233.0,0.0,106123.0,50.0,60.0,0.0,0.0,0.0,0.0,,3.0,"47.687074, -117.212673",,,POINT (-117.212673 47.687074)
Sonoco Products - Sumner,2013,Pulp and Paper,Other Pulp and Paper,322130.0,Paperboard Mills,Sonoco Products Company,Sumner,Pierce,Puget Sound Clean Air Agency,10384.0,0.0,10374.0,5.0,6.0,0.0,0.0,0.0,0.0,,1.0,"47.210641, -122.239474",,,POINT (-122.239474 47.210641)
Port Angeles Hardwood LLC - Port Angeles,2013,Wood Products,Lumber Mills,321113.0,Sawmills,Port Angeles Hardwood LLC,Port Angeles,Clallam,Olympic Region Clean Air Agency,23730.0,23417.0,0.0,45.0,268.0,0.0,0.0,0.0,0.0,,1.0,"48.100872, -123.485745",,,POINT (-123.485745 48.100872)
Avista Corporation - supplier,2022,Supplier,Natural Gas Supplier,,,Avista Corporation,Spokane,Spokane,,1198025.0,0.0,1196789.0,564.0,672.0,0.0,0.0,0.0,0.0,,,,,,
MIECO Inc.,2023,Supplier,Other Fuel Supplier,324110.0,Petroleum Refineries,MARUBENI AMERICA CORP,Long Beach,Los Angeles,,24260.0,1595.0,22223.0,36.0,406.0,0.0,0.0,0.0,0.0,,,,,Reporter,
Seaport Sound Terminal LLC - Tacoma,2022,Supplier,Other Fuel Supplier,,,"ArcLight Energy Partners Fund VI, L.P.",Tacoma,Pierce,,492916.0,43311.0,442435.0,601.0,6569.0,0.0,0.0,0.0,0.0,,,,,,
Shell Energy North America US LP,2023,Power,Marketer,221122.0,Electric Power Distribution,"Shell USA, Inc.",San Diego,San Diego,,332095.0,,,,,,,,,,,,105777.0,Covered Entity,
Basic American Foods - Moses Lake,2018,Food Production,Potato Products,311423.0,Dried and Dehydrated Food Manufacturing,Basic American Inc.,Moses Lake,Grant,Ecology: Eastern Regional Office,25458.0,0.0,25432.0,12.0,14.0,0.0,0.0,0.0,0.0,,2.0,"47.075183, -119.220408",,,POINT (-119.220408 47.075183)
"WestRock CP, LLC - Tacoma",2023,Pulp and Paper,Kraft Mills,322130.0,Paperboard Mills,Westrock Corp.,Tacoma,Pierce,Ecology: Industrial Section,681798.0,563024.0,115229.0,654.0,2891.0,0.0,0.0,0.0,0.0,,3.0,"47.260953, -122.421765",118774.0,Covered Entity,POINT (-122.421765 47.260953)
Northwest Pipeline C/S - Sumas,2021,Natural Gas Systems,Natural Gas Transmission/Compression,486210.0,Pipeline Transportation of Natural Gas,"The Williams Companies, Inc.",Sumas,Whatcom,Northwest Clean Air Agency,90233.0,0.0,86329.0,3856.0,49.0,0.0,0.0,0.0,0.0,,2.0,"49.001, -122.2214",,,POINT (-122.2214 49.001)
Boulder Park Generating Station - Spokane Valley,2017,Power Plants,"Other Power, Heating, or Cooling Plants",221112.0,Fossil Fuel Electric Power Generation,Avista Corp.,Spokane Valley,Spokane,Spokane Regional Clean Air Agency,13286.0,0.0,13272.0,6.0,7.0,0.0,0.0,0.0,0.0,,1.0,"47.696999, -117.147223",,,POINT (-117.147223 47.696999)
Northwest Pipeline C/S - Chehalis,2016,Natural Gas Systems,Natural Gas Transmission/Compression,486210.0,Pipeline Transportation of Natural Gas,"The Williams Companies, Inc.",Chehalis,Lewis,Southwest Clean Air Agency,27923.0,0.0,26184.0,1725.0,15.0,0.0,0.0,0.0,0.0,,2.0,"46.533325, -122.87373",,,POINT (-122.87373 46.533325)
LRI Landfill - Graham,2018,Waste,Landfills,562212.0,Solid Waste Landfill,Waste Connections Inc.,Graham,Pierce,Puget Sound Clean Air Agency,181556.0,0.0,0.0,181556.0,0.0,0.0,0.0,0.0,0.0,,3.0,"46.972405, -122.292799",,,POINT (-122.292799 46.972405)
Ascensus Specialties LLC - Elma,2018,Chemicals,Other Chemicals,325180.0,Other Basic Inorganic Chemical Manufacturing,VSI Holdings LLC,Elma,Grays Harbor,Olympic Region Clean Air Agency,21916.0,0.0,21893.0,10.0,12.0,0.0,0.0,0.0,0.0,,1.0,"46.995459, -123.382316",,,POINT (-123.382316 46.995459)
Musket Corporation - Houston,2022,Supplier,Other Fuel Supplier,457120.0,Other Gasoline Stations,Love s Travel Stop,Houston,Harris,,17864.0,417.0,17376.0,14.0,57.0,0.0,0.0,0.0,0.0,,,,,,
Leichner Landfill - Vancouver,2023,Waste,Landfills,562212.0,Solid Waste Landfill,Clark County Public Health,Vancouver,Clark,Southwest Clean Air Agency,620.0,0.0,0.0,620.0,0.0,0.0,0.0,0.0,0.0,Voluntary reporter.,1.0,"45.689202, -122.573372",,Reporter,POINT (-122.573372 45.689202)
Hampton Lumber Mills Washington Inc. - Randle,2013,Wood Products,Lumber Mills,321113.0,Sawmills,Hampton Lumber Mills Washington Inc.,Randle,Lewis,Southwest Clean Air Agency,52575.0,51882.0,0.0,100.0,593.0,0.0,0.0,0.0,0.0,,2.0,"46.533743, -121.917906",,,POINT (-121.917906 46.533743)
Gas Transmission Northwest Compressor Station 7 -Prescott,2019,Natural Gas Systems,Natural Gas Transmission/Compression,486210.0,Pipeline Transportation of Natural Gas,TransCanada Northern Border Inc.,Starbuck,Columbia,Ecology: Eastern Regional Office,72189.0,0.0,70861.0,1289.0,40.0,0.0,0.0,0.0,0.0,,2.0,"46.53558, -118.293441",,,POINT (-118.293441 46.53558)
Alcoa Intalco Works - Ferndale,2015,Metals,Aluminum Production,331312.0,Primary Aluminum Production,Alcoa Corp.,Ferndale,Whatcom,Ecology: Industrial Section,1195786.0,0.0,418042.0,10480.0,34.0,0.0,767230.0,0.0,0.0,PFC emissions based on old source test information.,4.0,"48.8455, -122.7055",,,POINT (-122.7055 48.8455)
McCain Foods - Othello,2023,Food Production,Potato Products,311411.0,"Frozen Fruit, Juice, and Vegetable Manufacturing",McCain USA Inc.,Othello,Adams,Ecology: Eastern Regional Office,68869.0,9488.0,50896.0,8423.0,63.0,0.0,0.0,0.0,0.0,,2.0,"46.840102, -119.172705",59381.0,Covered Entity,POINT (-119.172705 46.840102)
"Emerald City Renewables, LLC- Graham",2017,Power Plants,"Other Power, Heating, or Cooling Plants",221117.0,Biomass Electric Power Generation,Emerald City Renewables LLC,Graham,Pierce,Puget Sound Clean Air Agency,20394.0,20290.0,0.0,31.0,73.0,0.0,0.0,0.0,0.0,,1.0,"46.975533, -122.290871",,,POINT (-122.290871 46.975533)
The Boeing Company - Fabrication (Frederickson Site) - Puyallup,2021,Manufacturing,Transportation Industry,336411.0,Aircraft Manufacturing,The Boeing Company,Puyallup,Pierce,Puget Sound Clean Air Agency,13151.0,0.0,13137.0,6.0,7.0,0.0,0.0,0.0,0.0,,1.0,"47.088831, -122.34862",,,POINT (-122.34862 47.088831)
Sierra Pacific Industries - Burlington - Mount Vernon,2012,Wood Products,Lumber Mills,321113.0,Sawmills,Sierra Pacific Industries,Mount Vernon,Skagit,Northwest Clean Air Agency,310931.0,302186.0,2134.0,2578.0,4033.0,0.0,0.0,0.0,0.0,,3.0,"48.448553, -122.434613",,,POINT (-122.434613 48.448553)
Milne Fruit Products - Prosser,2018,Food Production,Fruit Products,311411.0,"Frozen Fruit, Juice, and Vegetable Manufacturing",Milne Fruit Products,Prosser,Benton,Benton Clean Air Agency,11456.0,0.0,11444.0,6.0,7.0,0.0,0.0,0.0,0.0,,1.0,"46.202562, -119.775527",,,POINT (-119.775527 46.202562)
Central Washington University - Ellensburg,2019,Government,Education,611310.0,"Colleges, Universities, and Professional Schools",State of Washington,Ellensburg,Kittitas,Ecology: Central Regional Office,14884.0,0.0,14869.0,7.0,8.0,0.0,0.0,0.0,0.0,,1.0,"47.003202, -120.544513",,,POINT (-120.544513 47.003202)
Jubitz Corporation - Portland,2022,Supplier,Other Fuel Supplier,,,Jubitz Corporation,Portland,Multnomah,,15061.0,498.0,14521.0,4.0,38.0,0.0,0.0,0.0,0.0,,,,,,
Waste Management Greater Wenatchee Regional Landfill - East Wenatchee,2012,Waste,Landfills,562212.0,Solid Waste Landfill,Waste Management Inc.,East Wenatchee,Douglas,Ecology: Central Regional Office,36141.0,0.0,0.0,36141.0,0.0,0.0,0.0,0.0,0.0,,2.0,"47.405083, -120.167444",,,POINT (-120.167444 47.405083)
Puget Sound Energy - Mint Farm Generating Station - Longview,2020,Power Plants,Natural Gas Turbine Plants,221112.0,Fossil Fuel Electric Power Generation,Puget Holdings LLC,Longview,Cowlitz,Southwest Clean Air Agency,694044.0,0.0,693340.0,322.0,383.0,0.0,0.0,0.0,0.0,,3.0,"46.140095, -122.985138",,,POINT (-122.985138 46.140095)
J.R. Simplot Company - Moses Lake,2014,Food Production,Potato Products,311411.0,"Frozen Fruit, Juice, and Vegetable Manufacturing",J.R. Simplot Company,Moses Lake,Grant,Ecology: Eastern Regional Office,35923.0,3816.0,25490.0,6590.0,28.0,0.0,0.0,0.0,0.0,,2.0,"47.131732, -119.18926",,,POINT (-119.18926 47.131732)
River Road Generating Plant - Vancouver,2016,Power Plants,Natural Gas Turbine Plants,221112.0,Fossil Fuel Electric Power Generation,Clark Public Utilities,Vancouver,Clark,Southwest Clean Air Agency,569033.0,0.0,568455.0,264.0,314.0,0.0,0.0,0.0,0.0,,3.0,"45.64958, -122.724806",,,POINT (-122.724806 45.64958)
Grant County Landfill 1 - Ephrata,2022,Waste,Landfills,562212.0,Solid Waste Landfill,Grant County Washington,Ephrata,Grant,Ecology: Eastern Regional Office,46678.0,1723.0,0.0,44949.0,6.0,0.0,0.0,0.0,0.0,,2.0,"47.270759, -119.573764",,,POINT (-119.573764 47.270759)
Air Liquide Hydrogen Plant  - Anacortes,2017,Petroleum Systems,Other Petroleum Systems,325120.0,Industrial Gas Manufacturing,Air Liquide USA Inc.,Anacortes,Skagit,Northwest Clean Air Agency,63454.0,0.0,63454.0,0.0,0.0,0.0,0.0,0.0,0.0,,2.0,"48.465617, -122.556032",,,POINT (-122.556032 48.465617)
Puget Sound Energy T&D - statewide,2013,Power Plants,Electrical Transmission and Distribution,221122.0,Electric Power Distribution,Puget Holdings LLC,Bellevue,King,Puget Sound Clean Air Agency,2772.0,0.0,0.0,0.0,0.0,0.0,0.0,2772.0,0.0,,1.0,"47.61345, -122.19454",,,POINT (-122.19454 47.61345)
The Boeing Company - Auburn Site - Auburn,2021,Manufacturing,Transportation Industry,336413.0,Other Aircraft Parts and Auxiliary Equipment Manufacturing,The Boeing Company,Auburn,King,Puget Sound Clean Air Agency,34746.0,0.0,34710.0,16.0,19.0,0.0,0.0,0.0,0.0,,2.0,"47.285551, -122.242298",,,POINT (-122.242298 47.285551)
Puget Sound Energy - Mint Farm Generating Station - Longview,2022,Power Plants,Natural Gas Turbine Plants,221112.0,Fossil Fuel Electric Power Generation,Puget Holdings LLC,Longview,Cowlitz,Southwest Clean Air Agency,659361.0,0.0,658692.0,305.0,364.0,0.0,0.0,0.0,0.0,,3.0,"46.140095, -122.985138",,,POINT (-122.985138 46.140095)
Naval Base Kitsap - Bremerton,2019,Government,National Security,928110.0,National Security,US Government,Bremerton,Kitsap,Puget Sound Clean Air Agency,45128.0,0.0,45081.0,22.0,26.0,0.0,0.0,0.0,0.0,,2.0,"47.557047, -122.645933",,,POINT (-122.645933 47.557047)
"WestRock CP, LLC - Tacoma",2018,Pulp and Paper,Kraft Mills,322130.0,Paperboard Mills,Westrock Corp.,Tacoma,Pierce,Ecology: Industrial Section,1104521.0,976162.0,122330.0,1091.0,4938.0,0.0,0.0,0.0,0.0,,4.0,"47.260953, -122.421765",,,POINT (-122.421765 47.260953)
The Boeing Company - Renton,2018,Manufacturing,Transportation Industry,336411.0,Aircraft Manufacturing,The Boeing Company,Renton,King,Puget Sound Clean Air Agency,19764.0,0.0,19743.0,9.0,11.0,0.0,0.0,0.0,0.0,,1.0,"47.498257, -122.211346",,,POINT (-122.211346 47.498257)
TransAlta Centralia Generation LLC - Centralia,2022,Power Plants,Coal Plants,221112.0,Fossil Fuel Electric Power Generation,Transalta Centralia Generation/Mining,Centralia,Lewis,Southwest Clean Air Agency,3953534.0,0.0,3922553.0,11333.0,19649.0,0.0,0.0,0.0,0.0,Unit 1 permanently shut down 12/31/20.,5.0,"46.7559, -122.8578",,,POINT (-122.8578 46.7559)
Northwest Hardwoods Inc. - Longview,2023,Wood Products,Lumber Mills,321113.0,Sawmills,Littlejohn & Co. LLC,Longview,Cowlitz,Southwest Clean Air Agency,8358.0,4756.0,3535.0,11.0,57.0,0.0,0.0,0.0,0.0,,1.0,"46.114537, -122.916806",,Reporter,POINT (-122.916806 46.114537)
Northwest Hardwoods Inc. - Centralia,2014,Wood Products,Lumber Mills,321113.0,Sawmills,Littlejohn & Co. LLC,Centralia,Lewis,Southwest Clean Air Agency,15486.0,10615.0,4725.0,23.0,124.0,0.0,0.0,0.0,0.0,,1.0,"46.734454, -122.991963",,,POINT (-122.991963 46.734454)
Chehalis Generation Facility - Chehalis,2019,Power Plants,Natural Gas Turbine Plants,221112.0,Fossil Fuel Electric Power Generation,Berkshire Hathaway,Chehalis,Lewis,EFSEC,974614.0,0.0,973624.0,452.0,538.0,0.0,0.0,0.0,0.0,,3.0,"46.6226, -122.9145",,,POINT (-122.9145 46.6226)
Seattle-Tacoma International Airport - Seattle,2013,Government,Other Government,488119.0,Other Airport Operations,Port of Seattle,Seattle,King,Puget Sound Clean Air Agency,16308.0,0.0,16291.0,8.0,10.0,0.0,0.0,0.0,0.0,,1.0,"47.443643, -122.302452",,,POINT (-122.302452 47.443643)
Cascade Natural Gas Corporation LDC - statewide,2017,Natural Gas Systems,Natural Gas Local Distribution Companies,221210.0,Natural Gas Distribution,MDU Resources Group Inc.,Kennewick,Benton,Benton Clean Air Agency,26227.0,0.0,116.0,26111.0,0.0,0.0,0.0,0.0,0.0,,2.0,"46.21875, -119.22987",,,POINT (-119.22987 46.21875)
H.W. Hill Landfill Gas Power Plant - Roosevelt,2015,Power Plants,"Other Power, Heating, or Cooling Plants",221119.0,Other Electric Power Generation,Public Utility District No. 1 of Klickitat County,Roosevelt,Klickitat,Ecology: Central Regional Office,80421.0,80010.0,0.0,123.0,288.0,0.0,0.0,0.0,0.0,,2.0,"45.807765, -120.166354",,,POINT (-120.166354 45.807765)
Sierra Pacific Industries - Shelton,2014,Wood Products,Lumber Mills,321212.0,Softwood Veneer and Plywood Manufacturing,Simpson Lumber Company LLC,Shelton,Mason,Olympic Region Clean Air Agency,66658.0,64616.0,1178.0,125.0,740.0,0.0,0.0,0.0,0.0,,2.0,"47.213448, -123.096517",,,POINT (-123.096517 47.213448)
J.R. Simplot Company - Othello,2021,Food Production,Potato Products,311411.0,"Frozen Fruit, Juice, and Vegetable Manufacturing",J.R. Simplot Company,Othello,Adams,Ecology: Eastern Regional Office,114828.0,0.0,51661.0,63139.0,29.0,0.0,0.0,0.0,0.0,,3.0,"46.837778, -119.176389",,,POINT (-119.176389 46.837778)
Keyes Fibre Corporation - Wenatchee,2013,Pulp and Paper,Other Pulp and Paper,322299.0,All Other Converted Paper Product Manufacturing,Tekni-Plex Wenatchee Fiber Consumer Porducts,Wenatchee,Chelan,Ecology: Central Regional Office,13237.0,0.0,13223.0,6.0,7.0,0.0,0.0,0.0,0.0,,1.0,"47.485987, -120.316363",,,POINT (-120.316363 47.485987)
Puget Sound Energy - Encogen Generating Station - Bellingham,2017,Power Plants,Natural Gas Turbine Plants,221112.0,Fossil Fuel Electric Power Generation,Puget Holdings LLC,Bellingham,Whatcom,Northwest Clean Air Agency,98352.0,0.0,98252.0,46.0,54.0,0.0,0.0,0.0,0.0,,2.0,"48.746, -122.486",,,POINT (-122.486 48.746)
The Boeing Company: Boeing Plant 2 - Seattle,2019,Manufacturing,Transportation Industry,336411.0,Aircraft Manufacturing,The Boeing Company,Seattle,King,Puget Sound Clean Air Agency,22548.0,0.0,22523.0,11.0,14.0,0.0,0.0,0.0,0.0,,1.0,"47.532524, -122.311623",,,POINT (-122.311623 47.532524)
City of Ellensburg LDC - supplier,2018,Supplier,Natural Gas Supplier,221210.0,Natural Gas Distribution,City of Ellensburg,Ellensburg,Kittitas,,26703.0,0.0,26675.0,13.0,15.0,0.0,0.0,0.0,0.0,,,,,,
Imerys Minerals Quincy Plant - Quincy,2020,Minerals,Other Minerals,212399.0,All Other Nonmetallic Mineral Mining,Imerys Filtration Minerals Inc.,Quincy,Grant,Ecology: Eastern Regional Office,19010.0,0.0,18990.0,9.0,11.0,0.0,0.0,0.0,0.0,,1.0,"47.239948, -119.838831",,,POINT (-119.838831 47.239948)
Stevens County Landfill - Kettle Falls,2023,Waste,Landfills,562212.0,Solid Waste Landfill,Stevens County,Kettle Falls,Stevens,Ecology: Eastern Regional Office,9220.0,495.0,0.0,8724.0,2.0,0.0,0.0,0.0,0.0,,1.0,"48.580583, -118.087594",,Reporter,POINT (-118.087594 48.580583)
Darigold - Sunnyside,2016,Food Production,Dairy Products,311513.0,Cheese Manufacturing,Darigold Inc.,Sunnyside,Yakima,Yakima Regional Clean Air Agency,31480.0,0.0,31448.0,15.0,17.0,0.0,0.0,0.0,0.0,,2.0,"46.30058, -120.015675",,,POINT (-120.015675 46.30058)
The Boeing Company: Boeing Plant 2 - Seattle,2012,Manufacturing,Transportation Industry,336411.0,Aircraft Manufacturing,The Boeing Company,Seattle,King,Puget Sound Clean Air Agency,23481.0,0.0,23457.0,11.0,13.0,0.0,0.0,0.0,0.0,,1.0,"47.532524, -122.311623",,,POINT (-122.311623 47.532524)
"Horse Heaven Cattle Feeders, Inc. - Sunnyside",2018,Livestock,Cattle Feedlots,112112.0,Cattle Feedlots,"Horse Heaven Cattle Feeders, Inc.",Sunnyside,Yakima,Yakima Regional Clean Air Agency,11301.0,0.0,0.0,872.0,10429.0,0.0,0.0,0.0,0.0,,1.0,"46.284622, -120.019668",,,POINT (-120.019668 46.284622)
"Vaagen Bros. Lumber, Inc. - Colville",2013,Wood Products,Lumber Mills,321999.0,All Other Miscellaneous Wood Product Manufacturing,Vaagen Bros. Lumber Inc.,Colville,Stevens,Ecology: Eastern Regional Office,47081.0,46460.0,0.0,89.0,531.0,0.0,0.0,0.0,0.0,,2.0,"48.548525, -117.915469",,,POINT (-117.915469 48.548525)
Central Washington University - Ellensburg,2014,Government,Education,611310.0,"Colleges, Universities, and Professional Schools",State of Washington,Ellensburg,Kittitas,Ecology: Central Regional Office,13673.0,0.0,13658.0,7.0,8.0,0.0,0.0,0.0,0.0,,1.0,"47.003202, -120.544513",,,POINT (-120.544513 47.003202)
Avista Corporation LDC - WA - statewide,2014,Natural Gas Systems,Natural Gas Local Distribution Companies,221210.0,Natural Gas Distribution,Avista Corp.,Spokane,Spokane,Spokane Regional Clean Air Agency,15252.0,0.0,18.0,15234.0,0.0,0.0,0.0,0.0,0.0,,1.0,"47.673662, -117.388735",,,POINT (-117.388735 47.673662)
The Boeing Company: DC/MFC - Tukwila,2013,Manufacturing,Transportation Industry,336411.0,Aircraft Manufacturing,The Boeing Company,Tukwila,King,Puget Sound Clean Air Agency,15665.0,0.0,15649.0,7.0,9.0,0.0,0.0,0.0,0.0,,1.0,"47.516246, -122.298613",,,POINT (-122.298613 47.516246)
LANXESS Corporation - Kalama,2013,Chemicals,Other Chemicals,325199.0,All Other Basic Organic Chemical Manufacturing,Emerald Performance Materials LLC,Kalama,Cowlitz,Southwest Clean Air Agency,65708.0,0.0,65641.0,31.0,37.0,0.0,0.0,0.0,0.0,,2.0,"46.02191, -122.85698",,,POINT (-122.85698 46.02191)
Cascade Natural Gas Corporation - supplier,2020,Supplier,Natural Gas Supplier,221210.0,Natural Gas Distribution,"MDU Resources Group, Inc.",Kennewick,Benton,,1634384.0,0.0,1632698.0,769.0,917.0,0.0,0.0,0.0,0.0,,,,,,
Grays Harbor Energy Center - Elma,2018,Power Plants,Natural Gas Turbine Plants,221112.0,Fossil Fuel Electric Power Generation,Invenergy Investment Company LLC,Elma,Grays Harbor,EFSEC,975859.0,0.0,974868.0,452.0,539.0,0.0,0.0,0.0,0.0,,3.0,"46.9688, -123.48",,,POINT (-123.48 46.9688)
"North Pacific Paper Company, LLC - Longview",2016,Pulp and Paper,Other Pulp and Paper,322122.0,Newsprint Mills,NP Paper Investor Holdings LLC,Longview,Cowlitz,Southwest Clean Air Agency,37298.0,0.0,37260.0,18.0,21.0,0.0,0.0,0.0,0.0,First year directly reporting.  Formerly part of Nippon Dynawave before 2016.,2.0,"46.125662, -122.976788",,,POINT (-122.976788 46.125662)
Phillips 66 Ferndale Refinery - Ferndale,2018,Petroleum Systems,Petroleum Refineries,324110.0,Petroleum Refineries,Phillips 66 Company,Ferndale,Whatcom,Northwest Clean Air Agency,798454.0,0.0,794615.0,1815.0,2024.0,0.0,0.0,0.0,0.0,,3.0,"48.830142, -122.692114",,,POINT (-122.692114 48.830142)
Grays Harbor Energy Center - Elma,2016,Power Plants,Natural Gas Turbine Plants,221112.0,Fossil Fuel Electric Power Generation,Invenergy Investment Company LLC,Elma,Grays Harbor,EFSEC,1081729.0,0.0,1080630.0,501.0,597.0,0.0,0.0,0.0,0.0,,4.0,"46.9688, -123.48",,,POINT (-123.48 46.9688)
"SEH America, Inc - Vancouver",2017,Manufacturing,Electronics Industry,334413.0,Semiconductor and Related Device Manufacturing,SEH America Inc.,Vancouver,Clark,Southwest Clean Air Agency,9859.0,0.0,9848.0,5.0,6.0,0.0,0.0,0.0,0.0,,1.0,"45.649912, -122.553612",,,POINT (-122.553612 45.649912)
Georgia-Pacific Consumer Operations LLC - Camas,2021,Pulp and Paper,Kraft Mills,322120.0,Paper Mills,Koch Industries Inc.,Camas,Clark,Ecology: Industrial Section,51241.0,0.0,45303.0,5913.0,25.0,0.0,0.0,0.0,0.0,,2.0,"45.584271, -122.40843",,,POINT (-122.40843 45.584271)
Cathcart Landfill - Snohomish,2013,Waste,Landfills,562212.0,Solid Waste Landfill,Snohomish County,Snohomish,Snohomish,Puget Sound Clean Air Agency,23893.0,0.0,257.0,23637.0,0.0,0.0,0.0,0.0,0.0,,1.0,"47.870014, -122.118284",,,POINT (-122.118284 47.870014)
City of Tacoma Solid Waste Facility - Tacoma,2019,Waste,Landfills,562212.0,Solid Waste Landfill,City of Tacoma,Tacoma,Pierce,Puget Sound Clean Air Agency,9793.0,0.0,0.0,9793.0,0.0,0.0,0.0,0.0,0.0,,1.0,"47.223413, -122.499775",,,POINT (-122.499775 47.223413)
Puget Sound Energy - Frederickson Generating Station - Tacoma,2022,Power Plants,Natural Gas Turbine Plants,221112.0,Fossil Fuel Electric Power Generation,Puget Holdings LLC,Tacoma,Pierce,Puget Sound Clean Air Agency,35033.0,0.0,34994.0,17.0,22.0,0.0,0.0,0.0,0.0,,2.0,"47.079716, -122.364711",,,POINT (-122.364711 47.079716)
McCain Foods - Othello,2013,Food Production,Potato Products,311411.0,"Frozen Fruit, Juice, and Vegetable Manufacturing",McCain USA Inc.,Othello,Adams,Ecology: Eastern Regional Office,89215.0,0.0,37044.0,52150.0,21.0,0.0,0.0,0.0,0.0,,2.0,"46.840102, -119.172705",,,POINT (-119.172705 46.840102)
"Boise Cascade Wood Products, LLC.  Kettle Falls Lumber - Kettle Falls",2020,Wood Products,Lumber Mills,321912.0,"Cut Stock, Resawing Lumber, and Planing",Boise Cascade Company,Kettle Falls,Stevens,Ecology: Eastern Regional Office,57356.0,56600.0,0.0,109.0,647.0,0.0,0.0,0.0,0.0,,2.0,"48.609799, -118.067441",,,POINT (-118.067441 48.609799)
Steelscape - Kalama,2023,Metals,Other Metals,331221.0,Rolled Steel Shape Manufacturing,NS BlueScope USA LLC,Kalama,Cowlitz,Southwest Clean Air Agency,18633.0,0.0,18614.0,9.0,10.0,0.0,0.0,0.0,0.0,,1.0,"46.04326, -122.871703",18633.0,Covered Entity,POINT (-122.871703 46.04326)
"Nucor Steel Seattle, Inc, - Seattle",2015,Metals,Iron and Steel Production,331110.0,Iron and Steel Mills and Ferroalloy Manufacturing,Nucor Corporation,Seattle,King,Puget Sound Clean Air Agency,87036.0,0.0,86999.0,17.0,20.0,0.0,0.0,0.0,0.0,Method change to mass balance.,2.0,"47.569331, -122.367332",,,POINT (-122.367332 47.569331)
CenTrio Energy Seattle LLC - Seattle,2022,Power Plants,"Other Power, Heating, or Cooling Plants",221330.0,Steam and Air-Conditioning Supply,Seattle Steam Company LLC,Seattle,King,Puget Sound Clean Air Agency,69446.0,0.0,69375.0,33.0,39.0,0.0,0.0,0.0,0.0,,2.0,"47.6068, -122.340179",,,POINT (-122.340179 47.6068)
Lamb Weston - Quincy,2015,Food Production,Potato Products,311411.0,"Frozen Fruit, Juice, and Vegetable Manufacturing","Lamb Weston, Inc.",Quincy,Grant,Ecology: Eastern Regional Office,37922.0,0.0,37882.0,18.0,22.0,0.0,0.0,0.0,0.0,,2.0,"47.234413, -119.869914",,,POINT (-119.869914 47.234413)
U.S. Oil & Refining Co. - Tacoma,2020,Petroleum Systems,Petroleum Refineries,324110.0,Petroleum Refineries,Par Pacific Holdings Inc.,Tacoma,Pierce,Puget Sound Clean Air Agency,163311.0,0.0,161866.0,909.0,536.0,0.0,0.0,0.0,0.0,,3.0,"47.256813, -122.394952",,,POINT (-122.394952 47.256813)
U.S. Oil & Refining Co. - Tacoma,2023,Petroleum Systems,Petroleum Refineries,324110.0,Petroleum Refineries,Par Pacific Holdings Inc.,Tacoma,Pierce,Puget Sound Clean Air Agency,148012.0,0.0,146643.0,873.0,496.0,0.0,0.0,0.0,0.0,,3.0,"47.256813, -122.394952",148009.0,Covered Entity,POINT (-122.394952 47.256813)
"Horse Heaven Cattle Feeders, Inc. - Sunnyside",2021,Livestock,Cattle Feedlots,112112.0,Cattle Feedlots,"Horse Heaven Cattle Feeders, Inc.",Sunnyside,Yakima,Yakima Regional Clean Air Agency,9395.0,0.0,0.0,725.0,8670.0,0.0,0.0,0.0,0.0,Voluntary reporter.  Manure management reporting repealed by Legislature.,1.0,"46.284622, -120.019668",,,POINT (-120.019668 46.284622)
Northwest Pipeline C/S - Sumas,2015,Natural Gas Systems,Natural Gas Transmission/Compression,486210.0,Pipeline Transportation of Natural Gas,"The Williams Companies, Inc.",Sumas,Whatcom,Northwest Clean Air Agency,109422.0,0.0,104002.0,5362.0,58.0,0.0,0.0,0.0,0.0,,3.0,"49.001, -122.2214",,,POINT (-122.2214 49.001)
Public Utility District No. 1 of Lewis County - Chehalis,2022,Power,COU,2211.0,"Electric Power Generation, Transmission and Distribution",Public Utility District No. 1 of Lewis County,Chehalis,Lewis,,23654.0,,,,,,,,,,,,,,
Lamb Weston - Richland,2022,Food Production,Potato Products,311411.0,"Frozen Fruit, Juice, and Vegetable Manufacturing","Lamb Weston, Inc.",Richland,Benton,Benton Clean Air Agency,92506.0,10970.0,59803.0,21660.0,73.0,0.0,0.0,0.0,0.0,,2.0,"46.309314, -119.297267",,,POINT (-119.297267 46.309314)
SDS Lumber Company - Bingen,2021,Wood Products,Lumber Mills,321113.0,Sawmills,SDS Lumber Company,Bingen,Klickitat,Ecology: Central Regional Office,43297.0,42601.0,127.0,82.0,487.0,0.0,0.0,0.0,0.0,,2.0,"45.713913, -121.468688",,,POINT (-121.468688 45.713913)
Port Townsend Paper Corporation - Port Townsend,2012,Pulp and Paper,Kraft Mills,322121.0,Paper (except Newsprint) Mills,Port Townsend Paper Corp.,Port Townsend,Jefferson,Ecology: Industrial Section,614401.0,523000.0,79125.0,4331.0,7945.0,0.0,0.0,0.0,0.0,,3.0,"48.093793, -122.796806",,,POINT (-122.796806 48.093793)
Providence Sacred Heart Medical Center - Spokane,2019,Health Care,Hospitals,622110.0,General Medical and Surgical Hospitals,Providence Health Services,Spokane,Spokane,Spokane Regional Clean Air Agency,13234.0,0.0,13220.0,6.0,8.0,0.0,0.0,0.0,0.0,,1.0,"47.648848, -117.412461",,,POINT (-117.412461 47.648848)
Lamb Weston - Warden,2020,Food Production,Potato Products,311411.0,"Frozen Fruit, Juice, and Vegetable Manufacturing","Lamb Weston, Inc.",Warden,Grant,Ecology: Eastern Regional Office,13694.0,0.0,13680.0,7.0,8.0,0.0,0.0,0.0,0.0,,1.0,"46.971504, -119.055427",,,POINT (-119.055427 46.971504)
"Interfor US, Inc. - Port Angeles",2012,Wood Products,Lumber Mills,321113.0,Sawmills,Interfor US Inc.,Port Angeles,Clallam,Olympic Region Clean Air Agency,35950.0,35181.0,0.0,300.0,469.0,0.0,0.0,0.0,0.0,,2.0,"48.103425, -123.518642",,,POINT (-123.518642 48.103425)
Frito Lay - Vancouver,2019,Food Production,Other Food Products,311919.0,Other Snack Food Manufacturing,PepsiCo Inc,Vancouver,Clark,Southwest Clean Air Agency,16282.0,0.0,16265.0,8.0,9.0,0.0,0.0,0.0,0.0,,1.0,"45.657037, -122.692",,,POINT (-122.692 45.657037)
University of Washington Seattle Campus - Seattle,2013,Government,Education,611310.0,"Colleges, Universities, and Professional Schools",State of Washington,Seattle,King,Puget Sound Clean Air Agency,90339.0,0.0,90242.0,44.0,54.0,0.0,0.0,0.0,0.0,,2.0,"47.653614, -122.303608",,,POINT (-122.303608 47.653614)
Tree Top - Selah Campus,2014,Food Production,Fruit Products,311423.0,Dried and Dehydrated Food Manufacturing,Tree Top Inc.,Selah,Yakima,Yakima Regional Clean Air Agency,15254.0,0.0,15238.0,7.0,9.0,0.0,0.0,0.0,0.0,,1.0,"46.64992, -120.52755",,,POINT (-120.52755 46.64992)
Hampton Lumber Mills Washington Inc. - Darrington,2020,Wood Products,Lumber Mills,321113.0,Sawmills,Hampton Lumber Mills Washington Inc.,Darrington,Snohomish,Puget Sound Clean Air Agency,82731.0,81641.0,0.0,157.0,934.0,0.0,0.0,0.0,0.0,,2.0,"48.262797, -121.597608",,,POINT (-121.597608 48.262797)
Bonneville Power Administration - WA Only - statewide,2021,Power Plants,Electrical Transmission and Distribution,221121.0,Electric Bulk Power Transmission and Control,US Government,Vancouver,Clark,Southwest Clean Air Agency,11573.0,0.0,0.0,0.0,0.0,0.0,0.0,11573.0,0.0,,1.0,"45.661178, -122.658608",,,POINT (-122.658608 45.661178)
PacifiCorp - Portland,2023,Power,IOU,221122.0,Electric Power Distribution,Berkshire Hathaway,Portland,Multnomah,,1914409.0,,,,,,,,,,,,1913306.0,Covered Entity,
HF Sinclair Puget Sound Refinery LLC - Anacortes,2012,Petroleum Systems,Petroleum Refineries,324110.0,Petroleum Refineries,HollyFrontier Puget Sound Refining LLC,Anacortes,Skagit,Northwest Clean Air Agency,2105161.0,0.0,2093437.0,7081.0,4643.0,0.0,0.0,0.0,0.0,Assigned Emissions Level,5.0,"48.470931, -122.559161",,,POINT (-122.559161 48.470931)
Phillips 66 Ferndale Refinery - Ferndale,2013,Petroleum Systems,Petroleum Refineries,324110.0,Petroleum Refineries,Phillips 66 Company,Ferndale,Whatcom,Northwest Clean Air Agency,773758.0,0.0,770052.0,1803.0,1903.0,0.0,0.0,0.0,0.0,,3.0,"48.830142, -122.692114",,,POINT (-122.692114 48.830142)
Ash Grove Cement Company - Seattle,2018,Minerals,Cement Production,327310.0,Cement Manufacturing,Ash Grove Cement Co.,Seattle,King,Puget Sound Clean Air Agency,362741.0,0.0,362334.0,165.0,243.0,0.0,0.0,0.0,0.0,,3.0,"47.56799, -122.34255",,,POINT (-122.34255 47.56799)
Puget Sound Energy - Ferndale Generating Station - Ferndale,2023,Power Plants,Natural Gas Turbine Plants,221112.0,Fossil Fuel Electric Power Generation,Puget Holdings LLC,Ferndale,Whatcom,Northwest Clean Air Agency,715257.0,0.0,714523.0,333.0,401.0,0.0,0.0,0.0,0.0,,3.0,"48.828707, -122.685533",715246.0,Covered Entity,POINT (-122.685533 48.828707)
Port Townsend Paper Corporation - Port Townsend,2018,Pulp and Paper,Kraft Mills,322121.0,Paper (except Newsprint) Mills,Port Townsend Paper Corp.,Port Townsend,Jefferson,Ecology: Industrial Section,571050.0,503020.0,63089.0,2464.0,2477.0,0.0,0.0,0.0,0.0,,3.0,"48.093793, -122.796806",,,POINT (-122.796806 48.093793)
Ardagh Glass Inc. - Seattle,2012,Minerals,Glass Production,327213.0,Glass Container Manufacturing,Ardagh Holdings USA Inc.,Seattle,King,Puget Sound Clean Air Agency,76257.0,0.0,76197.0,27.0,32.0,0.0,0.0,0.0,0.0,,2.0,"47.55242, -122.33739",,,POINT (-122.33739 47.55242)
Waste Management Greater Wenatchee Regional Landfill - East Wenatchee,2017,Waste,Landfills,562212.0,Solid Waste Landfill,Waste Management Inc.,East Wenatchee,Douglas,Ecology: Central Regional Office,27951.0,0.0,0.0,27951.0,0.0,0.0,0.0,0.0,0.0,,2.0,"47.405083, -120.167444",,,POINT (-120.167444 47.405083)
Avista Corporation - WA State DOE Reporting - statewide,2016,Natural Gas Systems,Natural Gas Local Distribution Companies,221121.0,Electric Bulk Power Transmission and Control,Avista Corp.,Spokane,Spokane,Spokane Regional Clean Air Agency,21120.0,0.0,19.0,15452.0,0.0,0.0,0.0,5650.0,0.0,,1.0,"47.673486, -117.388514",,,POINT (-117.388514 47.673486)
Great Western Malt - Vancouver,2022,Food Production,Other Food Products,311213.0,Malt Manufacturing,Great Western Malt,Vancouver,Clark,Southwest Clean Air Agency,15701.0,0.0,15684.0,8.0,9.0,0.0,0.0,0.0,0.0,,1.0,"45.631069, -122.690043",,,POINT (-122.690043 45.631069)
NGL Supply Co. Ltd. - Sarnia,2022,Supplier,Other Fuel Supplier,424720.0,Petroleum and Petroleum Products Merchant Wholesalers (except Bulk Stations and Terminals),NGL Supply Co. Ltd.,Sarnia,Lambton,,39533.0,0.0,39377.0,46.0,110.0,0.0,0.0,0.0,0.0,,,,,,
Sierra Pacific Industries - Aberdeen,2019,Wood Products,Lumber Mills,321113.0,Sawmills,Sierra Pacific Industries,Aberdeen,Grays Harbor,Olympic Region Clean Air Agency,281133.0,275592.0,1858.0,530.0,3153.0,0.0,0.0,0.0,0.0,,3.0,"46.971875, -123.775526",,,POINT (-123.775526 46.971875)
Ponderay Industries - Usk,2013,Pulp and Paper,Other Pulp and Paper,322122.0,Newsprint Mills,Ponderay Industries,Usk,Pend Oreille,Ecology: Eastern Regional Office,50424.0,48181.0,1600.0,93.0,551.0,0.0,0.0,0.0,0.0,,2.0,"48.289771, -117.271359",,,POINT (-117.271359 48.289771)
CertainTeed Gypsum - Seattle,2012,Manufacturing,Building Products,327420.0,Gypsum Product Manufacturing,Saint-Gobain Corporation,Seattle,King,Puget Sound Clean Air Agency,35650.0,0.0,35614.0,17.0,20.0,0.0,0.0,0.0,0.0,,2.0,"47.548056, -122.336944",,,POINT (-122.336944 47.548056)
Inland Empire Paper Company - Spokane,2016,Pulp and Paper,Other Pulp and Paper,322122.0,Newsprint Mills,Cowles Publishing Co.,Spokane,Spokane,Spokane Regional Clean Air Agency,29252.0,17803.0,11200.0,40.0,210.0,0.0,0.0,0.0,0.0,,2.0,"47.688295, -117.279323",,,POINT (-117.279323 47.688295)
Darigold - Lynden,2017,Food Production,Dairy Products,311514.0,"Dry, Condensed, and Evaporated Dairy Product Manufacturing",Darigold Inc.,Lynden,Whatcom,Northwest Clean Air Agency,17624.0,0.0,17606.0,9.0,10.0,0.0,0.0,0.0,0.0,,1.0,"48.947567, -122.451915",,,POINT (-122.451915 48.947567)
Puget Sound Energy LDC Facility - Bellevue,2014,Natural Gas Systems,Natural Gas Local Distribution Companies,221210.0,Natural Gas Distribution,Puget Holdings LLC,Bellevue,King,Puget Sound Clean Air Agency,60382.0,0.0,73.0,60308.0,0.0,0.0,0.0,0.0,0.0,,2.0,"47.61345, -122.19454",,,POINT (-122.19454 47.61345)
Northwest Pipeline Plymouth C/S - Plymouth,2020,Natural Gas Systems,Natural Gas Transmission/Compression,486210.0,Pipeline Transportation of Natural Gas,"The Williams Companies, Inc.",Plymouth,Benton,Benton Clean Air Agency,6769.0,0.0,5105.0,1662.0,3.0,0.0,0.0,0.0,0.0,,1.0,"45.9309, -119.41019",,,POINT (-119.41019 45.9309)
"Bio Energy Washington, LLC - Maple Valley",2022,Power Plants,"Other Power, Heating, or Cooling Plants",221119.0,Other Electric Power Generation,Bio Energy Washington,Maple Valley,King,Puget Sound Clean Air Agency,22804.0,21395.0,1295.0,34.0,80.0,0.0,0.0,0.0,0.0,,1.0,"47.455871, -122.041817",,,POINT (-122.041817 47.455871)
Georgia-Pacific Gypsum LLC - Tacoma,2020,Manufacturing,Building Products,327420.0,Gypsum Product Manufacturing,Koch Industries Inc.,Tacoma,Pierce,Puget Sound Clean Air Agency,38732.0,0.0,38692.0,18.0,22.0,0.0,0.0,0.0,0.0,,2.0,"47.269558, -122.394869",,,POINT (-122.394869 47.269558)
Northwest Pipeline C/S - Goldendale,2014,Natural Gas Systems,Natural Gas Transmission/Compression,486210.0,Pipeline Transportation of Natural Gas,"The Williams Companies, Inc.",Goldendale,Klickitat,Ecology: Central Regional Office,21139.0,0.0,14877.0,6253.0,8.0,0.0,0.0,0.0,0.0,,1.0,"45.771216, -120.799267",,,POINT (-120.799267 45.771216)
Naval Air Station Whidbey Island - Oak Harbor,2017,Government,National Security,928110.0,National Security,US Government,Oak Harbor,Island,Northwest Clean Air Agency,15460.0,0.0,15444.0,7.0,9.0,0.0,0.0,0.0,0.0,,1.0,"48.345281, -122.669741",,,POINT (-122.669741 48.345281)
"Rainier Veneer, Inc. - Spanaway",2012,Wood Products,Other Wood Products,321212.0,Softwood Veneer and Plywood Manufacturing,Rainier Veneer Inc.,Spanaway,Pierce,Puget Sound Clean Air Agency,16320.0,15151.0,838.0,130.0,203.0,0.0,0.0,0.0,0.0,,1.0,"47.062059, -122.318981",,,POINT (-122.318981 47.062059)
J.R. Simplot Company - Othello,2016,Food Production,Potato Products,311411.0,"Frozen Fruit, Juice, and Vegetable Manufacturing",J.R. Simplot Company,Othello,Adams,Ecology: Eastern Regional Office,93712.0,0.0,48769.0,44916.0,27.0,0.0,0.0,0.0,0.0,,2.0,"46.837778, -119.176389",,,POINT (-119.176389 46.837778)
DH Feeders - Eltopia,2018,Livestock,Cattle Feedlots,112112.0,Cattle Feedlots,Easterday Ranches,Eltopia,Franklin,Ecology: Eastern Regional Office,15078.0,0.0,1349.0,1064.0,12665.0,0.0,0.0,0.0,0.0,,1.0,"46.50919, -118.881203",,,POINT (-118.881203 46.50919)
Factor Gas Liquids Inc. - Ontario,2022,Supplier,Other Fuel Supplier,424720.0,Petroleum and Petroleum Products Merchant Wholesalers (except Bulk Stations and Terminals),Factor Gas Liquids Inc.,Sarnia,Lambton,,22948.0,0.0,22856.0,27.0,65.0,0.0,0.0,0.0,0.0,,,,,,
Mutual Materials Mica Brick Plant - Spokane,2020,Minerals,Other Minerals,327120.0,Clay Building Material and Refractories Manufacturing,Mutual Materials Co.,Spokane,Spokane,Spokane Regional Clean Air Agency,9676.0,0.0,9666.0,5.0,5.0,0.0,0.0,0.0,0.0,,1.0,"47.55833, -117.2117",,,POINT (-117.2117 47.55833)
Puget Sound Energy - Mint Farm Generating Station - Longview,2015,Power Plants,Natural Gas Turbine Plants,221112.0,Fossil Fuel Electric Power Generation,Puget Holdings LLC,Longview,Cowlitz,Southwest Clean Air Agency,685789.0,0.0,685093.0,318.0,379.0,0.0,0.0,0.0,0.0,,3.0,"46.140095, -122.985138",,,POINT (-122.985138 46.140095)
TransAlta Energy Marketing (U.S.) Inc.,2023,Power,Marketer,221122.0,Electric Power Distribution,TransAlta Energy Marketing (U.S.) Inc.,Calgary,MD of Foothills No. 31,,10498.0,,,,,,,,,,,,,Reporter,
Grant County Landfill 1 - Ephrata,2015,Waste,Landfills,562212.0,Solid Waste Landfill,Grant County Washington,Ephrata,Grant,Ecology: Eastern Regional Office,40606.0,0.0,0.0,40606.0,0.0,0.0,0.0,0.0,0.0,,2.0,"47.270759, -119.573764",,,POINT (-119.573764 47.270759)
Terrace Heights Landfill - Yakima,2015,Waste,Landfills,562212.0,Solid Waste Landfill,Yakima County Public Services - Solid Waste Division,Yakima,Yakima,Yakima Regional Clean Air Agency,109385.0,0.0,26.0,109359.0,0.0,0.0,0.0,0.0,0.0,,3.0,"46.610031, -120.39408",,,POINT (-120.39408 46.610031)
Darigold - Chehalis,2022,Food Production,Dairy Products,311514.0,"Dry, Condensed, and Evaporated Dairy Product Manufacturing",Darigold Inc.,Chehalis,Lewis,Southwest Clean Air Agency,13273.0,0.0,13260.0,6.0,7.0,0.0,0.0,0.0,0.0,,1.0,"46.659952, -122.970162",,,POINT (-122.970162 46.659952)
Puget Sound Energy - Fredonia Generating Station - Mount Vernon,2014,Power Plants,Natural Gas Turbine Plants,221112.0,Fossil Fuel Electric Power Generation,Puget Holdings LLC,Mount Vernon,Skagit,Northwest Clean Air Agency,52555.0,0.0,52497.0,25.0,33.0,0.0,0.0,0.0,0.0,,2.0,"48.4553, -122.435",,,POINT (-122.435 48.4553)
WaferTech LLC - Camas,2017,Manufacturing,Electronics Industry,334413.0,Semiconductor and Related Device Manufacturing,WaferTech LLC,Camas,Clark,Southwest Clean Air Agency,107172.0,0.0,14080.0,7.0,7700.0,9948.0,33688.0,22214.0,19535.0,,3.0,"45.619569, -122.454955",,,POINT (-122.454955 45.619569)
Puget Sound Energy LDC Supplier - Bellevue,2019,Supplier,Natural Gas Supplier,221210.0,Natural Gas Distribution,PUGET HOLDINGS LLC,Bellevue,King,,5353737.0,0.0,5348213.0,2520.0,3004.0,0.0,0.0,0.0,0.0,,,,,,
"Gas Transmission Northwest Compressor Station 8, LLC -Wallula",2016,Natural Gas Systems,Natural Gas Transmission/Compression,486210.0,Pipeline Transportation of Natural Gas,TransCanada Northern Border Inc.,Wallula,Walla Walla,Ecology: Eastern Regional Office,120374.0,0.0,118722.0,1586.0,67.0,0.0,0.0,0.0,0.0,,3.0,"46.053153, -118.843934",,,POINT (-118.843934 46.053153)
"Analog Devices, Inc. - Camas",2016,Manufacturing,Electronics Industry,334413.0,Semiconductor and Related Device Manufacturing,Linear Technology Corporation,Camas,Clark,Southwest Clean Air Agency,39279.0,0.0,1917.0,1.0,1357.0,1629.0,31511.0,2729.0,134.0,,2.0,"45.598844, -122.45232",,,POINT (-122.45232 45.598844)
McKinley Paper Co. - Washington Mill - Port Angeles,2018,Pulp and Paper,Other Pulp and Paper,322121.0,Paper (except Newsprint) Mills,McKinley Paper Co.,Port Angeles,Clallam,Olympic Region Clean Air Agency,4189.0,0.0,0.0,4189.0,0.0,0.0,0.0,0.0,0.0,,1.0,"48.134623, -123.467524",,,POINT (-123.467524 48.134623)
Air Liquide Hydrogen Plant  - Anacortes,2022,Petroleum Systems,Other Petroleum Systems,325120.0,Industrial Gas Manufacturing,Air Liquide USA Inc.,Anacortes,Skagit,Northwest Clean Air Agency,65848.0,0.0,65848.0,0.0,0.0,0.0,0.0,0.0,0.0,,2.0,"48.465617, -122.556032",,,POINT (-122.556032 48.465617)
City of Enumclaw Gas Utility - supplier,2022,Supplier,Natural Gas Supplier,221210.0,Natural Gas Distribution,City of Enumclaw,Enumclaw,King,,26709.0,0.0,26682.0,13.0,15.0,0.0,0.0,0.0,0.0,,,,,,
Boulder Park Generating Station - Spokane Valley,2015,Power Plants,"Other Power, Heating, or Cooling Plants",221112.0,Fossil Fuel Electric Power Generation,Avista Corp.,Spokane Valley,Spokane,Spokane Regional Clean Air Agency,10952.0,0.0,10941.0,5.0,6.0,0.0,0.0,0.0,0.0,,1.0,"47.696999, -117.147223",,,POINT (-117.147223 47.696999)
Phillips 66 Company - Houston,2023,Supplier,Other Fuel Supplier,424710.0,Petroleum Bulk Stations and Terminals,Phillips 66 Company,Houston,Harris,,8911628.0,393323.0,8415579.0,9462.0,93264.0,0.0,0.0,0.0,0.0,,,,6847794.0,Covered Entity,
"El Oro Cattle Feeders, LLC - Moses Lake",2014,Livestock,Cattle Feedlots,112112.0,Cattle Feedlots,Agri Beef Co.,Moses Lake,Grant,Ecology: Eastern Regional Office,22875.0,0.0,0.0,1770.0,21105.0,0.0,0.0,0.0,0.0,,1.0,"47.052176, -119.093815",,,POINT (-119.093815 47.052176)
Lamb Weston - Pasco,2014,Food Production,Potato Products,311411.0,"Frozen Fruit, Juice, and Vegetable Manufacturing","Lamb Weston, Inc.",Pasco,Franklin,Ecology: Eastern Regional Office,47241.0,0.0,47192.0,22.0,27.0,0.0,0.0,0.0,0.0,,2.0,"46.288137, -119.115336",,,POINT (-119.115336 46.288137)
LANXESS Corporation - Kalama,2019,Chemicals,Other Chemicals,325199.0,All Other Basic Organic Chemical Manufacturing,Emerald Performance Materials LLC,Kalama,Cowlitz,Southwest Clean Air Agency,65484.0,0.0,65416.0,31.0,37.0,0.0,0.0,0.0,0.0,,2.0,"46.02191, -122.85698",,,POINT (-122.85698 46.02191)
"Kaiser Aluminum Washington, LLC (Trentwood Works) - Spokane Valley",2016,Metals,Other Metals,331315.0,"Aluminum Sheet, Plate, and Foil Manufacturing",Kaiser Aluminum Corp.,Spokane Valley,Spokane,Spokane Regional Clean Air Agency,122424.0,0.0,122298.0,58.0,69.0,0.0,0.0,0.0,0.0,,3.0,"47.687074, -117.212673",,,POINT (-117.212673 47.687074)
Goodrich Corporation - Spokane,2013,Manufacturing,Transportation Industry,336413.0,Other Aircraft Parts and Auxiliary Equipment Manufacturing,Raytheon Technologies Corp,Spokane,Spokane,Spokane Regional Clean Air Agency,34440.0,0.0,34393.0,19.0,28.0,0.0,0.0,0.0,0.0,,2.0,"47.583604, -117.568511",,,POINT (-117.568511 47.583604)
Owens-Brockway Glass Container Inc Plant #2 - Kalama,2022,Minerals,Glass Production,327213.0,Glass Container Manufacturing,O-I Glass Inc.,Kalama,Cowlitz,Southwest Clean Air Agency,24952.0,0.0,24935.0,8.0,10.0,0.0,0.0,0.0,0.0,,1.0,"46.031656, -122.866241",,,POINT (-122.866241 46.031656)
Horn Rapids Sanitary Landfill - Richland,2019,Waste,Landfills,562212.0,Solid Waste Landfill,City of Richland,Richland,Benton,Benton Clean Air Agency,24156.0,0.0,0.0,24156.0,0.0,0.0,0.0,0.0,0.0,,1.0,"46.346663, -119.348118",,,POINT (-119.348118 46.346663)
J.R. Simplot Company - Moses Lake,2019,Food Production,Potato Products,311411.0,"Frozen Fruit, Juice, and Vegetable Manufacturing",J.R. Simplot Company,Moses Lake,Grant,Ecology: Eastern Regional Office,34481.0,3946.0,25787.0,4720.0,29.0,0.0,0.0,0.0,0.0,,2.0,"47.131732, -119.18926",,,POINT (-119.18926 47.131732)
Cosmo Specialty Fibers Inc - Cosmopolis,2021,Pulp and Paper,Sulfite Mills,322110.0,Pulp Mills,Cosmo Specialty Fibers Inc.,Cosmopolis,Grays Harbor,Ecology: Industrial Section,488136.0,433911.0,48795.0,3563.0,1867.0,0.0,0.0,0.0,0.0,,3.0,"46.952907, -123.76211",,,POINT (-123.76211 46.952907)
Murphy Veneer - Elma,2017,Wood Products,Other Wood Products,321212.0,Softwood Veneer and Plywood Manufacturing,Murphy Co.,Elma,Grays Harbor,Olympic Region Clean Air Agency,10323.0,0.0,10313.0,5.0,6.0,0.0,0.0,0.0,0.0,,1.0,"47.040323, -123.334339",,,POINT (-123.334339 47.040323)
Packaging Corporation of America - Wallula,2023,Pulp and Paper,Kraft Mills,322121.0,Paper (except Newsprint) Mills,Packaging Corp of America,Wallula,Walla Walla,Ecology: Industrial Section,318762.0,219269.0,83592.0,15297.0,604.0,0.0,0.0,0.0,0.0,,3.0,"46.10396, -118.9184",97977.0,Covered Entity,POINT (-118.9184 46.10396)
LRI Landfill - Graham,2022,Waste,Landfills,562212.0,Solid Waste Landfill,Waste Connections Inc.,Graham,Pierce,Puget Sound Clean Air Agency,161835.0,39869.0,0.0,121822.0,144.0,0.0,0.0,0.0,0.0,,3.0,"46.972405, -122.292799",,,POINT (-122.292799 46.972405)
Puget Sound Energy - Goldendale Generating Station - Goldendale,2014,Power Plants,Natural Gas Turbine Plants,221112.0,Fossil Fuel Electric Power Generation,Puget Holdings LLC,Goldendale,Klickitat,Ecology: Central Regional Office,387312.0,0.0,386918.0,179.0,214.0,0.0,0.0,0.0,0.0,,3.0,"45.8114, -120.833",,,POINT (-120.833 45.8114)
City of Tacoma Solid Waste Facility - Tacoma,2012,Waste,Landfills,562212.0,Solid Waste Landfill,City of Tacoma,Tacoma,Pierce,Puget Sound Clean Air Agency,31986.0,0.0,0.0,31986.0,0.0,0.0,0.0,0.0,0.0,,2.0,"47.223413, -122.499775",,,POINT (-122.499775 47.223413)
Nippon Dynawave - Longview,2012,Pulp and Paper,Kraft Mills,322121.0,Paper (except Newsprint) Mills,Nippon Paper Industries Co Ltd,Longview,Cowlitz,Ecology: Industrial Section,1637372.0,1300406.0,305158.0,11130.0,20678.0,0.0,0.0,0.0,0.0,Assigned emissions level.  Formerly included North Pacific Paper before 2016.  Ecology split emissions for consistency with cooperation from facility.,4.0,"46.130495, -122.983637",,,POINT (-122.983637 46.130495)
Weyerhaeuser Raymond Lumber - Raymond,2013,Wood Products,Lumber Mills,321113.0,Sawmills,Weyerhaeuser Co.,Raymond,Pacific,Olympic Region Clean Air Agency,44919.0,44327.0,0.0,85.0,507.0,0.0,0.0,0.0,0.0,,2.0,"46.688088, -123.737495",,,POINT (-123.737495 46.688088)
Northwest Pipeline C/S - Sumner,2016,Natural Gas Systems,Natural Gas Transmission/Compression,486210.0,Pipeline Transportation of Natural Gas,"The Williams Companies, Inc.",Sumner,Pierce,Puget Sound Clean Air Agency,46614.0,0.0,46043.0,545.0,26.0,0.0,0.0,0.0,0.0,,2.0,"47.228986, -122.209551",,,POINT (-122.209551 47.228986)
Bretthauer Oil Company - Hillsboro,2023,Supplier,Other Fuel Supplier,424720.0,Petroleum and Petroleum Products Merchant Wholesalers (except Bulk Stations and Terminals),Bretthauer Oil Company,Hillsboro,Washington,,4399.0,721.0,3660.0,2.0,16.0,0.0,0.0,0.0,0.0,,,,,Reporter,
TYREE OIL INC - Eugene,2022,Supplier,Other Fuel Supplier,424720.0,Petroleum and Petroleum Products Merchant Wholesalers (except Bulk Stations and Terminals),TYREE OIL INC,Eugene,Lane,,22139.0,196.0,21876.0,15.0,52.0,0.0,0.0,0.0,0.0,,,,,,
Boulder Park Generating Station - Spokane Valley,2021,Power Plants,"Other Power, Heating, or Cooling Plants",221112.0,Fossil Fuel Electric Power Generation,Avista Corp.,Spokane Valley,Spokane,Spokane Regional Clean Air Agency,34396.0,0.0,34360.0,16.0,19.0,0.0,0.0,0.0,0.0,,2.0,"47.696999, -117.147223",,,POINT (-117.147223 47.696999)
King County Solid Waste Cedar Hills Landfill - Maple Valley,2018,Waste,Landfills,562212.0,Solid Waste Landfill,King County Solid Waste Division,Maple Valley,King,Puget Sound Clean Air Agency,68423.0,0.0,334.0,68088.0,1.0,0.0,0.0,0.0,0.0,,2.0,"47.462625, -122.046025",,,POINT (-122.046025 47.462625)
Tree Top - Prosser,2015,Food Production,Fruit Products,311411.0,"Frozen Fruit, Juice, and Vegetable Manufacturing",Tree Top Inc.,Prosser,Benton,Benton Clean Air Agency,18596.0,0.0,18577.0,9.0,10.0,0.0,0.0,0.0,0.0,,1.0,"46.21842, -119.73397",,,POINT (-119.73397 46.21842)
Eastern Washington University,2017,Government,Education,611310.0,"Colleges, Universities, and Professional Schools",State of Washington,Cheney,Spokane,Spokane Regional Clean Air Agency,14603.0,0.0,14587.0,7.0,9.0,0.0,0.0,0.0,0.0,First year reporting.,1.0,"47.490091, -117.579702",,,POINT (-117.579702 47.490091)
Northwest Pipeline C/S - Snohomish,2016,Natural Gas Systems,Natural Gas Transmission/Compression,486210.0,Pipeline Transportation of Natural Gas,"The Williams Companies, Inc.",Snohomish,Snohomish,Puget Sound Clean Air Agency,62759.0,0.0,61023.0,1701.0,34.0,0.0,0.0,0.0,0.0,,2.0,"47.78825, -122.05859",,,POINT (-122.05859 47.78825)
Basic American Foods - Moses Lake,2014,Food Production,Potato Products,311423.0,Dried and Dehydrated Food Manufacturing,Basic American Inc.,Moses Lake,Grant,Ecology: Eastern Regional Office,28982.0,0.0,28951.0,14.0,16.0,0.0,0.0,0.0,0.0,,2.0,"47.075183, -119.220408",,,POINT (-119.220408 47.075183)
Tree Top - Prosser,2013,Food Production,Fruit Products,311411.0,"Frozen Fruit, Juice, and Vegetable Manufacturing",Tree Top Inc.,Prosser,Benton,Benton Clean Air Agency,18658.0,0.0,18639.0,9.0,10.0,0.0,0.0,0.0,0.0,,1.0,"46.21842, -119.73397",,,POINT (-119.73397 46.21842)
Michelsen Packaging - Yakima,2014,Pulp and Paper,Other Pulp and Paper,322299.0,All Other Converted Paper Product Manufacturing,Michelson Packaging Co.,Yakima,Yakima,Yakima Regional Clean Air Agency,10601.0,0.0,10590.0,5.0,6.0,0.0,0.0,0.0,0.0,,1.0,"46.604058, -120.513015",,,POINT (-120.513015 46.604058)
Michelsen Packaging - Yakima,2021,Pulp and Paper,Other Pulp and Paper,322299.0,All Other Converted Paper Product Manufacturing,Michelson Packaging Co.,Yakima,Yakima,Yakima Regional Clean Air Agency,10481.0,0.0,10470.0,5.0,6.0,0.0,0.0,0.0,0.0,,1.0,"46.604058, -120.513015",,,POINT (-120.513015 46.604058)
Puget Sound Energy - Whitehorn Generating Station - Blaine,2021,Power Plants,Natural Gas Turbine Plants,221112.0,Fossil Fuel Electric Power Generation,Puget Holdings LLC,Blaine,Whatcom,Northwest Clean Air Agency,13887.0,0.0,13873.0,7.0,8.0,0.0,0.0,0.0,0.0,,1.0,"48.885475, -122.724299",,,POINT (-122.724299 48.885475)
"Vaagen Bros. Lumber, Inc. - Colville",2017,Wood Products,Lumber Mills,321999.0,All Other Miscellaneous Wood Product Manufacturing,Vaagen Bros. Lumber Inc.,Colville,Stevens,Ecology: Eastern Regional Office,49234.0,48585.0,0.0,93.0,556.0,0.0,0.0,0.0,0.0,,2.0,"48.548525, -117.915469",,,POINT (-117.915469 48.548525)
Avista Corporation LDC - WA - statewide,2019,Natural Gas Systems,Natural Gas Local Distribution Companies,221210.0,Natural Gas Distribution,Avista Corp.,Spokane,Spokane,Spokane Regional Clean Air Agency,15893.0,0.0,19.0,15874.0,0.0,0.0,0.0,0.0,0.0,,1.0,"47.673662, -117.388735",,,POINT (-117.388735 47.673662)
Darigold - Sunnyside,2021,Food Production,Dairy Products,311513.0,Cheese Manufacturing,Darigold Inc.,Sunnyside,Yakima,Yakima Regional Clean Air Agency,38759.0,0.0,38719.0,18.0,22.0,0.0,0.0,0.0,0.0,,2.0,"46.30058, -120.015675",,,POINT (-120.015675 46.30058)
Puget Sound Energy - Encogen Generating Station - Bellingham,2023,Power Plants,Natural Gas Turbine Plants,221112.0,Fossil Fuel Electric Power Generation,Puget Holdings LLC,Bellingham,Whatcom,Northwest Clean Air Agency,427033.0,0.0,426599.0,198.0,236.0,0.0,0.0,0.0,0.0,,3.0,"48.746, -122.486",427033.0,Covered Entity,POINT (-122.486 48.746)
Sierra Pacific Industries - Shelton,2018,Wood Products,Lumber Mills,321212.0,Softwood Veneer and Plywood Manufacturing,Simpson Lumber Company LLC,Shelton,Mason,Olympic Region Clean Air Agency,74881.0,73894.0,0.0,142.0,845.0,0.0,0.0,0.0,0.0,,2.0,"47.213448, -123.096517",,,POINT (-123.096517 47.213448)
Northwest Hardwoods Inc. - Longview,2014,Wood Products,Lumber Mills,321113.0,Sawmills,Littlejohn & Co. LLC,Longview,Cowlitz,Southwest Clean Air Agency,14160.0,9336.0,4694.0,20.0,109.0,0.0,0.0,0.0,0.0,,1.0,"46.114537, -122.916806",,,POINT (-122.916806 46.114537)
Spokane Waste to Energy Facility - Spokane,2018,Power Plants,"Other Power, Heating, or Cooling Plants",562213.0,Solid Waste Combustors and Incinerators,City of Spokane,Spokane,Spokane,Spokane Regional Clean Air Agency,232667.0,137991.0,89558.0,1996.0,3122.0,0.0,0.0,0.0,0.0,,3.0,"47.626529, -117.504278",,,POINT (-117.504278 47.626529)
Sierra Pacific Industries - Shelton,2012,Wood Products,Lumber Mills,321212.0,Softwood Veneer and Plywood Manufacturing,Simpson Lumber Company LLC,Shelton,Mason,Olympic Region Clean Air Agency,86196.0,83660.0,704.0,714.0,1118.0,0.0,0.0,0.0,0.0,,2.0,"47.213448, -123.096517",,,POINT (-123.096517 47.213448)
Sierra Pacific Industries - Burlington - Mount Vernon,2016,Wood Products,Lumber Mills,321113.0,Sawmills,Sierra Pacific Industries,Mount Vernon,Skagit,Northwest Clean Air Agency,307452.0,301493.0,1930.0,580.0,3449.0,0.0,0.0,0.0,0.0,,3.0,"48.448553, -122.434613",,,POINT (-122.434613 48.448553)
Northwest Pipeline Willard C/S - Cook,2012,Natural Gas Systems,Natural Gas Transmission/Compression,486210.0,Pipeline Transportation of Natural Gas,"The Williams Companies, Inc.",Cook,Skamania,Southwest Clean Air Agency,19384.0,0.0,17863.0,1512.0,9.0,0.0,0.0,0.0,0.0,,1.0,"45.778087, -121.626311",,,POINT (-121.626311 45.778087)
Cardinal FG Company - Winlock,2022,Minerals,Glass Production,327211.0,Flat Glass Manufacturing,Cardinal Glass Industries Inc.,Winlock,Lewis,Southwest Clean Air Agency,106396.0,0.0,106323.0,34.0,40.0,0.0,0.0,0.0,0.0,,3.0,"46.544937, -122.926313",,,POINT (-122.926313 46.544937)
Air Liquide Electronics Moses Lake Hydrogen Plant,2023,Chemicals,Other Chemicals,325120.0,Industrial Gas Manufacturing,Air Liquide USA Inc.,Moses Lake,Grant,Ecology: Eastern Regional Office,2770.0,0.0,2770.0,0.0,0.0,0.0,0.0,0.0,0.0,,1.0,"47.135844, -119.19962",,Reporter,POINT (-119.19962 47.135844)
Cheyne Landfill - Zillah,2012,Waste,Landfills,562212.0,Solid Waste Landfill,Yakima County Public Services,Zillah,Yakima,Yakima Regional Clean Air Agency,30500.0,0.0,0.0,30500.0,0.0,0.0,0.0,0.0,0.0,,2.0,"46.4785, -120.2688",,,POINT (-120.2688 46.4785)
Northwest Hardwoods Inc. - Mount Vernon,2015,Wood Products,Lumber Mills,321113.0,Sawmills,Littlejohn & Co. LLC,Mount Vernon,Skagit,Northwest Clean Air Agency,11648.0,7714.0,3827.0,17.0,90.0,0.0,0.0,0.0,0.0,,1.0,"48.451642, -122.443028",,,POINT (-122.443028 48.451642)
Star Forge LLC dba Jorgensen Forge - Tukwila,2014,Metals,Other Metals,332111.0,Iron and Steel Forging,Jorgensen Forge Corp.,Tukwila,King,Puget Sound Clean Air Agency,13850.0,0.0,13836.0,7.0,8.0,0.0,0.0,0.0,0.0,,1.0,"47.526872, -122.303906",,,POINT (-122.303906 47.526872)
King County Solid Waste Cedar Hills Landfill - Maple Valley,2013,Waste,Landfills,562212.0,Solid Waste Landfill,King County Solid Waste Division,Maple Valley,King,Puget Sound Clean Air Agency,65974.0,0.0,220.0,65753.0,1.0,0.0,0.0,0.0,0.0,Assigned emissions level: reported under obsolete method.,2.0,"47.462625, -122.046025",,,POINT (-122.046025 47.462625)
CertainTeed Gypsum - Seattle,2023,Manufacturing,Building Products,327420.0,Gypsum Product Manufacturing,Saint-Gobain Corporation,Seattle,King,Puget Sound Clean Air Agency,55645.0,0.0,55587.0,26.0,31.0,0.0,0.0,0.0,0.0,,2.0,"47.548056, -122.336944",55645.0,Covered Entity,POINT (-122.336944 47.548056)
Northwest Pipeline C/S - Sumner,2021,Natural Gas Systems,Natural Gas Transmission/Compression,486210.0,Pipeline Transportation of Natural Gas,"The Williams Companies, Inc.",Sumner,Pierce,Puget Sound Clean Air Agency,27944.0,0.0,27143.0,785.0,15.0,0.0,0.0,0.0,0.0,,2.0,"47.228986, -122.209551",,,POINT (-122.209551 47.228986)
Hampton Lumber Mills Washington Inc. - Morton,2013,Wood Products,Lumber Mills,321113.0,Sawmills,Hampton Lumber Mills Washington Inc.,Morton,Lewis,Southwest Clean Air Agency,27743.0,27377.0,0.0,53.0,313.0,0.0,0.0,0.0,0.0,,2.0,"46.565997, -122.269573",,,POINT (-122.269573 46.565997)
Cascade Hardwood LLC - Chehalis,2021,Wood Products,Lumber Mills,321113.0,Sawmills,Cascade Hardwood LLC,Chehalis,Lewis,Southwest Clean Air Agency,11302.0,11146.0,7.0,22.0,128.0,0.0,0.0,0.0,0.0,,1.0,"46.635062, -122.930338",,,POINT (-122.930338 46.635062)
"Analog Devices, Inc. - Camas",2019,Manufacturing,Electronics Industry,334413.0,Semiconductor and Related Device Manufacturing,Linear Technology Corporation,Camas,Clark,Southwest Clean Air Agency,15185.0,0.0,2178.0,1.0,1604.0,2330.0,5187.0,3641.0,244.0,,1.0,"45.598844, -122.45232",,,POINT (-122.45232 45.598844)
Cascade Natural Gas Corporation LDC - statewide,2021,Natural Gas Systems,Natural Gas Local Distribution Companies,221210.0,Natural Gas Distribution,MDU Resources Group Inc.,Kennewick,Benton,Benton Clean Air Agency,24418.0,0.0,675.0,23743.0,0.0,0.0,0.0,0.0,0.0,,1.0,"46.21875, -119.22987",,,POINT (-119.22987 46.21875)
Lamb Weston - Warden,2015,Food Production,Potato Products,311411.0,"Frozen Fruit, Juice, and Vegetable Manufacturing","Lamb Weston, Inc.",Warden,Grant,Ecology: Eastern Regional Office,16271.0,0.0,16254.0,8.0,9.0,0.0,0.0,0.0,0.0,,1.0,"46.971504, -119.055427",,,POINT (-119.055427 46.971504)
Chehalis Generation Facility - Chehalis,2015,Power Plants,Natural Gas Turbine Plants,221112.0,Fossil Fuel Electric Power Generation,Berkshire Hathaway,Chehalis,Lewis,EFSEC,445152.0,0.0,444700.0,206.0,246.0,0.0,0.0,0.0,0.0,,3.0,"46.6226, -122.9145",,,POINT (-122.9145 46.6226)
"El Oro Cattle Feeders, LLC - Moses Lake",2019,Livestock,Cattle Feedlots,112112.0,Cattle Feedlots,Agri Beef Co.,Moses Lake,Grant,Ecology: Eastern Regional Office,27324.0,0.0,0.0,2116.0,25208.0,0.0,0.0,0.0,0.0,,2.0,"47.052176, -119.093815",,,POINT (-119.093815 47.052176)
Cascade Hardwood LLC - Chehalis,2023,Wood Products,Lumber Mills,321113.0,Sawmills,Cascade Hardwood LLC,Chehalis,Lewis,Southwest Clean Air Agency,7607.0,7500.0,7.0,15.0,86.0,0.0,0.0,0.0,0.0,,1.0,"46.635062, -122.930338",,Reporter,POINT (-122.930338 46.635062)
The Boeing Company - Auburn Site - Auburn,2016,Manufacturing,Transportation Industry,336413.0,Other Aircraft Parts and Auxiliary Equipment Manufacturing,The Boeing Company,Auburn,King,Puget Sound Clean Air Agency,36033.0,0.0,35996.0,17.0,20.0,0.0,0.0,0.0,0.0,,2.0,"47.285551, -122.242298",,,POINT (-122.242298 47.285551)
Ardagh Glass Inc. - Seattle,2017,Minerals,Glass Production,327213.0,Glass Container Manufacturing,Ardagh Holdings USA Inc.,Seattle,King,Puget Sound Clean Air Agency,75428.0,0.0,75367.0,28.0,33.0,0.0,0.0,0.0,0.0,,2.0,"47.55242, -122.33739",,,POINT (-122.33739 47.55242)
Puget Sound Energy - Encogen Generating Station - Bellingham,2013,Power Plants,Natural Gas Turbine Plants,221112.0,Fossil Fuel Electric Power Generation,Puget Holdings LLC,Bellingham,Whatcom,Northwest Clean Air Agency,132779.0,0.0,132639.0,64.0,76.0,0.0,0.0,0.0,0.0,,3.0,"48.746, -122.486",,,POINT (-122.486 48.746)
"Rainier Veneer, Inc. - Spanaway",2015,Wood Products,Other Wood Products,321212.0,Softwood Veneer and Plywood Manufacturing,Rainier Veneer Inc.,Spanaway,Pierce,Puget Sound Clean Air Agency,17378.0,16036.0,1127.0,31.0,184.0,0.0,0.0,0.0,0.0,,1.0,"47.062059, -122.318981",,,POINT (-122.318981 47.062059)
Puget Sound Energy - Ferndale Generating Station - Ferndale,2012,Power Plants,Natural Gas Turbine Plants,221112.0,Fossil Fuel Electric Power Generation,Puget Holdings LLC,Ferndale,Whatcom,Northwest Clean Air Agency,14719.0,0.0,14310.0,186.0,222.0,0.0,0.0,0.0,0.0,,1.0,"48.828707, -122.685533",,,POINT (-122.685533 48.828707)
H.W. Hill Landfill Gas Power Plant - Roosevelt,2019,Power Plants,"Other Power, Heating, or Cooling Plants",221119.0,Other Electric Power Generation,Public Utility District No. 1 of Klickitat County,Roosevelt,Klickitat,Ecology: Central Regional Office,1208.0,0.0,1207.0,1.0,1.0,0.0,0.0,0.0,0.0,Facility converted from onsite electricity generation to processing landfill gas for pipeline use.,1.0,"45.807765, -120.166354",,,POINT (-120.166354 45.807765)
Northwest Pipeline C/S - Mount Vernon,2023,Natural Gas Systems,Natural Gas Transmission/Compression,486210.0,Pipeline Transportation of Natural Gas,"The Williams Companies, Inc.",Mount Vernon,Skagit,Northwest Clean Air Agency,74378.0,0.0,72462.0,1875.0,41.0,0.0,0.0,0.0,0.0,,2.0,"48.421967, -122.21547",74378.0,Covered Entity,POINT (-122.21547 48.421967)
Frederickson Power LP - Tacoma,2018,Power Plants,Natural Gas Turbine Plants,221112.0,Fossil Fuel Electric Power Generation,"Puget Sound Energy, Inc. and Capital Power (US Holdings) Inc",Tacoma,Pierce,Puget Sound Clean Air Agency,270097.0,0.0,269823.0,125.0,149.0,0.0,0.0,0.0,0.0,,3.0,"47.086342, -122.365686",,,POINT (-122.365686 47.086342)
Keyes Fibre Corporation - Wenatchee,2017,Pulp and Paper,Other Pulp and Paper,322299.0,All Other Converted Paper Product Manufacturing,Tekni-Plex Wenatchee Fiber Consumer Porducts,Wenatchee,Chelan,Ecology: Central Regional Office,16748.0,0.0,16730.0,8.0,10.0,0.0,0.0,0.0,0.0,,1.0,"47.485987, -120.316363",,,POINT (-120.316363 47.485987)
"Boise Cascade Wood Products, LLC.  Kettle Falls Lumber - Kettle Falls",2015,Wood Products,Lumber Mills,321912.0,"Cut Stock, Resawing Lumber, and Planing",Boise Cascade Company,Kettle Falls,Stevens,Ecology: Eastern Regional Office,57294.0,56539.0,0.0,109.0,647.0,0.0,0.0,0.0,0.0,,2.0,"48.609799, -118.067441",,,POINT (-118.067441 48.609799)
Northwest Pipeline C/S - Chehalis,2021,Natural Gas Systems,Natural Gas Transmission/Compression,486210.0,Pipeline Transportation of Natural Gas,"The Williams Companies, Inc.",Chehalis,Lewis,Southwest Clean Air Agency,12660.0,0.0,10845.0,1809.0,6.0,0.0,0.0,0.0,0.0,,1.0,"46.533325, -122.87373",,,POINT (-122.87373 46.533325)
Boeing Commercial Airplanes - Everett,2019,Manufacturing,Transportation Industry,336411.0,Aircraft Manufacturing,The Boeing Company,Everett,Snohomish,Puget Sound Clean Air Agency,77572.0,0.0,77492.0,37.0,44.0,0.0,0.0,0.0,0.0,,2.0,"47.918622, -122.276987",,,POINT (-122.276987 47.918622)
Imerys Minerals Quincy Plant - Quincy,2016,Minerals,Other Minerals,212399.0,All Other Nonmetallic Mineral Mining,Imerys Filtration Minerals Inc.,Quincy,Grant,Ecology: Eastern Regional Office,18201.0,0.0,18182.0,9.0,10.0,0.0,0.0,0.0,0.0,,1.0,"47.239948, -119.838831",,,POINT (-119.838831 47.239948)
Phillips 66 Ferndale Refinery - Ferndale,2022,Petroleum Systems,Petroleum Refineries,324110.0,Petroleum Refineries,Phillips 66 Company,Ferndale,Whatcom,Northwest Clean Air Agency,718028.0,0.0,714223.0,2004.0,1801.0,0.0,0.0,0.0,0.0,,3.0,"48.830142, -122.692114",,,POINT (-122.692114 48.830142)
Western Washington University - Bellingham,2019,Government,Education,611310.0,"Colleges, Universities, and Professional Schools",Western Washington University,Bellingham,Whatcom,Northwest Clean Air Agency,10015.0,0.0,10005.0,5.0,6.0,0.0,0.0,0.0,0.0,,1.0,"48.736499, -122.484714",,,POINT (-122.484714 48.736499)
"Gas Transmission Northwest Compressor Station 6, LLC - Rosalia",2023,Natural Gas Systems,Natural Gas Transmission/Compression,486210.0,Pipeline Transportation of Natural Gas,TransCanada Northern Border Inc.,Rosalia,Whitman,Spokane Regional Clean Air Agency,113467.0,0.0,112145.0,1259.0,63.0,0.0,0.0,0.0,0.0,,3.0,"47.277256, -117.406737",113467.0,Covered Entity,POINT (-117.406737 47.277256)
Keyes Fibre Corporation - Wenatchee,2022,Pulp and Paper,Other Pulp and Paper,322299.0,All Other Converted Paper Product Manufacturing,Tekni-Plex Wenatchee Fiber Consumer Porducts,Wenatchee,Chelan,Ecology: Central Regional Office,14113.0,0.0,14099.0,7.0,8.0,0.0,0.0,0.0,0.0,,1.0,"47.485987, -120.316363",,,POINT (-120.316363 47.485987)
Waste Management Greater Wenatchee Regional Landfill - East Wenatchee,2022,Waste,Landfills,562212.0,Solid Waste Landfill,Waste Management Inc.,East Wenatchee,Douglas,Ecology: Central Regional Office,66333.0,16008.0,0.0,50267.0,58.0,0.0,0.0,0.0,0.0,,2.0,"47.405083, -120.167444",,,POINT (-120.167444 47.405083)
Grays Harbor Energy Center - Elma,2022,Power Plants,Natural Gas Turbine Plants,221112.0,Fossil Fuel Electric Power Generation,Invenergy Investment Company LLC,Elma,Grays Harbor,EFSEC,1210118.0,0.0,1208889.0,561.0,668.0,0.0,0.0,0.0,0.0,,4.0,"46.9688, -123.48",,,POINT (-123.48 46.9688)
Hampton Lumber Mills Washington Inc. - Morton,2018,Wood Products,Lumber Mills,321113.0,Sawmills,Hampton Lumber Mills Washington Inc.,Morton,Lewis,Southwest Clean Air Agency,36719.0,36233.0,2.0,70.0,415.0,0.0,0.0,0.0,0.0,,2.0,"46.565997, -122.269573",,,POINT (-122.269573 46.565997)
Northwest Hardwoods Inc. - Centralia,2018,Wood Products,Lumber Mills,321113.0,Sawmills,Littlejohn & Co. LLC,Centralia,Lewis,Southwest Clean Air Agency,9865.0,6285.0,3492.0,14.0,74.0,0.0,0.0,0.0,0.0,,1.0,"46.734454, -122.991963",,,POINT (-122.991963 46.734454)
Simplot Feeders LTD. - Burbank,2012,Livestock,Cattle Feedlots,112112.0,Cattle Feedlots,J.R. Simplot Company,Burbank,Walla Walla,Ecology: Eastern Regional Office,29167.0,0.0,0.0,2102.0,27065.0,0.0,0.0,0.0,0.0,,2.0,"46.133131, -118.90629",,,POINT (-118.90629 46.133131)
Sonoco Products - Sumner,2017,Pulp and Paper,Other Pulp and Paper,322130.0,Paperboard Mills,Sonoco Products Company,Sumner,Pierce,Puget Sound Clean Air Agency,11361.0,0.0,11350.0,5.0,6.0,0.0,0.0,0.0,0.0,,1.0,"47.210641, -122.239474",,,POINT (-122.239474 47.210641)
Roosevelt Regional Landfill - Roosevelt,2019,Waste,Landfills,562212.0,Solid Waste Landfill,"Republic Services, Inc.",Roosevelt,Klickitat,Ecology: Central Regional Office,241511.0,0.0,273.0,241238.0,1.0,0.0,0.0,0.0,0.0,,3.0,"45.807146, -120.179785",,,POINT (-120.179785 45.807146)
Georgia-Pacific Consumer Operations LLC - Camas,2017,Pulp and Paper,Kraft Mills,322120.0,Paper Mills,Koch Industries Inc.,Camas,Clark,Ecology: Industrial Section,559482.0,386972.0,164003.0,7198.0,1310.0,0.0,0.0,0.0,0.0,,3.0,"45.584271, -122.40843",,,POINT (-122.40843 45.584271)
Cathcart Landfill - Snohomish,2017,Waste,Landfills,562212.0,Solid Waste Landfill,Snohomish County,Snohomish,Snohomish,Puget Sound Clean Air Agency,34214.0,0.0,172.0,34042.0,0.0,0.0,0.0,0.0,0.0,,2.0,"47.870014, -122.118284",,,POINT (-122.118284 47.870014)
"World Fuel Services, Inc.",2022,Supplier,Other Fuel Supplier,424720.0,Petroleum and Petroleum Products Merchant Wholesalers (except Bulk Stations and Terminals),"World Fuel Services, Inc",Miami,Miami-Dade,,365052.0,5363.0,357895.0,352.0,1442.0,0.0,0.0,0.0,0.0,,,,,,
Lamb Weston - Connell,2022,Food Production,Potato Products,311411.0,"Frozen Fruit, Juice, and Vegetable Manufacturing","Lamb Weston, Inc.",Connell,Franklin,Ecology: Eastern Regional Office,30212.0,0.0,30181.0,14.0,17.0,0.0,0.0,0.0,0.0,,2.0,"46.651389, -118.871944",,,POINT (-118.871944 46.651389)
Lamb Weston - Quincy,2019,Food Production,Potato Products,311411.0,"Frozen Fruit, Juice, and Vegetable Manufacturing","Lamb Weston, Inc.",Quincy,Grant,Ecology: Eastern Regional Office,36584.0,0.0,36544.0,18.0,22.0,0.0,0.0,0.0,0.0,,2.0,"47.234413, -119.869914",,,POINT (-119.869914 47.234413)
Avista Corporation - WA State DOE Reporting - statewide,2012,Natural Gas Systems,Natural Gas Local Distribution Companies,221121.0,Electric Bulk Power Transmission and Control,Avista Corp.,Spokane,Spokane,Spokane Regional Clean Air Agency,18573.0,0.0,18.0,12698.0,0.0,0.0,0.0,5857.0,0.0,,1.0,"47.673486, -117.388514",,,POINT (-117.388514 47.673486)
WestRock LLC - Longview,2023,Pulp and Paper,Kraft Mills,322130.0,Paperboard Mills,Westrock Corp.,Longview,Cowlitz,Ecology: Industrial Section,1311764.0,1129402.0,176257.0,1162.0,4943.0,0.0,0.0,0.0,0.0,,4.0,"46.10361, -122.92167",182345.0,Covered Entity,POINT (-122.92167 46.10361)
"Tyson Fresh Meats, Inc. - Wallula",2020,Food Production,Meat Products,311611.0,Animal (except Poultry) Slaughtering,"Tyson Foods, Inc",Wallula,Walla Walla,Ecology: Eastern Regional Office,129863.0,0.0,23527.0,106323.0,13.0,0.0,0.0,0.0,0.0,,3.0,"46.137521, -118.913051",,,POINT (-118.913051 46.137521)
Simplot Feeders LTD. - Burbank,2015,Livestock,Cattle Feedlots,112112.0,Cattle Feedlots,J.R. Simplot Company,Burbank,Walla Walla,Ecology: Eastern Regional Office,29065.0,0.0,0.0,2077.0,26988.0,0.0,0.0,0.0,0.0,,2.0,"46.133131, -118.90629",,,POINT (-118.90629 46.133131)
CenTrio Energy Seattle LLC - Seattle,2018,Power Plants,"Other Power, Heating, or Cooling Plants",221330.0,Steam and Air-Conditioning Supply,Seattle Steam Company LLC,Seattle,King,Puget Sound Clean Air Agency,62619.0,0.0,62551.0,30.0,37.0,0.0,0.0,0.0,0.0,,2.0,"47.6068, -122.340179",,,POINT (-122.340179 47.6068)
Marathon Anacortes Refinery - Anacortes,2016,Petroleum Systems,Petroleum Refineries,324110.0,Petroleum Refineries,Marathon Petroleum Corp,Anacortes,Skagit,Northwest Clean Air Agency,1359988.0,0.0,1354202.0,2292.0,3494.0,0.0,0.0,0.0,0.0,,4.0,"48.493816, -122.564845",,,POINT (-122.564845 48.493816)
Port Townsend Paper Corporation - Port Townsend,2014,Pulp and Paper,Kraft Mills,322121.0,Paper (except Newsprint) Mills,Port Townsend Paper Corp.,Port Townsend,Jefferson,Ecology: Industrial Section,562963.0,501934.0,57644.0,596.0,2789.0,0.0,0.0,0.0,0.0,,3.0,"48.093793, -122.796806",,,POINT (-122.796806 48.093793)
Kettle Falls Generating Station - Kettle Falls,2013,Power Plants,"Other Power, Heating, or Cooling Plants",221117.0,Biomass Electric Power Generation,Avista Corp.,Kettle Falls,Stevens,Ecology: Eastern Regional Office,422642.0,407568.0,4007.0,6404.0,4663.0,0.0,0.0,0.0,0.0,,3.0,"48.620335, -118.110841",,,POINT (-118.110841 48.620335)
Northwest Pipeline C/S - Snohomish,2021,Natural Gas Systems,Natural Gas Transmission/Compression,486210.0,Pipeline Transportation of Natural Gas,"The Williams Companies, Inc.",Snohomish,Snohomish,Puget Sound Clean Air Agency,40735.0,0.0,39624.0,1088.0,22.0,0.0,0.0,0.0,0.0,,2.0,"47.78825, -122.05859",,,POINT (-122.05859 47.78825)
Lamb Weston - Richland,2018,Food Production,Potato Products,311411.0,"Frozen Fruit, Juice, and Vegetable Manufacturing","Lamb Weston, Inc.",Richland,Benton,Benton Clean Air Agency,84314.0,7594.0,60028.0,16631.0,61.0,0.0,0.0,0.0,0.0,,2.0,"46.309314, -119.297267",,,POINT (-119.297267 46.309314)
Bonneville Power Administration - WA Only - statewide,2017,Power Plants,Electrical Transmission and Distribution,221121.0,Electric Bulk Power Transmission and Control,US Government,Vancouver,Clark,Southwest Clean Air Agency,15069.0,0.0,0.0,0.0,0.0,0.0,0.0,15069.0,0.0,,1.0,"45.661178, -122.658608",,,POINT (-122.658608 45.661178)
King County Solid Waste Cedar Hills Landfill - Maple Valley,2023,Waste,Landfills,562212.0,Solid Waste Landfill,King County Solid Waste Division,Maple Valley,King,Puget Sound Clean Air Agency,305929.0,56525.0,192.0,249007.0,204.0,0.0,0.0,0.0,0.0,,3.0,"47.462625, -122.046025",,Reporter,POINT (-122.046025 47.462625)
Pasco Processing LLC - Pasco,2012,Food Production,Other Food Products,311991.0,Perishable Prepared Food Manufacturing,Oregon Potato Co.,Pasco,Franklin,Ecology: Eastern Regional Office,16209.0,0.0,16192.0,8.0,9.0,0.0,0.0,0.0,0.0,,1.0,"46.28274, -119.097528",,,POINT (-119.097528 46.28274)
"Interfor US, Inc. - Port Angeles",2016,Wood Products,Lumber Mills,321113.0,Sawmills,Interfor US Inc.,Port Angeles,Clallam,Olympic Region Clean Air Agency,43768.0,43191.0,0.0,83.0,494.0,0.0,0.0,0.0,0.0,,2.0,"48.103425, -123.518642",,,POINT (-123.518642 48.103425)
REC Solar Grade Silicon - Moses Lake,2019,Metals,Other Metals,331410.0,Primary Smelting and Refining of Nonferrous Metal (except Copper and Aluminum),REC Silicon,Moses Lake,Grant,Ecology: Eastern Regional Office,16403.0,0.0,16386.0,8.0,9.0,0.0,0.0,0.0,0.0,,1.0,"47.138359, -119.200383",,,POINT (-119.200383 47.138359)
Milne Fruit Products - Prosser,2023,Food Production,Fruit Products,311411.0,"Frozen Fruit, Juice, and Vegetable Manufacturing",Milne Fruit Products,Prosser,Benton,Benton Clean Air Agency,7387.0,0.0,7379.0,4.0,4.0,0.0,0.0,0.0,0.0,,1.0,"46.202562, -119.775527",,Reporter,POINT (-119.775527 46.202562)
Ash Grove Cement Company - Seattle,2014,Minerals,Cement Production,327310.0,Cement Manufacturing,Ash Grove Cement Co.,Seattle,King,Puget Sound Clean Air Agency,523850.0,0.0,522460.0,517.0,873.0,0.0,0.0,0.0,0.0,,3.0,"47.56799, -122.34255",,,POINT (-122.34255 47.56799)
Lamb Weston - Connell,2015,Food Production,Potato Products,311411.0,"Frozen Fruit, Juice, and Vegetable Manufacturing","Lamb Weston, Inc.",Connell,Franklin,Ecology: Eastern Regional Office,36801.0,0.0,36763.0,17.0,21.0,0.0,0.0,0.0,0.0,,2.0,"46.651389, -118.871944",,,POINT (-118.871944 46.651389)
REC Solar Grade Silicon - Moses Lake,2014,Metals,Other Metals,331410.0,Primary Smelting and Refining of Nonferrous Metal (except Copper and Aluminum),REC Silicon,Moses Lake,Grant,Ecology: Eastern Regional Office,120816.0,0.0,120692.0,57.0,68.0,0.0,0.0,0.0,0.0,,3.0,"47.138359, -119.200383",,,POINT (-119.200383 47.138359)
Pasco Processing LLC - Pasco,2013,Food Production,Other Food Products,311991.0,Perishable Prepared Food Manufacturing,Oregon Potato Co.,Pasco,Franklin,Ecology: Eastern Regional Office,16855.0,0.0,16838.0,8.0,10.0,0.0,0.0,0.0,0.0,,1.0,"46.28274, -119.097528",,,POINT (-119.097528 46.28274)
Northwest Pipeline C/S - Washougal,2014,Natural Gas Systems,Natural Gas Transmission/Compression,486210.0,Pipeline Transportation of Natural Gas,"The Williams Companies, Inc.",Washougal,Clark,Southwest Clean Air Agency,11764.0,0.0,9474.0,2284.0,5.0,0.0,0.0,0.0,0.0,,1.0,"45.63236, -122.36516",,,POINT (-122.36516 45.63236)
Horn Rapids Sanitary Landfill - Richland,2014,Waste,Landfills,562212.0,Solid Waste Landfill,City of Richland,Richland,Benton,Benton Clean Air Agency,25582.0,0.0,0.0,25582.0,0.0,0.0,0.0,0.0,0.0,,2.0,"46.346663, -119.348118",,,POINT (-119.348118 46.346663)
Public Utility No. 1 of Franklin County - Pasco,2023,Power,COU,2211.0,"Electric Power Generation, Transmission and Distribution",Public Utility No. 1 of Franklin County,Pasco,Franklin,,20269.0,,,,,,,,,,,,,Reporter,
Owens-Brockway Glass Container Inc Plant #2 - Kalama,2017,Minerals,Glass Production,327213.0,Glass Container Manufacturing,O-I Glass Inc.,Kalama,Cowlitz,Southwest Clean Air Agency,23955.0,0.0,23938.0,8.0,9.0,0.0,0.0,0.0,0.0,,1.0,"46.031656, -122.866241",,,POINT (-122.866241 46.031656)
Central Washington University - Ellensburg,2022,Government,Education,611310.0,"Colleges, Universities, and Professional Schools",State of Washington,Ellensburg,Kittitas,Ecology: Central Regional Office,13700.0,0.0,13686.0,7.0,8.0,0.0,0.0,0.0,0.0,,1.0,"47.003202, -120.544513",,,POINT (-120.544513 47.003202)
Fairchild AFB - Spokane Co.,2013,Government,National Security,928110.0,National Security,US Government,Fairchild Air Force Base,Spokane,Spokane Regional Clean Air Agency,16260.0,0.0,16243.0,8.0,10.0,0.0,0.0,0.0,0.0,,1.0,"47.641332, -117.644832",,,POINT (-117.644832 47.641332)
Targa Liquids Marketing and Trade LLC - Houston,2022,Supplier,Other Fuel Supplier,424720.0,Petroleum and Petroleum Products Merchant Wholesalers (except Bulk Stations and Terminals),Targa Resources,Houston,Harris,,35806.0,0.0,35663.0,42.0,101.0,0.0,0.0,0.0,0.0,,,,,,
McCain Foods - Othello,2017,Food Production,Potato Products,311411.0,"Frozen Fruit, Juice, and Vegetable Manufacturing",McCain USA Inc.,Othello,Adams,Ecology: Eastern Regional Office,63045.0,0.0,40134.0,22889.0,23.0,0.0,0.0,0.0,0.0,,2.0,"46.840102, -119.172705",,,POINT (-119.172705 46.840102)
Darigold - Chehalis,2012,Food Production,Dairy Products,311514.0,"Dry, Condensed, and Evaporated Dairy Product Manufacturing",Darigold Inc.,Chehalis,Lewis,Southwest Clean Air Agency,13954.0,0.0,13940.0,7.0,8.0,0.0,0.0,0.0,0.0,,1.0,"46.659952, -122.970162",,,POINT (-122.970162 46.659952)
Georgia-Pacific Gypsum LLC - Tacoma,2015,Manufacturing,Building Products,327420.0,Gypsum Product Manufacturing,Koch Industries Inc.,Tacoma,Pierce,Puget Sound Clean Air Agency,46906.0,0.0,46857.0,22.0,26.0,0.0,0.0,0.0,0.0,,2.0,"47.269558, -122.394869",,,POINT (-122.394869 47.269558)
Sierra Pacific Industries - Aberdeen,2023,Wood Products,Lumber Mills,321113.0,Sawmills,Sierra Pacific Industries,Aberdeen,Grays Harbor,Olympic Region Clean Air Agency,211895.0,202493.0,6724.0,387.0,2292.0,0.0,0.0,0.0,0.0,,3.0,"46.971875, -123.775526",,Reporter,POINT (-123.775526 46.971875)
Puget Sound Energy - Sumas Generating Station - Sumas,2013,Power Plants,Natural Gas Turbine Plants,221112.0,Fossil Fuel Electric Power Generation,Puget Holdings LLC,Sumas,Whatcom,Northwest Clean Air Agency,250238.0,0.0,249977.0,119.0,142.0,0.0,0.0,0.0,0.0,,3.0,"48.9905, -122.2733",,,POINT (-122.2733 48.9905)
City of Enumclaw Gas Utility - supplier,2019,Supplier,Natural Gas Supplier,221210.0,Natural Gas Distribution,City of Enumclaw,Enumclaw,King,,24260.0,0.0,24235.0,11.0,14.0,0.0,0.0,0.0,0.0,,,,,,
Steelscape - Kalama,2012,Metals,Other Metals,331221.0,Rolled Steel Shape Manufacturing,NS BlueScope USA LLC,Kalama,Cowlitz,Southwest Clean Air Agency,23199.0,0.0,23175.0,11.0,13.0,0.0,0.0,0.0,0.0,,1.0,"46.04326, -122.871703",,,POINT (-122.871703 46.04326)
Colvin Oil I LLC - Josephine,2023,Supplier,Other Fuel Supplier,457110.0,Gasoline Stations with Convenience Stores,Colvin Oil I LLC,Grants Pass,Josephine,,83663.0,5360.0,76971.0,108.0,1224.0,0.0,0.0,0.0,0.0,,,,78303.0,Covered Entity,
"Nucor Steel Seattle, Inc, - Seattle",2020,Metals,Iron and Steel Production,331110.0,Iron and Steel Mills and Ferroalloy Manufacturing,Nucor Corporation,Seattle,King,Puget Sound Clean Air Agency,83972.0,0.0,83931.0,19.0,22.0,0.0,0.0,0.0,0.0,,2.0,"47.569331, -122.367332",,,POINT (-122.367332 47.569331)
Hampton Lumber Mills Washington Inc. - Darrington,2015,Wood Products,Lumber Mills,321113.0,Sawmills,Hampton Lumber Mills Washington Inc.,Darrington,Snohomish,Puget Sound Clean Air Agency,87598.0,86443.0,0.0,166.0,989.0,0.0,0.0,0.0,0.0,,2.0,"48.262797, -121.597608",,,POINT (-121.597608 48.262797)
Northwest Pipeline C/S - Goldendale,2018,Natural Gas Systems,Natural Gas Transmission/Compression,486210.0,Pipeline Transportation of Natural Gas,"The Williams Companies, Inc.",Goldendale,Klickitat,Ecology: Central Regional Office,22441.0,0.0,20166.0,2263.0,11.0,0.0,0.0,0.0,0.0,,1.0,"45.771216, -120.799267",,,POINT (-120.799267 45.771216)
Puget Sound Energy LDC Facility - Bellevue,2022,Natural Gas Systems,Natural Gas Local Distribution Companies,221210.0,Natural Gas Distribution,Puget Holdings LLC,Bellevue,King,Puget Sound Clean Air Agency,66913.0,0.0,722.0,66084.0,108.0,0.0,0.0,0.0,0.0,,2.0,"47.61345, -122.19454",,,POINT (-122.19454 47.61345)
Puget Sound Energy - Frederickson Generating Station - Tacoma,2018,Power Plants,Natural Gas Turbine Plants,221112.0,Fossil Fuel Electric Power Generation,Puget Holdings LLC,Tacoma,Pierce,Puget Sound Clean Air Agency,41004.0,0.0,40961.0,19.0,23.0,0.0,0.0,0.0,0.0,,2.0,"47.079716, -122.364711",,,POINT (-122.364711 47.079716)
Darigold - Lynden,2023,Food Production,Dairy Products,311514.0,"Dry, Condensed, and Evaporated Dairy Product Manufacturing",Darigold Inc.,Lynden,Whatcom,Northwest Clean Air Agency,19713.0,0.0,19693.0,9.0,11.0,0.0,0.0,0.0,0.0,,1.0,"48.947567, -122.451915",,Reporter,POINT (-122.451915 48.947567)
Terrace Heights Landfill - Yakima,2019,Waste,Landfills,562212.0,Solid Waste Landfill,Yakima County Public Services - Solid Waste Division,Yakima,Yakima,Yakima Regional Clean Air Agency,120182.0,0.0,25.0,120158.0,0.0,0.0,0.0,0.0,0.0,,3.0,"46.610031, -120.39408",,,POINT (-120.39408 46.610031)
Puget Sound Energy - Jackson Prairie Gas Storage - Chehalis,2022,Natural Gas Systems,Natural Gas Storage,486210.0,Pipeline Transportation of Natural Gas,Puget Holdings LLC,Chehalis,Lewis,Southwest Clean Air Agency,14063.0,0.0,11602.0,2454.0,7.0,0.0,0.0,0.0,0.0,,1.0,"46.53461, -122.838569",,,POINT (-122.838569 46.53461)
Port Angeles Hardwood LLC - Port Angeles,2022,Wood Products,Lumber Mills,321113.0,Sawmills,Port Angeles Hardwood LLC,Port Angeles,Clallam,Olympic Region Clean Air Agency,20490.0,20220.0,0.0,39.0,231.0,0.0,0.0,0.0,0.0,,1.0,"48.100872, -123.485745",,,POINT (-123.485745 48.100872)
"Solvay Chemicals, Inc. - Longview",2014,Chemicals,Other Chemicals,325180.0,Other Basic Inorganic Chemical Manufacturing,Solvay Chemicals Inc.,Longview,Cowlitz,Southwest Clean Air Agency,49626.0,0.0,49626.0,0.0,0.0,0.0,0.0,0.0,0.0,,2.0,"46.137218, -122.982847",,,POINT (-122.982847 46.137218)
bp Cherry Point Refinery - Blaine,2020,Petroleum Systems,Petroleum Refineries,324110.0,Petroleum Refineries,BP America Inc.,Blaine,Whatcom,Northwest Clean Air Agency,2013167.0,0.0,2003077.0,5740.0,4350.0,0.0,0.0,0.0,0.0,,5.0,"48.8864, -122.7353",,,POINT (-122.7353 48.8864)
Brookfield Renewable Trading and Marketing LP - New York,2023,Power,Marketer,221122.0,Electric Power Distribution,Brookfield Renewable Trading and Marketing LP,New York,New York,,6193.0,,,,,,,,,,,,,Reporter,
Marathon Anacortes Refinery - Anacortes,2021,Petroleum Systems,Petroleum Refineries,324110.0,Petroleum Refineries,Marathon Petroleum Corp,Anacortes,Skagit,Northwest Clean Air Agency,1296106.0,0.0,1290703.0,2159.0,3244.0,0.0,0.0,0.0,0.0,,1.0,"48.493816, -122.564845",,,POINT (-122.564845 48.493816)
Cosmo Specialty Fibers Inc - Cosmopolis,2016,Pulp and Paper,Sulfite Mills,322110.0,Pulp Mills,Cosmo Specialty Fibers Inc.,Cosmopolis,Grays Harbor,Ecology: Industrial Section,541028.0,513480.0,21136.0,4408.0,2006.0,0.0,0.0,0.0,0.0,,3.0,"46.952907, -123.76211",,,POINT (-123.76211 46.952907)
Powerex Corp. - Burnaby,2022,Power,Marketer,424990.0,Other Miscellaneous Nondurable Goods Merchant Wholesalers,Powerex Corp.,Burnaby,Greater Vancouver,,570725.0,,,,,,,,,,,,,,
"Horse Heaven Cattle Feeders, Inc. - Sunnyside",2016,Livestock,Cattle Feedlots,112112.0,Cattle Feedlots,"Horse Heaven Cattle Feeders, Inc.",Sunnyside,Yakima,Yakima Regional Clean Air Agency,10949.0,0.0,0.0,845.0,10104.0,0.0,0.0,0.0,0.0,,1.0,"46.284622, -120.019668",,,POINT (-120.019668 46.284622)
"Boise Cascade Wood Products, LLC.  Kettle Falls Plywood - Kettle Falls",2021,Wood Products,Other Wood Products,321219.0,Reconstituted Wood Product Manufacturing,Boise Cascade Company,Kettle Falls,Stevens,Ecology: Eastern Regional Office,70003.0,53371.0,15902.0,110.0,619.0,0.0,0.0,0.0,0.0,,2.0,"48.613175, -118.116106",,,POINT (-118.116106 48.613175)
James Hardie Building Products - Tacoma,2022,Manufacturing,Building Products,327390.0,Other Concrete Product Manufacturing,James Hardie Building Products Inc.,Tacoma,Pierce,Puget Sound Clean Air Agency,21906.0,0.0,21884.0,10.0,12.0,0.0,0.0,0.0,0.0,,1.0,"47.092145, -122.364656",,,POINT (-122.364656 47.092145)
The Andersons Inc. - Overland Park,2022,Supplier,Other Fuel Supplier,115114.0,Postharvest Crop Activities (except Cotton Ginning),The Andersons Inc.,Overland Park,Johnson,,37131.0,0.0,36982.0,44.0,105.0,0.0,0.0,0.0,0.0,,,,,,
"Tyson Fresh Meats, Inc. - Wallula",2015,Food Production,Meat Products,311611.0,Animal (except Poultry) Slaughtering,"Tyson Foods, Inc",Wallula,Walla Walla,Ecology: Eastern Regional Office,74580.0,0.0,20808.0,53760.0,12.0,0.0,0.0,0.0,0.0,,2.0,"46.137521, -118.913051",,,POINT (-118.913051 46.137521)
"Petrogas, Inc. - Calgary",2023,Supplier,Other Fuel Supplier,424720.0,Petroleum and Petroleum Products Merchant Wholesalers (except Bulk Stations and Terminals),Altagas Ltd.,Calgary,MD of Foothills No. 31,,132333.0,0.0,131803.0,157.0,374.0,0.0,0.0,0.0,0.0,,,,128324.0,Covered Entity,
Spokane Waste to Energy Facility - Spokane,2014,Power Plants,"Other Power, Heating, or Cooling Plants",562213.0,Solid Waste Combustors and Incinerators,City of Spokane,Spokane,Spokane,Spokane Regional Clean Air Agency,243511.0,137090.0,101051.0,2094.0,3276.0,0.0,0.0,0.0,0.0,,3.0,"47.626529, -117.504278",,,POINT (-117.504278 47.626529)
Darigold - Chehalis,2017,Food Production,Dairy Products,311514.0,"Dry, Condensed, and Evaporated Dairy Product Manufacturing",Darigold Inc.,Chehalis,Lewis,Southwest Clean Air Agency,12278.0,0.0,12265.0,6.0,7.0,0.0,0.0,0.0,0.0,,1.0,"46.659952, -122.970162",,,POINT (-122.970162 46.659952)
Roosevelt Regional Landfill - Roosevelt,2014,Waste,Landfills,562212.0,Solid Waste Landfill,"Republic Services, Inc.",Roosevelt,Klickitat,Ecology: Central Regional Office,243090.0,0.0,323.0,242766.0,1.0,0.0,0.0,0.0,0.0,,3.0,"45.807146, -120.179785",,,POINT (-120.179785 45.807146)
Alcoa Intalco Works - Ferndale,2022,Metals,Aluminum Production,331312.0,Primary Aluminum Production,Alcoa Corp.,Ferndale,Whatcom,Ecology: Industrial Section,9286.0,0.0,1385.0,7900.0,1.0,0.0,0.0,0.0,0.0,Curtailed mid 2020.,1.0,"48.8455, -122.7055",,,POINT (-122.7055 48.8455)
WaferTech LLC - Camas,2021,Manufacturing,Electronics Industry,334413.0,Semiconductor and Related Device Manufacturing,WaferTech LLC,Camas,Clark,Southwest Clean Air Agency,103949.0,0.0,14364.0,7.0,7011.0,11841.0,33736.0,11815.0,25174.0,,3.0,"45.619569, -122.454955",,,POINT (-122.454955 45.619569)
Georgia-Pacific Consumer Operations LLC - Camas,2012,Pulp and Paper,Kraft Mills,322120.0,Paper Mills,Koch Industries Inc.,Camas,Clark,Ecology: Industrial Section,720455.0,579056.0,119959.0,12589.0,8851.0,0.0,0.0,0.0,0.0,Assigned Emissions Level,3.0,"45.584271, -122.40843",,,POINT (-122.40843 45.584271)
Washington State University - Pullman,2016,Government,Education,611310.0,"Colleges, Universities, and Professional Schools",State of Washington,Pullman,Whitman,Ecology: Eastern Regional Office,58136.0,0.0,58075.0,28.0,34.0,0.0,0.0,0.0,0.0,,2.0,"46.728702, -117.151481",,,POINT (-117.151481 46.728702)
U.S. Oil & Refining Co. - Tacoma,2013,Petroleum Systems,Petroleum Refineries,324110.0,Petroleum Refineries,Par Pacific Holdings Inc.,Tacoma,Pierce,Puget Sound Clean Air Agency,175417.0,0.0,172635.0,2226.0,555.0,0.0,0.0,0.0,0.0,,3.0,"47.256813, -122.394952",,,POINT (-122.394952 47.256813)
Port Angeles Hardwood LLC - Port Angeles,2017,Wood Products,Lumber Mills,321113.0,Sawmills,Port Angeles Hardwood LLC,Port Angeles,Clallam,Olympic Region Clean Air Agency,23857.0,23542.0,0.0,45.0,269.0,0.0,0.0,0.0,0.0,,1.0,"48.100872, -123.485745",,,POINT (-123.485745 48.100872)
US Army Joint Base Lewis-McChord - Pierce Co.,2021,Government,National Security,928110.0,National Security,US Government,Joint Base Lewis-McChord,Pierce,Puget Sound Clean Air Agency,69736.0,0.0,53210.0,16495.0,31.0,0.0,0.0,0.0,0.0,,2.0,"47.1142, -122.5365",,,POINT (-122.5365 47.1142)
Grant County PUD #2 -Ephrata,2023,Power,COU,221122.0,Electric Power Distribution,Grant County Public Utility District,Ephrata,Grant,,77653.0,,,,,,,,,,,,77653.0,Covered Entity,
Lamb Weston - Pasco,2020,Food Production,Potato Products,311411.0,"Frozen Fruit, Juice, and Vegetable Manufacturing","Lamb Weston, Inc.",Pasco,Franklin,Ecology: Eastern Regional Office,38996.0,0.0,38956.0,18.0,22.0,0.0,0.0,0.0,0.0,,2.0,"46.288137, -119.115336",,,POINT (-119.115336 46.288137)
Northwest Pipeline C/S - Washougal,2019,Natural Gas Systems,Natural Gas Transmission/Compression,486210.0,Pipeline Transportation of Natural Gas,"The Williams Companies, Inc.",Washougal,Clark,Southwest Clean Air Agency,25817.0,0.0,21465.0,4340.0,12.0,0.0,0.0,0.0,0.0,,2.0,"45.63236, -122.36516",,,POINT (-122.36516 45.63236)
REG Grays Harbor LLC - Hoquiam,2013,Petroleum Systems,Other Petroleum Systems,325199.0,All Other Basic Organic Chemical Manufacturing,Chevron Corporation,Hoquiam,Grays Harbor,Olympic Region Clean Air Agency,11058.0,0.0,11047.0,5.0,6.0,0.0,0.0,0.0,0.0,First year reporting.,1.0,"46.968196, -123.853622",,,POINT (-123.853622 46.968196)
Washington Potato Company - Warden,2022,Food Production,Potato Products,311991.0,Perishable Prepared Food Manufacturing,Washington Potato Co.,Warden,Grant,Ecology: Eastern Regional Office,25915.0,0.0,25888.0,12.0,15.0,0.0,0.0,0.0,0.0,,2.0,"46.970469, -119.063631",,,POINT (-119.063631 46.970469)
Northwest Pipeline C/S - Mount Vernon,2013,Natural Gas Systems,Natural Gas Transmission/Compression,486210.0,Pipeline Transportation of Natural Gas,"The Williams Companies, Inc.",Mount Vernon,Skagit,Northwest Clean Air Agency,27886.0,0.0,23329.0,4543.0,13.0,0.0,0.0,0.0,0.0,,2.0,"48.421967, -122.21547",,,POINT (-122.21547 48.421967)
